date,Combined Equal-Weight,Combined Min-Variance,Combined Max-Sharpe,Combined Risk-Parity,Equity Equal-Weight,Equity Min-Variance,Equity Max-Sharpe,Equity Risk-Parity,Crypto Equal-Weight,Crypto Min-Variance,Crypto Max-Sharpe,Crypto Risk-Parity,Equity+Sentiment Tilt
2020-10-01,,,,,,,,,-0.015215988184475627,-0.01570747510686523,-0.024692509846236416,-0.015136407965557834,
2020-10-02,,,,,,,,,-0.021891144641811848,-0.011050552667218506,-0.03398803948700437,-0.020996813336064193,
2020-10-03,,,,,,,,,0.004360856473343322,-0.0025044685304121484,0.0028915045432137557,0.0041456844091047485,
2020-10-04,,,,,,,,,0.01790188760050092,0.03152851091164592,0.023936140783077337,0.018425424476581492,
2020-10-05,,,,,,,,,0.003591528393123089,0.011389428763030356,0.007847358944098427,0.0038823870596706375,
2020-10-06,,,,,,,,,-0.009626353837821833,-0.018860336708208338,-0.04241842790153891,-0.009621049672352989,
2020-10-07,,,,,,,,,0.0024881630094607645,0.007726511068376515,0.006514591727014176,0.0025862874991299393,
2020-10-08,,,,,,,,,0.015037245037404369,0.017542299837533925,0.025682044054498195,0.01481692642677066,
2020-10-09,,,,,,,,,0.023432526373623766,0.01300296048258136,0.05049703743956858,0.022477093364971248,
2020-10-10,,,,,,,,,0.01344768307528349,0.014912095148423734,0.021982999147394187,0.01346668533925914,
2020-10-11,,,,,,,,,0.01185566818473901,0.0060253087623040776,0.012713403749008777,0.011520768829984644,
2020-10-12,,,,,,,,,0.011390327435422478,0.009752443488009691,0.03321392179558884,0.011007269842354407,
2020-10-13,,,,,,,,,-0.004764471088864998,-0.0077539514809495036,-0.014030931358798801,-0.005163706860344264,
2020-10-14,,,,,,,,,-0.005807592202763257,-0.012316680948761061,-0.009020282361493446,-0.006249112608876258,
2020-10-15,,,,,,,,,-0.0048135694737722725,-0.0026921967894645692,-0.005746668191036985,-0.004771507929444664,
2020-10-16,,,,,,,,,-0.018634310332511863,-0.010783429322626844,-0.027114904426839927,-0.01772068789917627,
2020-10-17,,,,,,,,,0.004269494322044054,0.00618769513312115,0.012930454470218797,0.004422718436252099,
2020-10-18,,,,,,,,,0.007325791861006193,0.005183845018340155,0.019223987938466164,0.0068793560376537105,
2020-10-19,,,,,,,,,0.01499738070744435,0.02407195765633743,0.008003702491302762,0.015774942000375106,
2020-10-20,,,,,,,,,-0.022213425468937426,-0.0005174874742037432,-0.04160969938208736,-0.020776856574367692,
2020-10-21,,,,,,,,,0.054879308116212576,0.05564275047485205,0.05021401946981803,0.054946424710573157,
2020-10-22,,,,,,,,,0.02784915510130621,0.015292186225327457,0.04866930757380484,0.026857218534146358,
2020-10-23,,,,,,,,,-0.007714060513975308,-0.005964704960618638,-0.015623995193299616,-0.007615256487583841,
2020-10-24,,,,,,,,,0.01576710172702136,0.011375803183465585,0.0034909580564064313,0.015814260753684608,
2020-10-25,,,,,,,,,-0.008168543358127035,-0.010275224366293429,-0.01550983104778235,-0.008200725448204856,
2020-10-26,,,,,,,,,-0.022532438611657046,-0.007474859567070563,-0.03046533081105824,-0.02155547081553082,
2020-10-27,,,,,,,,,0.015420105915731465,0.030520355466686133,0.012563810967874994,0.016222997938012844,
2020-10-28,,,,,,,,,-0.023111708865827422,-0.02867610567927369,-0.03773386993548017,-0.023400567525828805,
2020-10-29,,,,,,,,,-0.008184334694409667,-0.00039636132489979416,-0.019504486848386272,-0.007572459521410206,
2020-10-30,,,,,,,,,-0.018665028500040506,-0.0018405532540306142,-0.015174391236896234,-0.017828211587318708,
2020-10-31,,,,,,,,,0.008407130841797849,0.011063124072181222,0.003734335209492811,0.008710828152745298,
2020-11-01,,,,,,,,,0.009479899135041459,-0.000616978627043459,0.03169318557592139,0.008256296632277366,
2020-11-02,,,,,,,,,-0.03653268886625193,-0.01951866668383461,-0.044643622662502214,-0.03552215926335753,
2020-11-03,,,,,,,,,-0.0032994927041297695,0.01983492707983506,0.016524665758944748,-0.0023526042277081404,
2020-11-04,,,,,,,,,0.004323697240461589,0.0018875364855869981,0.018547836709649875,0.00378791385983339,
2020-11-05,,,,,,,,,0.04879115808716291,0.06861190007964504,0.04189096769804418,0.050328257607339735,
2020-11-06,,,,,,,,,0.05615329796816908,0.02668246426317138,0.08242630228822229,0.05367878171470404,
2020-11-07,,,,,,,,,-0.043483015895242116,-0.042178662275322513,-0.05875077220452048,-0.04328028655018673,
2020-11-08,,,,,,,,,0.033233010250257426,0.030021326924756654,0.04548629331912326,0.03260632384364373,
2020-11-09,,,,,,,,,-0.019588407856058886,-0.012639496090213437,-0.013356764814665112,-0.019336030309165794,
2020-11-10,,,,,,,,,0.0004896625641006124,0.004169795435028783,0.0035312811005452213,0.0006838642948873491,
2020-11-11,,,,,,,,,0.010143437677480173,0.01724256806690023,0.012155763493354302,0.010428749281149263,
2020-11-12,,,,,,,,,0.0005386886858012807,0.014324598988550938,0.0013189778725065052,0.0013136789969337883,
2020-11-13,,,,,,,,,0.028636976284083973,0.020064255065415426,0.015484206675307062,0.028375864722002802,
2020-11-14,,,,,,,,,-0.015612969029313563,-0.004066611475275943,-0.019522783641279635,-0.014909636731374359,
2020-11-15,,,,,,,,,-0.016525656529147482,-0.0017707057295486726,-0.0233945822627718,-0.015279640417608115,
2020-11-16,,,,,,,,,0.046549892129067176,0.04764987686832242,0.03488679512994579,0.04676075982083108,
2020-11-17,,,,,,,,,0.05204232760453974,0.05566021576064577,0.051444140649879636,0.05242544693555781,
2020-11-18,,,,,,,,,-0.009936278849795133,-0.00809596906147419,-0.012350981319193011,-0.00942832151871596,
2020-11-19,,,,,,,,,0.005675267946849406,0.011373937088228628,-0.007665557918405688,0.006046386680156709,
2020-11-20,,,,,,,,,0.05302752846407591,0.058050153850603414,0.08567425792952497,0.05221425238666454,
2020-11-21,,,,,,,,,0.14395623030867744,0.18647791454811874,0.08900286421551279,0.1464718483123527,
2020-11-22,,,,,,,,,-0.02676237164833182,-0.026606828201031486,0.04117983978847011,-0.028475471673576284,
2020-11-23,,,,,,,,,0.12948090591086447,0.18079696934463746,0.052066046047243804,0.1329096877530783,
2020-11-24,,,,,,,,,0.1091031730000655,0.11849269003149589,0.06247141682223173,0.11171987878816479,
2020-11-25,,,,,,,,,-0.05342953924272913,-0.04472183959750545,-0.05236994389044018,-0.05247592961515092,
2020-11-26,,,,,,,,,-0.12392013507113164,-0.12158925636983106,-0.10046440772718468,-0.1241597092953115,
2020-11-27,,,,,,,,,0.023913509429615957,0.038606475831249924,0.009535005964118505,0.025399458997076147,
2020-11-28,,,,,,,,,0.05253747523602772,0.06279136978200744,0.10691965511976467,0.051558650148221224,
2020-11-29,,,,,,,,,0.019677655309619617,-0.002477405546383026,0.02240396833656185,0.018139438910514682,
2020-11-30,,,,,,,,,0.07097510416991822,0.08109395374780448,0.04852496474035252,0.07159306867788287,
2020-12-01,,,,,,,,,-0.06797176128702298,-0.05171022238872155,-0.06005792412535257,-0.06605698095476421,
2020-12-02,,,,,,,,,0.02107460233857528,0.020972566869661306,0.017600943099662505,0.021349257171888753,
2020-12-03,,,,,,,,,0.015067967051520883,0.018952447216961876,0.01816031183215062,0.01555587507808068,
2020-12-04,,,,,,,,,-0.08152350861517088,-0.051890164033559553,-0.07150911368869012,-0.07834275440276661,
2020-12-05,,,,,,,,,0.044238282876390825,0.027569199977118125,0.04476380171936308,0.04236915992312569,
2020-12-06,,,,,,,,,0.00936906866071846,0.009468206948768263,0.009709356658126398,0.008750854274296843,
2020-12-07,,,,,,,,,-0.015699276533872188,-0.008966964289472454,-0.019368694181236216,-0.014579357653749228,
2020-12-08,,,,,,,,,-0.07034257497418472,-0.0539023326515682,-0.06546592861887789,-0.06854236831107344,
2020-12-09,,,,,,,,,0.03684153008369282,0.02192208581168675,0.042402132563488945,0.0341261475934934,
2020-12-10,,,,,,,,,-0.027883689824153537,-0.018021919411544404,-0.029822451691721798,-0.026578067901876768,
2020-12-11,,,,,,,,,-0.02693740816192984,-0.013176350209218899,-0.023342762635494087,-0.02532082224923636,
2020-12-12,,,,,,,,,0.02762033983663024,0.033922471366576445,0.03891860038888881,0.028837987241779654,
2020-12-13,,,,,,,,,0.04034339937304878,0.019234375937560763,0.043299634493376746,0.037983602091940356,
2020-12-14,,,,,,,,,-0.004087447267204858,0.00040117535567724344,0.001480937432864557,-0.003531505934134841,
2020-12-15,,,,,,,,,-0.0036798828565478784,0.005547017257284326,-0.003879090233128054,-0.0019597310487457498,
2020-12-16,,,,,,,,,0.10546735210971075,0.09161939797181344,0.10097511924914834,0.10285276219470882,
2020-12-17,,,,,,,,,0.009888917234906036,0.04710030237952339,0.021748029814196296,0.013656764396598091,
2020-12-18,,,,,,,,,0.015155018381917908,0.010478168868782469,0.011440710669486534,0.015326877543342589,
2020-12-19,,,,,,,,,0.013790445494300932,0.02261012478558526,0.011379862867149992,0.015537049615022143,
2020-12-20,,,,,,,,,-0.0055759793954341386,-0.01153849377003184,-0.02111254835925638,-0.005247073409972816,
2020-12-21,,,,,,,,,-0.06155292567046387,-0.037807669340366966,-0.04384722461989402,-0.059872310581889215,
2020-12-22,,,,,,,,,0.0029169318350360084,0.02283829040219828,0.023439808278919727,0.00614276473319933,
2020-12-23,,,,,,,,,-0.16479064545891137,-0.07316614645589849,-0.09532103825741686,-0.15490226540945817,
2020-12-24,,,,,,,,,0.13088720446010557,0.05455694341731099,0.09018533746143605,0.12155851273269679,
2020-12-25,,,,,,,,,0.02590357313179433,0.03344758483088455,0.020037769336725034,0.02865257421236766,
2020-12-26,,,,,,,,,-0.0021636567802180593,0.04501186582981446,0.025364412341217224,0.0024803041832191716,
2020-12-27,,,,,,,,,0.010300683386022625,-0.0003096423634375103,0.005268176207367746,0.01078777331331296,
2020-12-28,,,,,,,,,0.026982186027916952,0.023666822282748325,0.052981216072649,0.02729533563949426,
2020-12-29,,,,,,,,,-0.021987362638587374,-0.009799325451448106,0.012891425421849555,-0.021392233483645055,
2020-12-30,,,,,,,,,-0.00791083225521614,0.03070480138652892,0.010198000853503041,-0.0037596381711762395,
2020-12-31,,,,,,,,,-0.010734631048652776,0.004111922211889689,-0.007369406663018696,-0.00995967948798324,
2021-01-01,,,,,,,,,0.011329133285298942,0.010497827442036525,0.0036584180439216854,0.009481447108800441,
2021-01-02,,,,,,,,,0.02072716260525204,0.06967155824695803,0.07817238190371743,0.028979658126897803,
2021-01-03,,,,,,,,,0.11625440576667895,0.04443132554012729,0.06431795015147845,0.11441927028198043,
2021-01-04,,,,,,,,,0.04516079223322002,-0.0019106754910533346,0.002450455349210186,0.03689403104106884,
2021-01-05,,,,,,,,,0.04535021621589661,0.037717305796749846,0.07550365277467588,0.043120406073867565,
2021-01-06,,,,,,,,,0.17477270939392503,0.07739704566953604,0.11485584079184238,0.15353701111629708,
2021-01-07,,,,,,,,,0.01246324314431502,0.04539162269991247,0.03908745772206363,0.011680830550623925,
2021-01-08,,,,,,,,,-0.007003682538939726,0.01864441113145938,0.029897014256560765,-0.004193295373591986,
2021-01-09,,,,,,,,,0.08814075491705675,0.024588189373871343,0.008015371348666723,0.08539194158108851,
2021-01-10,,,,,,,,,-0.026760593955873282,-0.023683517992550026,-0.04949065172577369,-0.024134007780238897,
2021-01-11,,,,,,,,,-0.1287050223078924,-0.0944406461541209,-0.08260782055741174,-0.12865969873349764,
2021-01-12,,,,,,,,,-0.01873015718865717,-0.039313241112862225,-0.032702306060457174,-0.02348017409530046,
2021-01-13,,,,,,,,,0.0823859488799264,0.09081525812307915,0.09731146662929836,0.08410553453242932,
2021-01-14,,,,,,,,,0.019721432969461637,0.03710737661884667,0.04382953297353017,0.024174253253669696,
2021-01-15,,,,,,,,,-0.03879468771114989,-0.046382046225997516,-0.05286253572336169,-0.03911017402347743,
2021-01-16,,,,,,,,,0.026781295053940557,-0.007208950508846558,0.01670682223346232,0.02303225437764061,
2021-01-17,,,,,,,,,0.002929735952032664,-0.01001279827360127,0.0033297664029824036,0.00030754899991927145,
2021-01-18,,,,,,,,,0.025718389419126575,0.025410546072600692,0.01647371406428992,0.026763929674236745,
2021-01-19,,,,,,,,,0.009387901143479227,-0.012790609778763028,-0.0029331200223448465,0.00842309526357786,
2021-01-20,,,,,,,,,-0.00588969894780378,-0.010821438795174169,-0.007976906781015994,-0.0066152789001732186,
2021-01-21,,,,,,,,,-0.12997330223040066,-0.12204754891229488,-0.14447836226573268,-0.13018576518322436,
2021-01-22,,,,,,,,,0.060561232008807364,0.061449367168768504,0.08228038177684895,0.061247202648585776,
2021-01-23,,,,,,,,,-0.0021043045962372054,-0.016648289041543966,-0.023475809051683665,-0.0034463227793419086,
2021-01-24,,,,,,,,,0.027888783873007285,0.012557271985922372,0.021714584450430834,0.028540890066565558,
2021-01-25,,,,,,,,,-0.022128620741430138,-0.0029336096795766512,-0.0072277951802535495,-0.020453210620189174,
2021-01-26,,,,,,,,,-0.002506439651979331,0.002871638412416986,0.007320272970059076,-0.0018563976748242718,
2021-01-27,,,,,,,,,-0.07433293275748029,-0.06196553673359922,-0.07042804141974612,-0.07331761965940838,
2021-01-28,,,,,,,,,0.09385199353492835,0.09256813501387805,0.09694655084789901,0.0918095740192314,
2021-01-29,,,,,,,,,0.02826646477641599,0.0367989797630269,0.023677413770551048,0.02856490809299873,
2021-01-30,,,,,,,,,0.07294494996215131,-0.0070254558512205505,0.004739316599019141,0.053171632296856286,
2021-01-31,,,,,,,,,-0.016892319482285013,-0.028412062284939216,-0.03703988832120335,-0.02026151945573683,
2021-02-01,0.010204431715737181,0.0017873350610353037,0.020482336306124012,0.008671617334246434,0.008517686014717273,0.0012388587404537866,0.014079642378313403,0.007724993274205844,0.018638160220836718,0.01971296938997296,0.04343663535054301,0.020461348432684382,0.014458617687328913
2021-02-02,0.021403561784053605,0.007369336922773731,0.041301451423828364,0.01822225545784885,0.017473889706152945,0.006843959423317121,0.02186162614639758,0.015527275305824189,0.04105192217355688,0.04323016572247836,0.07728939515088905,0.042074214903852276,0.022354044391144478
2021-02-03,0.009427809957152512,-0.003966584653049633,0.02326904337833054,0.003994374861418301,0.0019027846101926735,-0.0031834018392048217,-0.010866690085106427,-0.001686618434060723,0.0470529366919517,0.045047215096874,0.06772912385058352,0.04787892616999302,-0.010174333519232467
2021-02-04,0.004677017929212065,0.0018670482095433025,-0.013050287245928834,0.004489913819902873,0.009138734300265725,0.001966986633829149,-0.010756923582687058,0.0072730579071785635,-0.017631563926056235,-0.02177220078653344,-0.023637455306454364,-0.02009638749549083,-0.010770833305071554
2021-02-05,0.01929836944865081,0.015213074323968963,0.02933385108111724,0.016363750333241566,0.006317001689045663,0.014844544832751692,0.0014226770585759956,0.007846118848022129,0.08420520824667656,0.05852423920111694,0.07416066431809856,0.0813201527238536,0.0007056780582160273
2021-02-06,,,,,,,,,0.02224549467936311,0.01562701480759238,0.0267663376053618,0.01863396321955328,
2021-02-07,,,,,,,,,-0.0031776159818694086,-0.0064934347867939965,-0.011663361113256781,-0.004282821044367011,
2021-02-08,0.02434997490930227,0.0033164726550724715,0.1014717388557217,0.0185058337409414,0.013036997474039065,0.003293013964510364,0.027829013350566215,0.009986053279386349,0.08091486208561834,0.15011220153849414,0.12307942532969225,0.09058297757161156,0.028225102303374078
2021-02-09,0.008633479616969735,-0.001765321042080489,-0.002713312485224637,0.005355986096171821,-0.0027438667563593655,-0.00141485852337209,-0.0186791480805886,-0.002788086638489981,0.06552021148361525,0.05013097507616903,0.011438784650967902,0.06610967335211224,-0.018201614128922263
2021-02-10,0.008348949512855613,-0.006356371409991079,0.001629356359817398,0.004391486610341623,0.0014557026145883098,-0.00668116189454746,0.006985195971645665,1.7212769043915257e-05,0.04281518400419214,-0.00781746552333972,0.019446904601551882,0.033429860325506,0.007578870772176294
2021-02-11,0.012119537999230363,-0.004533228235205381,0.05099356681190221,0.008179672253719517,-0.001030383556659906,-0.004739578018193008,0.0023671207056199725,-0.0012840088333748998,0.07786914577868172,0.10838777875124908,0.041924357960813445,0.08214891420629872,0.003510644546329566
2021-02-12,0.012771234706878482,0.00437841961544849,0.022997969419225734,0.009318076992463028,0.004467629428637099,0.004429854911555205,0.0005621241789607163,0.003942206676813344,0.05428926109808539,-0.0052495706194611936,0.013211689716875405,0.04349385364482795,0.000133748933558008
2021-02-13,,,,,,,,,0.09582165507240964,0.0715135582459801,-0.01109461409674259,0.09606802548993944,
2021-02-14,,,,,,,,,-0.029392275423807516,0.0019678880838897815,0.004216981110044321,-0.0243385972531123,
2021-02-15,,,,,,,,,-0.0442129748696292,-0.0428585668676437,-0.012206950855611956,-0.04424331563497882,
2021-02-16,8.878331594455713e-05,-0.010127825843383264,0.011965087397398226,-0.002748366358973031,0.0005560289992204572,-0.009705146427731877,-0.0015729897473434951,-0.002920301314340188,-0.0022474451004349414,0.018410861867807042,0.013420257839869486,0.0010531198783257983,-0.00038654488172831385
2021-02-17,0.00907787279586501,0.006026719543337013,0.02052733998404002,0.007284652571986966,0.002470031678470779,0.006290960389089065,-0.011639242663206215,0.0026031441125598876,0.04211707838283616,0.0498906801513205,0.04582523201988768,0.044148802076265925,-0.01175336756661159
2021-02-18,-0.004446512107421033,-0.007523978443829951,-0.004197819860228813,-0.003512688773346927,-0.005919355778125219,-0.009093162179732177,0.00044927893449667227,-0.0044398956899337075,0.0029177062460999047,0.00017027997631688645,0.0177401475383973,0.002835462006607885,-3.076869846247806e-05
2021-02-19,0.009084852155601876,-0.00807282258132545,0.040038094770581845,0.0041930260497167375,0.0011058595895655542,-0.0077073155485909385,-0.0003958752211241778,-0.0019135645087672258,0.04897981498578349,0.07876312973529198,0.044931057302031105,0.05276839164814021,0.0004971019832128124
2021-02-20,,,,,,,,,-0.017299540561226037,-0.012004109161391979,0.01797568039333789,-0.01754543615677217,
2021-02-21,,,,,,,,,0.024297174916646205,0.027993746507005885,0.013300974280494841,0.02453110162763899,
2021-02-22,-0.00868332831267409,0.0009766871476264898,-0.04571336754281142,-0.007059191131896552,0.0021419187071920528,0.001477966227910293,-0.015936893231360764,0.0001855234623798662,-0.0628095634120048,-0.07162302439948517,-0.05951639765283366,-0.06628088896666326,-0.01642883322242896
2021-02-23,-0.02610771316507361,-0.006774190099202755,-0.07776698947968824,-0.018824697387209946,0.000247470338147786,-0.0069378553578621095,-0.00932187737963878,-0.0008434977957703977,-0.1578836306811806,-0.13014091571975575,-0.11273926379210249,-0.15436645887047873,-0.009360410344094253
2021-02-24,0.01875870301090632,-0.0006615250099434813,0.024009665347274455,0.012991273329062948,0.014576435503532909,-0.0006860345430731345,0.013551916391677023,0.009633992293196364,0.03967004054777338,0.032999374683522646,0.03608113245822006,0.0386082019230326,0.01428546944235123
2021-02-25,-0.024130059591711495,-0.009064950782332711,-0.05670240544910012,-0.020438178652098394,-0.018364899811465815,-0.009023800098071286,-0.02995484706974942,-0.01611815323098639,-0.05295585849293988,-0.05741688127017255,-0.058905181213191334,-0.05384175995411057,-0.03139796158439788
2021-02-26,-0.010366431104046591,-0.01742932126630513,0.008946288573000304,-0.011889709018296554,-0.012928311779984667,-0.017548812709713296,0.00012169051750457074,-0.013220648978726851,0.0024429722756437815,-0.014806406663590291,0.004372580174461841,-0.0024034752221875396,0.001284606051037662
2021-02-27,,,,,,,,,0.030875544497424058,0.010529831321276124,0.013140198022769568,0.02641494465244904,
2021-02-28,,,,,,,,,-0.04371588305482724,-0.03088778583028065,-0.02586361634387295,-0.041504972333779575,
2021-03-01,0.027648109503017663,0.009422883428353578,0.05020826454362149,0.023621411192336256,0.019963326496913788,0.008972522568562492,0.018111272430074685,0.01807831134628467,0.06607202453353705,0.08288744620664616,0.05848505226019995,0.06872260356782013,0.017964548229190885
2021-03-02,-0.004995095667853328,0.005423865185612454,-0.017347043202585795,-0.0031910049761019327,-0.002791341663546041,0.005342680523986822,-0.006611425197860285,-0.0016235253084182879,-0.016013865689389763,-0.023867293728652053,-0.03662071885914953,-0.01664421816445495,-0.007320262281181844
2021-03-03,-0.0003332089387182882,-0.01227901834838838,0.010554180699764793,-0.004458856863121626,-0.007037085444928419,-0.012285264374401986,-0.02080206979801176,-0.009658638820100172,0.03318617359233237,0.04218074211684801,0.026138627328724375,0.0353878220700453,-0.020890171190404767
2021-03-04,-0.009153766461762134,-0.004561397550171815,-0.030788969449425378,-0.008711197098237823,-0.007899217627752664,-0.004068964685200839,-0.018985374382497946,-0.008187802714733867,-0.01542651063180949,-0.023660327805150753,-0.05435601527455809,-0.016914321702905678,-0.019013233011739007
2021-03-05,0.013226334721981788,0.014537912578328661,0.016355296051223295,0.014142469873551273,0.017580768996769722,0.01469118856914648,0.013199401728103155,0.017044225929082477,-0.008545836651957895,0.0015955715091834596,0.021652942995509912,-0.0069933177704654915,0.01367303665557777
2021-03-06,,,,,,,,,0.009728254619080622,0.0012900134655539099,-0.006210968468471938,0.01024364106725397,
2021-03-07,,,,,,,,,0.028383768233542828,0.03985211197396057,0.029826066625447227,0.030329132864617827,
2021-03-08,0.004461557087061157,-0.005039393195533382,-0.0025202562656071216,0.002503248483273604,0.0018204582191550921,-0.004952285362728291,-0.026902734924302625,0.0003035311742644532,0.01766705142659148,0.018695445431213212,0.011038659176669467,0.0186827470400524,-0.02728185395644949
2021-03-09,0.013254338704809365,0.007069667112012485,0.034414219669707716,0.012227083474871564,0.007318624501726561,0.006950284631403102,0.01715145877802203,0.008516262504303115,0.042932909720223386,0.044515257882607615,0.05431519232326524,0.04293487586487513,0.01797157865039023
2021-03-10,0.003480025766252346,0.008240229614464103,0.0021473567901440995,0.004290676782812923,0.009821255768227701,0.008742953130557802,0.001336354093253478,0.008251746866129454,-0.028226124243624442,0.0022009729892324154,-0.009494630632747539,-0.024272163809694856,0.0016647665223149218
2021-03-11,0.004812708500153618,0.0010214367442229757,0.016529200763979585,0.004557746206565869,0.00529644073907005,0.0005123858178590851,0.01633212521016135,0.004826234689024867,0.0023940473055714564,0.021869756065042104,0.015535510945420621,0.0052431466071752395,0.01651254197390902
2021-03-12,0.0025552918773153036,0.004168642502099673,-0.011398408890396622,0.0033902331736405493,0.007082392417840365,0.004604001112144505,0.012931051961313103,0.006209174267093889,-0.02008021082531,-0.0171113943978386,-0.03504715861827885,-0.018500409986582204,0.01272737720017136
2021-03-13,,,,,,,,,0.07880501646479617,0.07470202569979886,0.0671438603917623,0.07917750100523946,
2021-03-14,,,,,,,,,-0.04799197369537732,-0.03652162843084206,-0.035141678583453115,-0.046867756594099245,
2021-03-15,-0.0011713058424096998,0.013703245835055023,-0.032749394064239774,0.0027781827661804534,0.005841980012247008,0.01391708076537832,-0.005896704375626397,0.007756697000654563,-0.03623773511569324,-0.04598325862823525,-0.04321864444967084,-0.03808691337501663,-0.005228242009828446
2021-03-16,0.007015489487125954,0.005417904743731139,0.02928700869847681,0.006678324162638497,-0.00020791992646234755,0.005204227069182662,0.0027798637646904443,0.002338622288011534,0.043132536555067456,0.028513569654008426,0.08486349605435681,0.040279220535537494,0.002505850045414612
2021-03-17,0.006925596336963362,-0.007444473992466928,0.022862963530835764,0.003420031967346273,0.0021785532396102394,-0.00799694247232266,-0.001310149983855037,-1.8907500262582187e-05,0.030660811823728977,0.03757586092734707,0.061419033412659446,0.031033106720235498,-0.0007860715728937641
2021-03-18,-0.01504850789771685,-0.00697979499706503,-0.019889666157469656,-0.01267777927335485,-0.01347521339947774,-0.006893188761487548,-0.011299117843787367,-0.011636305611949243,-0.02291498038891239,-0.02058702712809721,-0.04884288250110952,-0.02269239819289448,-0.012047553795151664
2021-03-19,-0.0007063611481626301,-0.0015518325136082657,0.007720038980706396,-0.0013267010608710352,-0.004686513277944682,-0.0014642805802097705,-0.0031031822315360454,-0.003947604849726837,0.019194399500747632,0.02328871560713832,0.025074265800965966,0.02024364888949081,-0.0031795451883504865
2021-03-20,,,,,,,,,0.01827007279656291,0.006451671896820348,-0.027823257046804634,0.015418271610836304,
2021-03-21,,,,,,,,,-0.01614450250996269,-0.007885068103444632,-0.013869099583674887,-0.014852796381285605,
2021-03-22,-0.00010487066879600693,0.008683607899812477,-0.02343237642240529,0.0028934750293810045,0.005873122338467358,0.00886949837536605,0.010059148052253985,0.0071492961518991845,-0.029994835705112837,-0.04768371494917234,-0.05764173893452022,-0.033326989133713104,0.01035097397830325
2021-03-23,-0.0055651151834878385,-0.0007824432023762656,-0.0005537576718388001,-0.004305334749663188,-0.008100983457706074,-0.0006763682061010516,-0.00958010023842001,-0.005749280487916932,0.007114226187603334,0.004461602538809638,0.005484997335090378,0.006447961389993072,-0.009957308009961413
2021-03-24,-0.013883901971090518,-0.005776293744382968,-0.025000484562373422,-0.011510009993072319,-0.003305425688800321,-0.005663169076098628,-0.004867954767366675,-0.0046071412623619355,-0.0667762833825415,-0.044518353994532175,-0.03908631633075115,-0.06335220682439507,-0.005147431759838809
2021-03-25,0.00575361294981287,0.002132463880265898,0.0010076847785195696,0.005085225984582297,0.007122806063378129,0.0024334841611476014,0.0083030678808774,0.005934183299154307,-0.0010923526180134256,-0.014639345659066206,-0.001947585328919815,-0.003268532887721035,0.008162950021186992
2021-03-26,0.03094468102817685,0.017961470324270288,0.05204989686842042,0.027303232546942294,0.019635042704920398,0.017449982712043698,0.025994039064156874,0.019449347930593705,0.08749287264445915,0.08552411966716249,0.07972069049091444,0.08755771805172752,0.025948531423954004
2021-03-27,,,,,,,,,-0.008717834840823146,0.0051305394432563,-0.0024575391184565084,-0.0067019261181204565,
2021-03-28,,,,,,,,,0.004100426246299149,0.0003044222376326085,0.003282297865802964,0.0026883923929299025,
2021-03-29,0.00720851876096163,0.010849831168402015,0.015943957649686147,0.007305683758220401,0.0011022909356362366,0.010848246677744254,0.0058648378935424504,0.003402368944099375,0.037739657887588596,0.031926227259743666,0.027019134575720628,0.038198490625617094,0.005813930033430368
2021-03-30,-0.0005418116981099119,-0.009326265934458712,0.008857685421723691,-0.0029134059186548896,-0.003326924065019588,-0.009350559177143912,0.006034337454031872,-0.005031144783968459,0.013383750136438466,0.020229758048537178,0.015604580980224797,0.014699283751129145,0.005815820961705319
2021-03-31,0.010304119991946515,0.0005186610535593697,0.0009513428029391567,0.007801682972953047,-0.00091454863134901,0.0007244874712149374,0.0019403919516491031,-0.0003246879603864631,0.06639746310842415,0.07098986158749944,-0.0032195878577974185,0.0692862858486041,0.0027421796338001334
2021-04-01,0.014672578757863942,0.00724264135702576,0.00451858684783594,0.0122744777209268,0.011919235422437929,0.008333384240103539,0.008005998368747847,0.0111873372995194,0.028439295434994006,-0.006643835078719268,0.003071913916926431,0.024862353838729347,0.009999273023486186
2021-04-02,,,,,,,,,0.05350906897952605,0.02348572668376267,0.020036673054430888,0.05152720308738748,
2021-04-03,,,,,,,,,-0.05050095907334438,-0.013924668343161044,-0.026265857490676427,-0.04679242188884224,
2021-04-04,,,,,,,,,0.08008234444670534,0.06690021446718317,0.031425806574825174,0.07925171700543701,
2021-04-05,0.023081966962157613,0.011809149226111176,0.004444369340130265,0.01704812901133078,0.005203894475596236,0.011468798732858184,0.003984066035167861,0.008090222204570691,0.1124723293949645,0.03563931721961737,0.016547926743501244,0.09800923813878565,0.0064029707152722885
2021-04-06,0.0059664400990261214,-0.0013402830622907013,-0.0027766092519601352,0.003183089904919766,0.00031178142225714674,0.00020512274197049735,-0.0015838766450649243,0.0004881030820912291,0.034239733482870995,-0.008582587766492365,-0.001711385751077735,0.028218535544089964,-0.001272644549492224
2021-04-07,-0.013625912450554611,-0.002784028707522439,-0.01649312442352434,-0.007989343354604984,-0.0009843279076349229,-0.0008179668188123375,-0.002811915869708141,-0.001206983730270226,-0.07683383516515305,-0.04734922316157493,-0.05190619081505785,-0.0721430160264504,-0.002091266950366993
2021-04-08,0.010035511307399434,0.0012574042717666558,0.016081225649474923,0.005274003876648984,-0.00125898675424055,-0.0004822565648844059,0.001615932003358117,-0.0010642740748782965,0.06650800161559936,0.05491557929961716,0.04722010140840075,0.06439267094171237,0.001249444929944791
2021-04-09,-0.002264637608147718,0.002724630569392965,0.002019958874750327,-2.981792366335285e-05,0.0025702524318601074,0.0037378908805260017,0.005009471487491544,0.002701853453535137,-0.026439087808186844,-0.014985679186921005,-0.007297061507908883,-0.024891807638088764,0.004248659319371249
2021-04-10,,,,,,,,,0.10208440271596672,0.05097522099919239,0.03144598091268209,0.09300860736807054,
2021-04-11,,,,,,,,,0.01134172738606192,0.001787495950982798,0.01239344669219117,0.00960179441255549,
2021-04-12,-0.00014566428523633715,0.0021785636624598904,0.004788184297045152,0.00032830984045023495,-0.0004073299999306901,0.001323369341179824,0.002127244853228083,5.316868426517034e-05,0.0011626642882354276,0.0068301476352106375,0.006977220433664367,0.0003772665960936729,0.001878640013258332
2021-04-13,0.0197269451628339,0.004429092383592364,0.019671892705832247,0.012753913920160172,0.0017323719424837077,0.002123518803411363,-0.004364120261127798,0.002848481788666012,0.10969981126458485,0.08058374248544094,0.07014508503853505,0.10530976990028937,-0.002501659692691904
2021-04-14,0.007179858177289758,-0.0032143947816893875,0.0009826881841567155,0.0026888598274850215,0.0033581112989769886,-0.002660336772587598,0.001629709582662016,0.0004056633887422213,0.02628859256885361,-0.004735818999630679,0.010012404110363415,0.0247697235642542,-0.00022469220672690772
2021-04-15,0.018026410097255228,0.01015861207696405,0.009049806203217164,0.01637168216412075,0.009449393897939496,0.007366012364920298,0.006392687623509939,0.01113994815378961,0.060911491093833904,0.052276343828781685,0.01651054998431304,0.062068535111433926,0.006839575813982427
2021-04-16,0.010810640530123875,0.001813631119864671,-0.012455144659722577,0.007902071591786037,0.0028414438132387267,0.0018873089399729945,-0.002476389666230185,0.003176732478074671,0.05065662411454963,-0.002186684137270095,-0.03273174940186606,0.04872904079904531,-0.004407455434253104
2021-04-17,,,,,,,,,-0.03176555482050418,-0.0163149183899752,-0.01948786484756727,-0.030920821785957512,
2021-04-18,,,,,,,,,-0.07403361917153414,-0.07467793295137735,-0.07185644360387851,-0.07333498841101216,
2021-04-19,-0.013429808386374403,-0.0027094655521514447,-0.007174668766601653,-0.009061677167559085,-0.0035293475918233945,-0.0011065106032393701,-0.0013203977958114426,-0.0036909593646281273,-0.06293211235912945,-0.032997736358042505,-0.02662264005262443,-0.059233578159530904,-0.0024707589299805374
2021-04-20,-0.0017194123355581932,0.005492501536616142,0.0009864376642282821,-0.0008050585460678053,-0.008747199313497123,0.005407370302917272,-0.011205421899475215,-0.00414347004405382,0.03341952255413645,0.018232542915498678,0.03213459633530131,0.03151313743657721,-0.008547995722870481
2021-04-21,0.0020527523406248726,0.0038245500913585834,-0.0054797993035794485,0.003664827729832792,0.010748101009074381,0.005090447032344579,0.0117901055359861,0.008380018114351155,-0.04142399100162268,-0.05018112694871022,-0.03847355080344548,-0.04066978174617152,0.00872220808088093
2021-04-22,-0.01619857718772049,-0.0020464141774785456,-0.021852576896871204,-0.011591511364340421,-0.009628306971395235,0.000327933422052751,-0.011879273049201725,-0.007744434261653961,-0.04904992826934679,-0.04669923572042566,-0.037217141675880576,-0.04671547931512722,-0.0076562892622888045
2021-04-23,0.004644271415590373,0.0025153679454817173,0.007050889903853052,0.00472402116726807,0.008856224632086745,0.002683824579195966,0.010365864461329376,0.0068585354197706365,-0.016415494666891482,-0.011892290637096953,-0.008809451962150269,-0.016907687518369196,0.007559986653989833
2021-04-24,,,,,,,,,-0.06806209030471672,-0.03648270690815208,-0.034849632482794456,-0.06487361973591461,
2021-04-25,,,,,,,,,-0.009028471809759443,-0.017690482403653826,-0.008878749291306146,-0.008823150286153637,
2021-04-26,0.026003937241607527,-0.0030569738186737106,0.03862662986750498,0.013164537506149314,0.001031024202245785,-0.006306343217653173,0.006748703912906565,-0.0008183767561566075,0.15086850243841624,0.12211405235577827,0.11312336092649256,0.14491325265834748,0.004826682376760565
2021-04-27,0.007995005006577837,-0.0038229402121552005,0.015937705189923032,0.0037795443339641017,0.0010263258205212857,-0.00500012613679889,0.0034550979021765707,-0.0002718734755252338,0.0428384009368606,0.03076964107965491,0.033717633549435584,0.041895078524507016,0.003030037204118795
2021-04-28,0.0006928192729146093,-0.0008496371892934276,0.004746438121514132,-0.0012285886725066984,0.0005173149641775312,-0.0003389164476933839,0.00458104545274893,-0.001359037376055931,0.0015703408166000024,-0.003349016894309889,0.005336867924427082,0.0021138527375875373,0.004196063089920582
2021-04-29,0.005640496360681096,0.006782356803527132,-0.002601561576198356,0.006240208065069201,0.008854898351562737,0.007577165808520426,0.007219142924499766,0.007986032514996216,-0.010431513593727104,-0.018507554036699164,-0.017542671389577588,-0.01145969399162769,0.007249872767441192
2021-04-30,0.007084977550949063,0.0002022784589303835,0.01725416795176306,0.0030508408299095746,-0.006729647523317546,-0.0013655494008663449,-0.006614935392483079,-0.004682622682038322,0.07615810292228212,0.07762604119483742,0.06020683642389603,0.07491530754522478,-0.007116310934396279
2021-05-01,,,,,,,,,0.03980355255574375,0.0254331944275462,0.03050955945835115,0.03797966191284879,
2021-05-02,,,,,,,,,-0.014599904851997027,-0.01716147898439461,-0.01679189693374285,-0.015231278126809581,
2021-05-03,0.015444054543423336,0.008258006338068896,0.012764194456561486,0.010400533749395036,0.007437644948144481,0.008008061834863633,0.007161215149255184,0.006348144866025569,0.055476102519817626,0.03629600452838818,0.0508218067463642,0.05715179059760709,0.0032053174193918234
2021-05-04,-0.005648499007211,-0.0062196203091689365,-0.014431227333688705,-0.004871198578137445,-0.0023142375990448214,-0.004818468264007993,-0.0002406853293054343,-0.0036933921677337433,-0.0223198060480419,-0.0312620237589367,-0.03614160674620882,-0.02212297972836126,-0.002752381126918592
2021-05-05,0.043723330868181844,0.004621758207142442,0.02820627027387927,0.02053393420548099,0.005992361499102263,0.002007528119790412,0.004721085863929836,0.0032474030923310827,0.23237817771357977,0.11938153380074794,0.13171449956899825,0.21919564582082687,0.00427246213011217
2021-05-06,0.022550097273660648,0.007474664097438002,0.009195612367998738,0.014362623378439705,0.008050152328450045,0.007234275104500182,0.005527178426053233,0.007971160408300237,0.09504982199971371,0.03426684537792884,0.053956445552587336,0.08665859055907461,0.006754437296133628
2021-05-07,0.001800001640671186,0.0015219987405122334,0.008957721744025496,0.004284379568547095,0.009636659392556049,0.0014316640527313055,0.009954423002721396,0.007631516671397056,-0.03738328711875315,0.0001228375841372961,-0.0031616392584021065,-0.03300993102186083,0.0088221773531085
2021-05-08,,,,,,,,,0.01505247076056373,0.027146098669778167,0.02689752860630802,0.018501924072513398,
2021-05-09,,,,,,,,,0.01695799459749009,-0.009196488151460616,0.012426301923673297,0.01602060454009635,
2021-05-10,-0.014161891036241457,0.0038868012313963496,-0.015456094086412141,-0.007040922237935028,-0.0043271232369361135,0.005019503008275202,-0.005052858138863865,-0.0021713526280204938,-0.06333573003276818,-0.050963735873971565,-0.052246690043869094,-0.06267084529598212,-0.005871606423325277
2021-05-11,0.012826295389902966,-0.006981471846654315,0.00011334169043918264,0.002134795920046962,-0.009261384465219461,-0.008327973610499166,-0.009777634393166017,-0.007401724297264139,0.12326469466551512,0.03079535346463437,0.04551436642655296,0.1128613978091496,-0.009420655158008898
2021-05-12,-0.04312851663134941,-0.016091311036571257,-0.041256289653041706,-0.028595910362638755,-0.01593679259010353,-0.013886708620828456,-0.016762282592090522,-0.016428246093283295,-0.1790871368375788,-0.14229874910035017,-0.13484503040177234,-0.173696663815527,-0.016537415129646713
2021-05-13,0.01742943796387151,0.012490800378403912,0.025696759653161465,0.013658203100894228,0.008494958615479204,0.012251566788496345,0.011967000059318224,0.010138569183632514,0.06210183470583304,0.02563549573127879,0.07119473201534156,0.0563765070669651,0.01051839444422334
2021-05-14,0.020617598770978456,0.00314191628826427,0.00981158188886067,0.013905486266418774,0.013989839118725322,0.0030277425253675844,0.011747257159615769,0.010771289358549745,0.05375639703224409,0.030008463702293577,0.04411905037984527,0.05177789917546244,0.01217434376877574
2021-05-15,,,,,,,,,-0.03983153713712915,-0.05842681275167617,-0.028094495645168752,-0.04515473496569551,
2021-05-16,,,,,,,,,0.0028746940214076752,-0.00498635850146928,0.006808339364847156,0.0012843695733481561,
2021-05-17,-0.00844274429178517,-0.0019284910185754418,-0.01467416371982904,-0.004096981552587568,0.0031098894478385737,-0.001022303837166634,0.0039356457220411385,0.0011617692613589065,-0.06620591298990389,-0.06399394602907352,-0.07229236234825581,-0.06723132555915955,0.0045936310122533216
2021-05-18,-0.0043586035107385755,-0.0035275066035831038,-0.00801251004850919,-0.004536406666461334,-0.008646340971441622,-0.0036602917133428956,-0.008460813709174243,-0.006108792307090168,0.01708008379277666,-0.007513197132833886,-5.3534555936428016e-05,0.014642076993401434,-0.006663082295450198
2021-05-19,-0.05502496853780313,-0.004097662099086598,-0.04171164386808868,-0.025876223767166966,-0.005355264782657149,0.00037074609076665567,0.004529578757032691,-0.0028904159298765155,-0.303373487313533,-0.18452576207779664,-0.22393792452941302,-0.29067595984857353,0.005500130254270913
2021-05-20,0.0316634356068711,0.012204844653647417,0.03455953588809926,0.02033983422076233,0.008595708763838073,0.010249191568450468,0.009054498131184304,0.009883151445825846,0.14700206982203626,0.12369673798414839,0.14714412498014062,0.14537884642386883,0.012151384113247682
2021-05-21,-0.021497824737603276,-0.0036899529384446573,-0.021484572056222687,-0.009920706446774633,0.0023746797752530234,-0.0018347370278580775,0.002478899896647555,0.000709436212098333,-0.1408603473018848,-0.0990927230077331,-0.11590084624246685,-0.136002293682355,0.0020268379654054874
2021-05-22,,,,,,,,,-0.06160251327788788,-0.012670589711129412,-0.03458919207480709,-0.05553004884510635,
2021-05-23,,,,,,,,,-0.1129073822434224,-0.08615603711480772,-0.09021175759893559,-0.11106555347415324,
2021-05-24,0.047287331314570705,0.0016869445134674282,0.0368497749595752,0.023383184490933302,0.006160084121522577,-0.00131841183803785,0.00916928680272834,0.0045468719065133835,0.2529235672798113,0.16136665275930007,0.18613575698101653,0.24415418216964124,0.009589907027175805
2021-05-25,-0.004097105160568199,-0.005509800040590504,-0.004267414587048371,-0.004160135139249434,-0.00548226486313403,-0.005485892901478819,-0.004761135461014983,-0.004793138730142337,0.0028286933522609597,0.0028142178515991397,0.006126762845187617,0.003632308888641895,-0.004226287235005577
2021-05-26,0.014872081029443268,0.0019935241644228434,0.01705638120716807,0.007586899854816783,0.003712752675729429,0.0010090082080351874,0.005786675798928442,0.0024638040557298166,0.07066872279801244,0.036001660772599066,0.06438588236932676,0.06833206810766992,0.004730741580041567
2021-05-27,-0.003959701442402557,-0.00500182375144156,-0.006056214085813777,-0.0028066922528396506,0.002493264197657326,-0.004427018670887731,0.003166064143600984,-5.7360593398316425e-05,-0.03622452964270197,-0.03314343118217102,-0.04750479553057747,-0.03543786224727643,0.00010676230766226854
2021-05-28,-0.011492925379301376,0.0003337169820192905,-0.012261416159431575,-0.0035942223724916254,0.002936812078919124,0.0016966765254900317,0.007031611302872523,0.003203099533441397,-0.08364161267040388,-0.07694301512027389,-0.08260881728096467,-0.08422999081973725,0.008565188678197257
2021-05-29,,,,,,,,,-0.05675666284012572,-0.03798237254742305,-0.0501024013018492,-0.054353535879679914,
2021-05-30,,,,,,,,,0.04599013554369838,0.037564112268772674,0.05976161547581502,0.04514954693297289,
2021-05-31,,,,,,,,,0.09017948488864361,0.057898480123423066,0.08343572213196448,0.08697409253500617,
2021-06-01,0.0019320991050394568,-0.004228962824219829,0.002980875274038142,-0.00019215809325828182,0.006155867931106327,-0.0042534465186989485,0.009561799045698628,0.0009329923404891616,-0.019186745025294896,-0.017915710858862705,-0.01743746897269345,-0.019075869223518588,0.008860010074188933
2021-06-02,0.005887695082374622,0.0011473136455106743,-0.0016505780375426124,0.003990116793106706,0.003927973385446996,0.0009086162461674756,-0.005751315918046282,0.003051254474599084,0.01568630356701275,0.023681168521090392,0.013636653722831328,0.01708011351893381,-0.007142841846284967
2021-06-03,0.00697570170959455,0.004421270449554848,0.00795029718608885,0.003942476638674573,0.001535642621894657,0.004013152375450656,0.00469480551261408,0.0019153054762717611,0.03417599714809401,0.04482127862451276,0.04189365073621052,0.03636625790110399,0.004893595138023948
2021-06-04,-0.006163965303206661,0.006039973291156057,-0.003096560584122349,0.00239156520915437,0.00663026846810969,0.00621668764147799,0.007045160289556067,0.006795584349415242,-0.07013513415978842,-0.059733691610100344,-0.0677714281624866,-0.06852786173531145,0.00878638572008354
2021-06-05,,,,,,,,,-0.03151695830923769,-0.03418152820261473,-0.029022435815799046,-0.03137996525383607,
2021-06-06,,,,,,,,,0.017874280878071483,0.011662391856255295,0.01510279096512731,0.017616091597274397,
2021-06-07,-0.015368342643534448,-0.003427447397388505,-0.009184127249224044,-0.005993842732818569,-0.0019190242636381518,-0.003654021133666783,-0.0007679700289609028,-0.001459286520523394,-0.08261493454301594,-0.06346028141951156,-0.0728044706356517,-0.07917075062883205,-0.0009577718842488206
2021-06-08,-0.0023711545670709777,-0.005284130664309802,-0.001677564703036898,-0.0037402464739294938,-0.0026256523440645065,-0.00531155941011374,0.00014729308281926856,-0.0039052658646855894,-0.0010986656821033386,-0.0036881169430069394,-0.0005458985704499868,-0.0016313939164402914,-5.267804058908022e-05
2021-06-09,0.0073027072576986665,0.004811913678535903,-0.0056300847684082975,0.003200394868110209,-0.002621494186845723,0.004739690443146395,-0.015517831855496753,-0.0002595265221070318,0.05692371448042062,0.10074358766520176,0.051735602864375375,0.060811003109677776,-0.016602168002894126
2021-06-10,-0.004799715458690142,0.0075468707429189475,-0.009445592398294244,0.0025916683358573334,0.003598385643246949,0.008004997355835578,-0.0034175423843829413,0.00547416203682292,-0.0467902209683756,-0.023765045407198395,-0.054772333928512426,-0.043978296115482714,-0.0032106958722990914
2021-06-11,-0.005929566468440189,0.001211136227652982,-0.0034214956642464687,-0.002227994706572471,-0.00019304660451298513,0.0019512801956129535,0.0007352108525744898,-0.0003531136540776534,-0.034612165788076216,0.0046811012770188775,-0.04019161091613652,-0.03106633976450514,0.00117436528059923
2021-06-12,,,,,,,,,-0.006108771207590479,-0.03725744405830914,0.003410879008022159,-0.008820913635929913,
2021-06-13,,,,,,,,,0.06060711073488845,0.09145400043315391,0.06225000816593534,0.0636567006585093,
2021-06-14,0.0007492351693836757,0.0008785334439084797,-0.005201501532596129,0.0005524397796953143,-0.0015218262616063984,0.000519554438641419,-0.008134790220011637,-0.00018537384344478297,0.012104542324334043,0.02526304965848048,0.010228246912165522,0.013510867702127763,-0.00795051990745966
2021-06-15,0.0008401618357091983,-0.00470294016143377,-0.0030194134463966496,-0.0021823759891713454,-0.0014924320060200657,-0.004630244489227291,-0.0058693234413787244,-0.003161839911207761,0.012503131044355522,0.007369545342943151,0.012286232209352774,0.012571058103491562,-0.007221198389138804
2021-06-16,-0.01824447264472362,-0.011662586551996885,-0.017125330105117492,-0.012740874249505851,-0.007942953726279381,-0.011219896868848066,-0.010516040685067948,-0.009374125446456404,-0.0697520672369448,-0.05621282690449102,-0.07191000213805908,-0.06852631533217816,-0.012017487775281612
2021-06-17,-0.005570700136612286,-0.00020317759893982232,-0.013261398789053164,-0.003724209174279494,-0.008628992318018565,-0.0005651807444163137,-0.013898720846200675,-0.0046320922519654684,0.009720760770419102,-0.0039187736950591235,0.0007473636773774489,0.008652761608484733,-0.013166254022463969
2021-06-18,-0.02218297042893265,-0.011722931885011618,-0.012584637238740743,-0.016587428113840032,-0.015075440337741249,-0.010876744682152792,-0.007113874897153179,-0.013990493369416433,-0.05772062088488967,-0.058620729863929626,-0.05071993601723424,-0.05774531112014423,-0.006128624911722934
2021-06-19,,,,,,,,,-0.020498713298390713,-0.007814437046114479,-0.01980689210958683,-0.01900063187623848,
2021-06-20,,,,,,,,,0.011456111133318935,0.005901530226819192,0.018061310271246737,0.011205831893008012,
2021-06-21,-0.017547477815348333,0.009961498983512446,-0.0016984349500514632,0.0031327621252944496,0.016981836922855053,0.01067566036916201,0.02068771825161074,0.014528450482955512,-0.19019405150636529,-0.12468591059039444,-0.18207086702431258,-0.1821975819551104,0.020050746934767334
2021-06-22,-0.004652135019746895,-0.0012318577303866362,-0.0017323834092332615,-0.001361507131182853,0.0013849084679286628,-0.0008397203610746143,0.0019463935711041436,0.0005425663866963423,-0.034837352458124686,0.016951347635013773,-0.029248106817606524,-0.028522618545700963,0.0029027291963887934
2021-06-23,0.0114251516164361,-0.006830748719016023,0.007675500847392806,7.185762767101481e-06,-0.0034092189923983843,-0.007386044066939398,-0.0012109632911920139,-0.0050199525737309025,0.0855970046606085,0.04498098178848942,0.08541998992039111,0.0803881437547257,-0.0017269065610205781
2021-06-24,0.01693102791334944,0.005870397634762738,0.016103736665007896,0.009596112200438853,0.008045844887354254,0.005068744396036231,0.011690916951576794,0.006365743433099724,0.06135694304332537,0.03304732835822557,0.060783984171442845,0.0584083172214937,0.012653261473066408
2021-06-25,-0.006932437710560354,0.01135316744934806,-0.009956193818847828,0.0031083489557700117,0.007796049512859093,0.011909432373179717,-0.0010102944673852207,0.00824031445724246,-0.08057487382765759,-0.08597280836567571,-0.07872103928939224,-0.08073876817267256,-0.002567490219810452
2021-06-26,,,,,,,,,0.011936020786419109,0.01542630384713795,0.006471974296959997,0.012043426668227221,
2021-06-27,,,,,,,,,0.05340874980562807,0.07490047208068822,0.06418559387723262,0.05628581459092655,
2021-06-28,0.0017426400271460013,0.002715989809951331,0.001871669970780543,0.0020252984895776436,-0.0016871117212886432,0.00243639389468092,0.001353072266752041,0.0011680827626920258,0.018891398769319223,-0.0002500800174486403,0.008364227917564757,0.017376339025595804,0.003260254078432029
2021-06-29,0.012414481983307891,-0.00307967170610251,0.02038456477968696,0.0030989222450805067,-0.00041512416175831335,-0.0031619292509970126,0.006323406907059217,-0.001026040836234839,0.07656251270863891,0.04380011258758357,0.10603928137575844,0.07062480042067575,0.005449933940092262
2021-06-30,0.005368765226058119,0.006461891625763226,0.005693036993029931,0.0039574599489851274,0.004396661504242163,0.007165041067011843,0.004088857894123614,0.003689038663949519,0.010229283835137904,-0.012766075167990339,0.016376927964695087,0.008619312897184782,0.004157069579651866
2021-07-01,-0.0033192767515803833,0.0033174410187270034,-0.0004502996228449898,0.0027071762284450215,0.006588444236266208,0.0035435670075024957,0.0027779052399509903,0.005529254825016222,-0.052857881690813346,-0.04457610566039397,-0.04457610566039397,-0.05199171284257499,0.00220849119249564
2021-07-02,0.004263327713458632,0.00496764162760786,0.005371363120211623,0.00456826882485271,0.0037870288658624985,0.004961543513148807,0.004849464104325937,0.004412006320090654,0.006644821951439307,0.012872335500085914,0.012872335500085914,0.008225517119111297,0.005489111025196641
2021-07-03,,,,,,,,,0.022742221109748106,0.022774772137895184,0.022774772137895184,0.022633359581099605,
2021-07-04,,,,,,,,,0.02195183945789651,0.02127141566828735,0.02127141566828735,0.022672638390614383,
2021-07-05,,,,,,,,,-0.04758275314865554,-0.04414319374306587,-0.04414319374306587,-0.0470088503369385,
2021-07-06,-0.004212575069847085,-0.0019207684834357617,-0.0018949548520943958,-0.004014779462266606,-0.008689862235726455,-0.002078334296966138,-0.0023059501812919174,-0.005173022626377304,0.018173860759549767,0.01835485466215747,0.01835485466215747,0.018640899410145677,0.00022970140301130582
2021-07-07,-0.002181279266246696,0.002483085848987756,0.0002366708398080551,0.0008490131486158755,9.602564581949073e-05,0.0024551786500189294,0.00202540207318333,0.0015785136764008487,-0.01356780382657763,-0.010314904298349671,-0.010314904298349671,-0.012859046723696995,-0.000562280092229337
2021-07-08,-0.01410093136860779,-0.005504270421853964,-0.013140007652127864,-0.00854146287331595,-0.006922522612545074,-0.005058355667781241,-0.011370507427409002,-0.0064536623562414614,-0.04999297514892138,-0.036439391902557405,-0.036439391902557405,-0.04916198069842201,-0.011523554240939865
2021-07-09,0.015525252970304146,0.007221198121625258,0.01797493231044656,0.011018567194955675,0.01211670315324331,0.007025572417611435,0.018444989179204938,0.00994711790872033,0.03256800205560832,0.025356087979451346,0.025356087979451346,0.03004301180151483,0.017362230582379935
2021-07-10,,,,,,,,,-0.01606017871014616,-0.009270138678446808,-0.009270138678446808,-0.014866464646360805,
2021-07-11,,,,,,,,,0.01105089689578709,0.01954831034350562,0.01954831034350562,0.011687296530613567,
2021-07-12,6.6660121256945256e-06,0.002822684698959912,0.006053598993777171,0.002631913489706336,0.004299687110597881,0.0025526036643492137,0.008809896361720115,0.003956999387101494,-0.021458439480235236,-0.03278138895243836,-0.03278138895243836,-0.02338364718390488,0.009281319723813377
2021-07-13,-0.009426809800300116,-0.002607744508570308,-0.011854379197455729,-0.005218902846606945,-0.004766188522257003,-0.0024760604826483154,-0.011470932587927533,-0.0037917915340216824,-0.032729916190515705,-0.018613493892139732,-0.018613493892139732,-0.031037509959791078,-0.011104699549648607
2021-07-14,-0.00025849365444602005,0.0039006230496045767,-0.0013400428605443962,0.0014353761249628824,-0.0013789228043061597,0.004006723822014782,-0.001515850012110164,0.0011341168557914398,0.005343652094854679,0.005943967798975735,0.005943967798975735,0.0058619114244936295,-0.0021342423035243716
2021-07-15,-0.006653536534465437,0.0011792624941647715,-0.005964871291994567,-0.0013157920801533465,-0.0012527313665276262,0.001485602138598879,-0.0043493221855308625,0.00030711215595043216,-0.033657562374154494,-0.03281309383599367,-0.03281309383599367,-0.03392032274374137,-0.00645303539968657
2021-07-16,-0.011967131418521895,-0.0014803746818509828,-0.014647415413917755,-0.006422880302143784,-0.0094583508671908,-0.0013350501496818881,-0.014407335468651928,-0.005550686528921449,-0.02451103417517737,-0.014122545794388968,-0.014122545794388968,-0.02393383141743001,-0.014227122573298001
2021-07-17,,,,,,,,,-0.0020961608637220745,0.0039587405849674144,0.0039587405849674144,-0.0011488110179118938,
2021-07-18,,,,,,,,,0.0029498340208449774,0.00722861288169583,0.00722861288169583,0.003277779589577148,
2021-07-19,-0.02245957039543941,-0.013845902119723622,-0.01365853634901596,-0.016577222868022677,-0.017265279227803593,-0.013683275844067345,-0.012159646958300144,-0.014877069111429102,-0.048431026233618495,-0.03356425147420513,-0.03356425147420513,-0.04672494600431875,-0.009817436150457671
2021-07-20,0.002858625921950135,0.005769459776645739,0.012809718259748937,0.006732926471182059,0.011365506267585474,0.005826716237712452,0.015420202957364734,0.009114689999892574,-0.039675775806226554,-0.03312924544942862,-0.03312924544942862,-0.03907683574687128,0.014429751101589745
2021-07-21,0.022601742030328022,-0.0008085922548667826,0.014739416761888415,0.009474488528761652,0.010312805453817258,-0.0015722460961090114,0.009935381645049823,0.005604590957979475,0.08404642491288189,0.08239517482875122,0.08239517482875122,0.08487752699885084,0.010749411497339077
2021-07-22,0.004775657305063478,0.00012570641031330433,0.002329745677895433,0.0007107197102660128,-0.001290319131949631,0.00013964703333991575,0.0022729551741301045,-0.0007848846146126139,0.035105539490129026,0.008481079224833958,0.008481079224833958,0.031290719023297754,0.0020278495572379437
2021-07-23,0.009348842887017789,0.010486421730759986,0.008036240475561642,0.008191083029612831,0.005172454986152822,0.010378279460800596,0.006942614128574759,0.006988435680464621,0.030230782391342626,0.03830315751947438,0.03830315751947438,0.031161099688519107,0.006567176852074557
2021-07-24,,,,,,,,,0.02087857317535161,0.022247584167057938,0.022247584167057938,0.021334488221781443,
2021-07-25,,,,,,,,,-0.0013191821921649028,0.02517864172847195,0.02517864172847195,0.0018257462031090914,
2021-07-26,0.008748477236540465,0.00108592279922684,0.0043942281697203645,0.004575108131262556,0.005689444061937252,0.0011738456697341618,0.0029115293717682468,0.0034427439666926893,0.024043643109556537,0.04942558810606278,0.04942558810606278,0.026636702229424106,0.0008246249496636297
2021-07-27,0.002717867987850973,0.0014301003915247565,-0.004377032045809343,0.0010312903643837437,-0.0020674143337947658,0.0011503887337193702,-0.005958502036488074,-0.000533421088856058,0.026644279596079668,0.0496885178433753,0.0496885178433753,0.029009790018877234,-0.006667518998249409
2021-07-28,0.00635380484284413,-0.0007101008833805313,0.0030520745165783054,0.0019760718627082558,0.0024506105914112643,-0.0009153902338363753,0.0029982793459691196,0.0009909464637613864,0.025869776100008457,0.012451165389852656,0.012451165389852656,0.023232926130764116,0.003719870172662142
2021-07-29,0.008348407885710781,-9.454478834200608e-05,0.007848275817331595,0.004984491231799953,0.0063301812971962015,-0.0005024542702020831,0.008407461314688336,0.00440664982467264,0.018439540828283675,0.004559947801740321,0.004559947801740321,0.01712222844662817,0.00710434391311026
2021-07-30,0.00028231737218043667,-0.0034265112852283016,-3.975097627810229e-05,-0.0026499525436788915,-0.005476928437086,-0.00319094975404501,-0.0019389001465942993,-0.004319546601942227,0.02907854641851262,0.05072715473007458,0.05072715473007458,0.031380901684203766,-0.0022404993510098943
2021-07-31,,,,,,,,,0.00498091412772671,-0.007929375395533443,-0.007929375395533443,0.004168601623514089,
2021-08-01,,,,,,,,,-0.022758807451950847,-0.03265853777282975,-0.005689703573072599,-0.02254064238400815,
2021-08-02,-0.0004144954999887856,-0.0006302501407105594,-0.002745736479267383,-0.0011178898263574132,-0.0025946151195928866,-0.0012334908645158594,-0.002779072795042923,-0.0016404042758319754,0.010486102598031722,-0.014513811621393966,0.004757454745943586,0.007965677850346237,-0.0028346573863278464
2021-08-03,0.0028984554738739313,0.0008560056155272736,0.0065318548561323474,0.003833632876028054,0.006555937558699149,0.0008717556763049841,0.008474521455337503,0.004844635660132831,-0.015388954950252167,-0.023542374565104805,0.007003263041394803,-0.016103282117068473,0.011565816237141105
2021-08-04,-0.0006855822474707831,-0.006898702242700189,-0.0015856789513065935,-0.005065876643915584,-0.007995184894552278,-0.007741724459994878,-0.004270633899656334,-0.007125186506744809,0.03586243098793669,0.044030727669261964,0.031018034089706947,0.03783378727773483,-0.003902457156403698
2021-08-05,0.006763876655075019,0.004514484532476799,0.006540062082324854,0.005262852533961139,0.004858409186381643,0.0043939218303346,0.005108724072473111,0.004434470069737585,0.0162912139985419,0.02794176407479821,0.014349491626963315,0.018022333491312294,0.004371005937111079
2021-08-06,0.006557461830400195,-0.0008542069511659875,0.0037981544650259303,0.0024797348950128394,0.0033861593133184616,-0.0013652510674907875,0.0022560908574612614,0.0013759468287034857,0.022413974415808856,0.04283878540566562,0.012722743798895996,0.0244524624631658,0.007015496914084697
2021-08-07,,,,,,,,,0.07056124046525344,0.04570915233713532,0.08111326407929002,0.06760569114749833,
2021-08-08,,,,,,,,,-0.044867926635484945,-0.020663209054230573,-0.038909624721543176,-0.04196110419133983,
2021-08-09,0.006843418909327442,0.0009310651766702073,0.0087503823962389,0.0010648680180535034,-0.0025151353318879437,0.0009224006161912044,0.007969253292962514,-0.0015875120272177373,0.053636190115404374,0.05604142046188876,0.037436934741214435,0.05423064408565349,0.006265368001498508
2021-08-10,0.00839153195052591,0.004707819120588969,0.012785825526234024,0.004790501677975421,0.006225201968229889,0.004700768948397214,0.015176107408459693,0.004218816845237823,0.01922318186200601,-0.006494761517140478,0.07294597798986109,0.01701186321089561,0.018811449534481182
2021-08-11,0.017641084177718844,0.005352263041372388,0.007456086774736185,0.009814592613486276,0.008553749273534144,0.004319729855453105,0.006232884247361609,0.007276333960869354,0.06307775869864235,0.007303991465838376,0.05341729335620137,0.056303541725374655,0.007647307438519504
2021-08-12,-0.002135655200135237,0.0031199981637041164,0.005495114860568094,0.001328413945666502,0.0018025545333928796,0.002892498370078336,0.007194754412199792,0.0024510737019242082,-0.021826703867775823,-0.023634555284566424,-0.001823292395254039,-0.021598034554646463,0.006383905595532569
2021-08-13,0.017674559383084754,0.004058069794575223,0.0042501709463122666,0.0072919451166584765,0.0011371561711445751,0.003754343866310961,0.0007177401020225352,0.002713720635168576,0.10036157544278568,0.08280378799960712,0.13158426463782524,0.09897468913694255,0.00019983530232573136
2021-08-14,,,,,,,,,0.0461467226724572,-0.011462941168370875,0.024258894844757812,0.037089059087888676,
2021-08-15,,,,,,,,,0.01899541951065865,-0.00024272090656781301,0.027862153206486554,0.016137334966393073,
2021-08-16,-0.008433254654068604,0.006476883294771769,-0.0009936233714909724,-0.00024924853706103853,-0.0013067599761297918,0.006788116599066932,0.0006934471743713556,0.0018134263014961338,-0.044065728043762666,-0.025703128374461273,-0.050908462005524985,-0.04196193546909473,-0.0014869159799431268
2021-08-17,-0.015290825753124779,0.0019661085025879143,-0.010834675693594784,-0.0052911700527113765,-0.0053479278173609686,0.0026595310255267427,-0.00902319416359241,-0.002445382832635417,-0.06500531543194384,-0.03301954743650516,-0.07427111721023738,-0.06088249225237485,-0.011599839415233954
2021-08-18,-0.008506412839214213,-0.011023425674318138,-0.004783497858851395,-0.010890790996768802,-0.012821725418145536,-0.010905074551059869,-0.004923528067421385,-0.012098420350784012,0.013070150055442396,0.00788505062747765,0.05913215931484538,0.012940046244597183,-0.006070144912855868
2021-08-19,0.0064703088836362815,0.0014496483173699812,-0.001325205462081028,0.001488988552623941,-0.004620087357378641,0.0011685951452039694,-0.003049066876063913,-0.0014621985656918667,0.06192229008871089,0.05041904952435954,0.10765951105311886,0.061381946019371955,-0.006933075075814777
2021-08-20,0.010881405382754462,0.00439230335521394,0.010976137481357173,0.007020392717438899,0.005321036088544202,0.004031426347194569,0.009321892976086392,0.005446125641287509,0.038683251853805764,0.05089511303927683,0.024376337000944645,0.03935909106966565,0.008743596310562438
2021-08-21,,,,,,,,,-0.02392748511978322,-0.009968296100574935,-0.01773743661415896,-0.022154300686868557,
2021-08-22,,,,,,,,,0.018669111161964916,0.014611576921875766,0.06612370486313306,0.019469419594836033,
2021-08-23,0.012042506748717808,-0.0004896239633322094,0.008707769771774154,0.0063578970607786126,0.010275235784609368,-0.0009110259078092089,0.009605283157803656,0.005831797269253694,0.02087886156926002,0.010840299039640532,0.04959618569900184,0.020417061796141403,0.012376686483331494
2021-08-24,-0.009472567050769251,-0.004722329228648152,1.2191035524018362e-05,-0.0038704772247357523,0.0021334034039965652,-0.004739783596509933,0.0030708549849884086,-0.000715195113405673,-0.06750241932459834,-0.0399721035474533,-0.06662028173774845,-0.06391895249376695,0.006828657220381768
2021-08-25,0.0038713081381516177,-0.002673692735942174,0.001604226814545573,0.0002032586475355097,0.00029726073591912494,-0.00325375175243563,-0.00014183127356197627,-0.0009740223525349286,0.02174154514931408,0.02432491707381638,0.009345522383514363,0.02176406578731595,0.0006383847711498371
2021-08-26,-0.016122481497608716,-0.0059306036290362905,-0.008905864470745435,-0.008423607578070553,-0.007054964671320488,-0.005936268492454992,-0.006570478186334238,-0.005882893251297414,-0.06146006562904986,-0.043146011691888905,-0.06484943970490378,-0.05875373703270169,-0.007859067123709974
2021-08-27,0.02151123226674198,0.0024517054694480132,0.013360319058101944,0.0109798002907909,0.011274058695481981,0.0019231354071875305,0.011174605740521995,0.007977673165082948,0.07269710012304198,0.05337025483269118,0.12054348828048365,0.07096691941729125,0.012603631366219682
2021-08-28,,,,,,,,,-0.010523062092153713,-0.005379406224604892,-0.01956941207803606,-0.009868672155943451,
2021-08-29,,,,,,,,,-4.2230907735907525e-05,-0.001467793024590905,-0.0024960483697182667,-0.0003184162887241488,
2021-08-30,-0.006425248361791524,0.003385623837488734,0.00041378157300832655,-0.00042513501013601197,-0.0008556941413459171,0.0037745546511834564,0.0026479923376104015,0.0012360648590109863,-0.03427301946401956,-0.03351641935829336,-0.03189082797546082,-0.03345926188309876,0.0007074404284772422
2021-08-31,0.005361457888820467,0.003652085463560881,-0.0007426995276154603,0.0023672332225046157,-0.0003515428249847849,0.003730204129272113,-0.002291376973210629,0.0008223694414695909,0.033926461457846724,0.00901303812933985,0.02783898723219214,0.03152125275190108,-0.004241684135089264
2021-09-01,0.007531067699489176,0.000872870907693209,0.004800154141430448,0.002886509717464002,-0.0020525501983184175,0.0005352943808242587,0.0023331312486148175,0.00021286274013268826,0.05544915718852714,0.04317587404885158,0.0537684178208417,0.05551539602505896,0.002130079175933178
2021-09-02,0.007735529282360307,0.005759693849821728,0.003566667360405064,0.006220489923181525,0.0069241341926257706,0.005824436157137113,0.0016957507176460552,0.0057927314821414454,0.011792504731032993,0.01049370263059489,0.01586038037693823,0.012164469938554785,0.001920517161034196
2021-09-03,0.004866835916925921,-0.0016168075249031854,-0.002429999189721417,-0.0004369083264242554,-0.0034739609787678314,-0.0014044671051298971,-0.002972666700839181,-0.0026004158219638447,0.04657082039539469,0.015587826315215873,0.01283179329510899,0.044059137621925766,-0.0026840112771988776
2021-09-04,,,,,,,,,-0.010212329589721382,-0.005233572282552719,-0.035233370450093365,-0.010066116507959022,
2021-09-05,,,,,,,,,0.056626714700174774,0.03405621901930758,0.03664738760206754,0.05305965454776763,
2021-09-06,,,,,,,,,0.006357202425683395,0.011962656427656369,-0.0185103477146149,0.0053343746964189765,
2021-09-07,-0.03628095981293478,-0.015355592420534326,-0.017479690954040845,-0.018586753886265236,-0.010009097258011456,-0.013843209656782086,-0.008465809350627828,-0.011230786841560867,-0.16764027258755143,-0.11444513351673374,-0.13690615438947867,-0.16106926946386968,-0.008874509647114191
2021-09-08,-0.001571656024866978,0.005667047030241849,-0.0009855470063126167,0.0013297838464586297,-0.0019721439613384524,0.004660563403466046,-0.0018377061069869268,0.000981573148554079,0.0004307836574903973,-0.009576526583669304,-0.007672506894811739,0.0011854629436677832,-0.0012560437877383
2021-09-09,-0.004756211936891716,-0.01034842410975102,-0.0054458277878832295,-0.007540367816556383,-0.006242056306770115,-0.010956908087267493,-0.006974320309954067,-0.007961955615041042,0.002673009912500279,0.004789604782442119,0.01080790306195241,0.0024511420893370515,-0.007740595711079931
2021-09-10,-0.010110524390361903,-0.006913328380312743,-0.005767511940945292,-0.006333313486799505,-0.003712271977980051,-0.007088456684244498,-0.002424586523307115,-0.004461170514149231,-0.042101786452271174,-0.035915473320923215,-0.051117280257376836,-0.04170035158465411,-0.002331347486487481
2021-09-11,,,,,,,,,0.029784970815188095,0.014880970101572672,0.07364153108309894,0.02927993398697629,
2021-09-12,,,,,,,,,0.03900898067552668,0.02287760392702379,-0.004571106889634181,0.038271875947272334,
2021-09-13,-0.002580416306756818,-0.0009484561731715307,-0.007720974093927392,0.0005749377567767345,0.005540850199334926,-0.00034778260858263365,-0.005292115587530979,0.002624837976672394,-0.043186748837215544,-0.028944053092696848,-0.059842140945631395,-0.042082668165022506,-0.004203902450328357
2021-09-14,-0.0014324195158687495,-0.004526576468130716,-0.009124697096953027,-0.0054825464295241155,-0.009594622715975656,-0.005605832484025313,-0.011375538448156607,-0.00795773088298189,0.03937859648466578,0.04609911371218422,0.008586858085401421,0.040511754856669524,-0.010806562538786693
2021-09-15,0.012875051537632581,0.002547320354107176,0.009682087892682163,0.007047068456578922,0.008697701909292485,0.0028645639232822255,0.007654537862682592,0.005651948262796972,0.033761799679333064,0.026815545135952117,0.043241792061313226,0.033417560064188855,0.006886538692428319
2021-09-16,-0.007803687345412979,-0.005060356808601992,-0.006742284202004112,-0.005585049092853673,-0.004843745212585662,-0.004657313763659643,-0.0057071799897343515,-0.0046903036714627255,-0.02260339800954957,-0.010804221005116197,-0.02713128681337395,-0.02159122441115039,-0.005978932562345902
2021-09-17,-0.014286215712741265,-0.009128298268055331,-0.01895587000298462,-0.0118856027521077,-0.011501394104243307,-0.008173900360272327,-0.019166351764620754,-0.010978296813159342,-0.02821032375523107,-0.017223195152303077,-0.03077599369287564,-0.02908401107725282,-0.01832568380915464
2021-09-18,,,,,,,,,0.014642044853208722,0.01935616635248022,0.010255012408357987,0.014522733411913286,
2021-09-19,,,,,,,,,-0.035910362635661094,-0.0227616483052915,-0.03559128960605548,-0.033740642233735824,
2021-09-20,-0.03329331545513273,-0.010609776077456449,-0.024660417049209966,-0.01854994293295899,-0.017107007363820304,-0.009570303761808204,-0.020566063575340455,-0.013974125057235899,-0.11422485591169482,-0.0959480732829013,-0.10208607364742843,-0.11191730703634706,-0.019168872870931723
2021-09-21,-0.010663478479630055,-0.004068843865147402,-0.006349267163581393,-0.004763443446593824,-0.002108905432231736,-0.003924760428759543,-0.0031789707504888214,-0.002375248923365481,-0.05343634371662165,-0.05015304780889093,-0.04665112638994019,-0.05272485146657904,-0.0029190171277045755
2021-09-22,0.025647581307518146,0.0015617305298718256,0.01475855925904649,0.010268535541905766,0.008905878341474214,0.0004501255072369229,0.007703253430106438,0.00540471759886728,0.10935609613773782,0.07999846433768133,0.13317724228094915,0.10678060302371173,0.007666020306034159
2021-09-23,0.012260223908901548,0.003463967361150258,0.009534461323560495,0.008084838454438102,0.011459114793696431,0.003350650156864551,0.008101352041550089,0.007741369325239104,0.01626576948492713,0.028977656416712284,0.021540826099909007,0.017750429120889737,0.007572270330607505
2021-09-24,-0.012367511550657524,-0.003642241572440002,-0.009037875641556815,-0.006019310935574824,-0.0023443356466225375,-0.002915978337912863,-0.006182533875483585,-0.003230028371674495,-0.06248339107083246,-0.047035751998860446,-0.03832440623511597,-0.0607638106226401,-0.0063578741216930666
2021-09-25,,,,,,,,,-0.004266625386774614,-0.0025008534532494006,0.004228812480148274,-0.004095749566331441,
2021-09-26,,,,,,,,,-0.006350457317357295,0.010168759350067513,-0.023494881499516854,-0.00420830182230552,
2021-09-27,-0.0024383260660474325,-0.003512812245781442,-0.0038081131355893467,-0.0025733656836190253,0.00328948149457919,-0.0034293378030458847,-0.002129397093387508,-0.0011962868628940119,-0.031077363869180547,-0.02461132915564037,-0.034640978511539265,-0.030617779734653794,-0.00274112110312831
2021-09-28,-0.014791132484124888,-0.006494934061924162,-0.01019025381404721,-0.011218399100218499,-0.011152180037691915,-0.0058032523128539164,-0.008909013609649089,-0.010300807316363878,-0.032985894716289745,-0.03081279878547999,-0.036296161863023035,-0.03320039761626272,-0.008999089705920851
2021-09-29,0.00746668734471468,0.008749427963557006,0.00034626715444726665,0.0066756348647006945,0.003919694130095626,0.008458855909957543,-0.0010446687986665664,0.005669913802016559,0.025201653417809958,0.013847727409094568,0.013188190080930104,0.024099270038120606,-0.0004378522307561944
2021-09-30,-0.0017850033793431167,-0.009120524495315857,-0.010196288708638661,-0.007165609686098652,-0.010112777369907561,-0.009478855554731746,-0.012829868375530946,-0.00940004460768679,0.03985386657347911,0.05120746207943794,0.02792119836173388,0.04123314253492815,-0.012895856473789422
2021-10-01,0.024591481632230426,0.011325246307382504,0.013756242960843573,0.013630818987466205,0.012342170182835961,0.012788497009745471,0.0077237016854382326,0.010324715077444818,0.08583803887920276,0.09702979280102668,0.08380160230812511,0.08636730197037003,0.006474037117666494
2021-10-02,,,,,,,,,0.01314684618977272,-0.006778759831041494,0.0075933098985396675,0.011831105677042661,
2021-10-03,,,,,,,,,0.016058019141841507,0.009560143209459858,0.0042851693905522886,0.01426419381142541,
2021-10-04,-0.004760865119006868,0.0007617468783379986,-0.007745392590018086,-0.002346195939358519,-0.0027451043939078824,0.0011408254743298012,-0.008556434222556957,-0.002015119438259339,-0.0148396687445018,0.014896470957232422,-0.024289315942042845,-0.01270305536131191,-0.006128643328297521
2021-10-05,0.011263409404533147,0.0021724702695177533,0.007977923470740065,0.0054994247548169565,0.005693677902995397,0.0017301773984712567,0.007617922149702872,0.004106808268241838,0.03911206691222192,0.04683898723089011,0.027934699462138293,0.03939408453530405,0.003512293824833507
2021-10-06,0.005299640659841376,0.0033699538810632273,0.006993620157002615,0.003988740987536989,0.0010971533003962212,0.003211072729049742,0.007286760339934972,0.002918082242860683,0.02631207745706715,0.06733580461866703,-0.0028562120152275474,0.029672252621503352,0.01013340327290144
2021-10-07,0.005638156018019543,0.008157269011140474,0.0054689963047146175,0.0064852783844145485,0.008043666617446345,0.008422467566447727,0.005849098010661492,0.007114467352347957,-0.00638939697911447,-0.023428261363455237,0.011175145355069681,-0.006985862019142542,0.004978168643502093
2021-10-08,-0.002315084894826297,-0.004481418515658128,-0.0017864223136099561,-0.002836960614115517,-0.0008405341466329583,-0.004965304924827401,-0.001210869134736511,-0.0026756033794195356,-0.00968783863579299,0.0013808811609541784,-0.014083604415376406,-0.00874861368369225,-0.0024923802710254037
2021-10-09,,,,,,,,,0.039018902838405284,0.017619929076517497,0.03006514617071728,0.0356920235792267,
2021-10-10,,,,,,,,,-0.039372271971353526,-0.006712195341457235,-0.03440696232733376,-0.036404446780169554,
2021-10-11,-0.004783810819609661,-0.008100004839374321,-0.004381583023063251,-0.007519693759038498,-0.008973806475380097,-0.008292268926727872,-0.00444148602836037,-0.008695049375098159,0.01616616745924252,0.04528915597375712,0.00036078585657974346,0.018863710505454642,-0.0015494444427900616
2021-10-12,-0.004723113417267521,-0.0004371225287856827,0.007833538884475475,-0.0006074163526460963,-0.0007657505468342874,-0.00044947412898574065,0.010484664405270114,0.00041197997971659413,-0.02450992776943369,-0.02470744217498883,-0.025052534000306187,-0.024575011440953684,0.013593788175568383
2021-10-13,0.008046235807029638,0.0014863126917879401,0.009241121981407823,0.004919410663953129,0.0032749128553063644,0.0009983507688139206,0.009147134403669578,0.003817792805695825,0.03190285056564601,0.025119275572094875,0.02462275665396817,0.03224004605978828,0.010744978757676972
2021-10-14,0.012013720336223652,0.009746701951956184,0.017575162746751978,0.012268568902443761,0.012783921551769493,0.009421683742465919,0.020108466709598004,0.01251735567155482,0.008162714258494455,0.00016591515268911023,0.002478716325641237,0.008213740532998295,0.020954966619341864
2021-10-15,0.007506264442978245,4.736412061540128e-06,0.0009738052506897003,0.0036353072449652824,0.0047869773089702266,-0.00031142991078148745,-0.001585055613126717,0.0026697071295669087,0.021102700113018333,0.06912989818701103,0.011193589995691021,0.025027756554405665,-0.0056337866250409435
2021-10-16,,,,,,,,,0.002720576167623345,-0.011597487819825855,-0.011063108351684803,0.0019490617834372807,
2021-10-17,,,,,,,,,-0.015497446977474582,0.009367931640343167,-0.01590629231059485,-0.012741618132448645,
2021-10-18,-0.0006564281322926671,-0.0026412333742594444,0.005280350794727828,-0.001381449726856911,0.00027362495568025166,-0.0021562834793979113,0.005721232875209241,-0.0011554565580833682,-0.005306693572157262,0.005107743110314675,-0.011974703941886183,-0.0049988263978700195,0.006013011756471807
2021-10-19,0.010334411223166511,0.012483780679936033,0.0018387276087588427,0.010924139712643213,0.009805851901735373,0.012730018361299543,0.0017272793288233305,0.010789326199150746,0.012977207830322194,0.03334871404942282,-0.00014749608333350513,0.014758240204612277,0.0010215706589625701
2021-10-20,0.015919467021704395,0.009954421299755111,0.0049440616511768195,0.011535034775816664,0.00885848761322351,0.009960062533817383,0.002649558857081684,0.009877049177939938,0.051224364064108824,0.029137470558466803,0.04078769693697866,0.04976499065591825,0.003736071764152884
2021-10-21,-0.005106919703657935,0.0059471738932074985,-0.003162361555304187,0.0014844101971639063,0.0007577563531104439,0.005420383374022295,-0.002027213697192955,0.003154577008033983,-0.034430299987499836,-0.053927987769870275,-0.01822321229531853,-0.03608014988221552,-0.0014492387573014137
2021-10-22,-0.0005606793506842661,0.0019978084897843704,0.010480697642635605,0.0011196707914525406,0.0012181275672072393,0.0021221331418374723,0.011248283669065226,0.0016207586696501811,-0.009454713940141793,-0.022269263738766365,-0.0009931476221386004,-0.01048423773993188,0.01119742372818421
2021-10-23,,,,,,,,,0.019371535732781185,0.012728918065440308,0.012546174516440802,0.01931407900204571,
2021-10-24,,,,,,,,,-0.014741306991866012,-0.008784993985172608,-0.01746174106170502,-0.01483269504985432,
2021-10-25,0.00820131279086554,0.003836126030016729,0.009224199029595996,0.005154946500495106,0.0061577379699742085,0.00435308136383245,0.010737821599460354,0.004562286727820653,0.018419186895322202,0.03298643278265101,0.008435137432754643,0.020151400050689338,0.009549344621375393
2021-10-26,0.0020380461203450533,0.001209171675394627,0.009753424275211704,0.003976277672870509,0.005035039278010809,0.00021053193043317443,0.011955515331758221,0.004806324687299118,-0.012946919667983725,-0.0391648952100352,-0.00739449249887682,-0.014675164191645428,0.008965352410753963
2021-10-27,-0.028659861087892754,-0.010084091742644706,-0.02301938265458867,-0.016429928382288288,-0.016021570019775676,-0.010494915836632911,-0.01789949190506549,-0.013209868882030436,-0.09185131642847817,-0.036371195679605846,-0.10311430904274504,-0.08658924936179085,-0.017240713875428318
2021-10-28,0.016269624424211402,0.015883504459953974,0.020734826321916387,0.01072236591525201,0.008177747360443858,0.017494856249857887,0.018350965857329385,0.0086223634266905,0.056729009743049105,0.038851433026952084,0.05337484020881556,0.055549166081075144,0.020204839305410702
2021-10-29,0.0023780289284411485,-0.002135508651056852,0.0032982237682714364,-0.0016350688899267345,-0.0029640878507516404,-0.002107805922750167,0.0030153952207931513,-0.0029403147151726345,0.029088612824405093,0.02573501183170747,0.018150004949454665,0.02912748159606745,0.002368114080423019
2021-10-30,,,,,,,,,-0.010681812392085377,-0.00734764699168494,-0.01991902316804074,-0.010943594211662437,
2021-10-31,,,,,,,,,0.014693243654273571,-0.00839002781198241,0.015007506263796884,0.01186362560250982,
2021-11-01,0.00549653945551886,0.005550874992890648,0.003788321132852128,0.005194638182302836,0.007461175731891199,0.005613656431251861,0.003773248056742703,0.005609977437882876,-0.004326641926342823,-0.005194289098035728,-0.006065709373694966,-0.0038283659350117454,0.004433794495212704
2021-11-02,0.009294275797061706,0.004422933661863063,0.00986343186172958,0.005965011021386083,0.004540063787491218,0.004582697911280249,0.009670452859825904,0.004814872816989376,0.033065335844914154,0.03482602854168358,0.03787093819330846,0.03402726703914785,0.01035802657860308
2021-11-03,0.006961779327564759,0.0015403771944063965,-0.0018099526615190482,0.0049523201491645024,0.005006007983429447,0.0008343484130471572,-0.0032529059044095025,0.004679789438553689,0.01674063604824131,-0.0003966698053025375,0.017068880229362156,0.015589495832785755,-0.0033907243922782146
2021-11-04,-0.00045417958845015447,0.0004773598424571137,0.0025039248525649056,0.0023833781870187527,0.004566805541999331,0.0003371305160957401,0.005972090892277036,0.0038310019843137023,-0.02555910524069758,-0.025022378996350715,-0.02199516344784798,-0.0253895350048295,0.006812461051290826
2021-11-05,0.00189779066858788,-0.009554196533886563,-0.011438091275321374,-7.780084876756088e-05,0.004317548129979447,-0.010786623119995255,-0.01366006684454772,0.0001454282047991259,-0.010200996638369953,-0.004941742990482547,-0.014625275231341654,-0.009802681216706827,-0.012926084183472427
2021-11-06,,,,,,,,,-0.004239194414665415,0.006844700555187721,-0.003043301543278211,-0.002710587236166222,
2021-11-07,,,,,,,,,0.023886360748030924,0.02766226693008979,0.027182587103088386,0.023538401847646353,
2021-11-08,0.013160514517736175,0.0010978506257896521,0.01190651625942734,0.00381442633523309,0.0037433371955652994,0.0012446369859073362,0.010894986541033772,0.0017232700977560123,0.060246401128590546,0.06559780785162794,0.04659669485407854,0.0607337694843249,0.011250027877145349
2021-11-09,0.009076821272139917,0.0006572188526829321,0.00038425736145299833,0.002400470169909234,-0.0007145187867039059,0.0005988189694109333,-0.00266799399198779,0.000384421671591293,0.058033521566359034,-0.0033031529789626047,0.03278109051096171,0.0524843025841005,-0.0030663418585220458
2021-11-10,-0.014626270437855955,0.0009420215360699465,-0.009456795129695108,-0.005197445622972358,-0.007127343452293766,0.001014561701586013,-0.006872985271569524,-0.003537300177541093,-0.052120905365666895,-0.032682653681883826,-0.05077765579201789,-0.049485464643955854,-0.007580941960346702
2021-11-11,0.002818263951857184,0.0014886181664727353,0.00638881296747294,0.0008957296480908345,0.0010659591267172446,0.0019381173209769413,0.0075187006634908505,0.0006267213519589422,0.011579788077556885,-0.0010195149421419654,0.010849284969052818,0.01057049007544751,0.008241054296767462
2021-11-12,-0.0017091093745052724,0.0022518148471499678,0.00287098671692358,0.001411898151379396,0.002158136556547572,0.0023558661714976536,0.003608652876177897,0.0023169435901316342,-0.021045339029769496,-0.01271625730399448,-0.02058734318394414,-0.020515822154099365,0.00363295313117215
2021-11-13,,,,,,,,,0.012155992174102794,0.004728222203658899,0.007114093701978021,0.011051057492230327,
2021-11-14,,,,,,,,,0.011670347080749634,0.013787489299803432,-0.003980391754765994,0.012347789462886775,
2021-11-15,-0.0031997942733268006,-0.0026922868042792395,0.002311268025077339,-0.0021023056472709253,-0.000857079697434908,-0.002413388394758388,0.0023628937137445795,-0.0016668496923923774,-0.014913367152786263,-0.02785970151442855,-0.019809507292752705,-0.015395991611909706,0.0020944398424215392
2021-11-16,-0.014269076752689023,-0.004352332072195536,-0.005564642306875613,-0.004338603373857876,-4.3818578374865274e-05,-0.004724220452013239,-0.002078186087219518,-0.0010080246859847175,-0.0853953676242598,-0.054688687590908384,-0.0714722107476905,-0.08307083619570985,-0.002379365858577111
2021-11-17,-0.004503910391576134,-0.0027573162208671554,-0.006604402489044725,-0.00408348916450571,-0.006410498431443284,-0.002760439674118597,-0.00804018428114785,-0.004561023195556064,0.005029029807759611,0.003242228454215719,0.009205850503068944,0.005059173290715402,-0.008720744949807232
2021-11-18,-0.012178625840402225,-0.0024818536527023145,0.005439258905849901,-0.004557880818023445,-0.0012952494090488886,-0.0021847208609278752,0.008911823235996636,-0.0018726432357723233,-0.06659550799716892,-0.056111725492369924,-0.05727499205821633,-0.06621874209492264,0.010256959497377045
2021-11-19,0.0016083130038162296,-0.007366760014766246,-0.0066751876034591585,-0.003910536552677528,-0.008108011963673636,-0.00785866630167296,-0.007777227945621829,-0.005969633972249499,0.050189937841265554,0.022676210858072976,0.0553160827787542,0.04899027026764161,-0.006945668059768729
2021-11-20,,,,,,,,,0.01576936969310213,0.02737351520103923,0.011599435171895229,0.017311035907950717,
2021-11-21,,,,,,,,,-0.01876418665940255,-0.01818622098297303,-0.020490382072260966,-0.019219121951906185,
2021-11-22,-0.004325466852728888,0.0029439611857989927,0.00313870057684379,-0.0013370298845758108,0.0021290502357046793,0.0035307912716588206,0.004767840917235861,-2.9183765617685198e-05,-0.036598052294896724,-0.04106550876361953,-0.03664806283041349,-0.037379414665872544,0.004796103150785433
2021-11-23,0.010080833081749263,0.006555249663216014,0.01176838235544846,0.007017825420742888,0.007614035389942484,0.0067049804217329196,0.01149112858722115,0.006265519010467785,0.02241482154078316,0.020423245957271293,0.03364764242209802,0.022638726115719696,0.01159536113727699
2021-11-24,-0.002837992481822486,-0.0008931988008281166,0.004832506457638017,0.0003615286711237629,0.0015933253638177255,-0.0010128867363818725,0.005491755391621136,0.0014174003503268527,-0.024994581710023545,-0.02339298404525211,-0.023856455408438778,-0.025017284536063358,0.005588718199033884
2021-11-25,,,,,,,,,0.009420096135543754,0.014878633949469483,-0.0013350810066639182,0.009221597946664722,
2021-11-26,-0.029338476707881755,-0.014273383799171483,-0.03204336919039296,-0.020241908183750774,-0.02190708025971444,-0.014362535531030576,-0.0285445777873816,-0.018198225360890136,-0.06649545894871833,-0.0653105853707109,-0.0522130486241184,-0.06613644553126967,-0.029197922080791902
2021-11-27,,,,,,,,,0.01136172499470266,0.022368082643418382,0.010906703184424146,0.012092593372722043,
2021-11-28,,,,,,,,,0.021529982658934313,0.04342645516045235,0.025648505358696002,0.02390425289823496,
2021-11-29,0.008916650891831267,0.00021455683924654566,0.015453197656976047,0.007160611968489865,0.0071002398395622725,-0.0002505541932234321,0.014594024881445499,0.00675636180764739,0.017998706153176246,0.009698115385948773,0.022999932043669874,0.017842932885755617,0.015006166520368049
2021-11-30,-0.018449366912494755,-0.021763764604978482,-0.017520437182133395,-0.021339329702172522,-0.022736652197169208,-0.021774099501703455,-0.01720421895356574,-0.022223507710951097,0.0029870595108775207,-0.014514851596436455,0.014397381672835706,0.0024587077924613523,-0.017417197081533893
2021-12-01,-0.011750985011291237,-0.011863807635887003,-0.010070870875881665,-0.011567160460395597,-0.013137975243081345,-0.012024246650627068,-0.010200091125870064,-0.011926704861420038,-0.004816033852340695,0.003191513533645388,-0.009807520090304016,-0.004351735282013082,-0.010786014741697441
2021-12-02,0.018424546320772135,0.014973594871345718,0.026850837812484193,0.019042057506762987,0.021514026022957156,0.01471891842484798,0.024889673707570725,0.01953649185352582,0.0029771478098470144,-0.005740174771576242,-0.016892087901566988,0.003951160614521129,0.024820956457705847
2021-12-03,-0.00989665005268462,0.007564031705624824,-0.009895195712652221,-0.0002660076155164827,-0.0009151530011433471,0.008572972295317227,-0.007132858203749754,0.0017840320228700041,-0.054804135310390995,-0.05375647104950332,-0.055313946656021365,-0.05568644610269302,-0.007645100835781587
2021-12-04,,,,,,,,,-0.09966679308991833,-0.08142531695480221,-0.07326099776260162,-0.09519052082280574,
2021-12-05,,,,,,,,,-0.025153555791845417,0.0016219899700611491,0.002125793142075029,-0.021887210474904377,
2021-12-06,0.017967098671794034,0.010612127004577919,0.006447929789573824,0.01401895979041961,0.013552429844853974,0.010188613544960819,0.005545861363387045,0.01298705302643325,0.040040442806494346,0.02540384326267707,0.027056659622210787,0.0384184989263635,0.004782484340170458
2021-12-07,0.011524713550818215,0.004431415787097448,0.020652691465811262,0.011227135288732884,0.014952137327276696,0.0036732384832805164,0.021057918626474548,0.011843812852717458,-0.005612405331474191,0.00010859060139689855,-0.001438943926607162,-0.005523529021553373,0.02065854597323598
2021-12-08,0.005738811185586795,0.001086320644903154,-0.0015787350174704877,0.0013394221525581747,-0.0005769049565259764,0.0008704737340629072,-0.001537679156558682,7.579504718054388e-05,0.03731739189615066,-0.0024137989565805405,0.029862665321173085,0.03232216768917516,-0.00032943568082271466
2021-12-09,-0.017306547344091622,-0.004323251516758752,-0.00974957886730777,-0.00800004624218354,-0.006819833181712462,-0.004102152438106925,-0.007017929784450914,-0.005822322455148716,-0.06974011815598744,-0.05758712460354554,-0.07682758838581427,-0.06872706558349505,-0.008594069093617854
2021-12-10,-0.0017509506946767062,0.0074519397634129824,0.004026365597469031,0.004435985329893348,0.005428423454781843,0.007645929115557321,0.005414898291436055,0.005991885266641255,-0.03764782144196946,-0.012874356842284307,-0.0404143023213894,-0.03591034699417527,0.006708060494897404
2021-12-11,,,,,,,,,0.062185845911676044,0.04932752154846096,0.043331270478958635,0.060804753467647334,
2021-12-12,,,,,,,,,0.0005450006496776847,0.013632855350149685,0.00523910998708039,0.002210145140738219,
2021-12-13,-0.018475000626454335,0.004622512667935223,-0.00812363021546769,-0.004017982557755908,-0.006038152907783944,0.00456815215978156,-0.004823307440705098,-0.0010595161474290706,-0.08065923921980626,-0.0688082336550053,-0.09139194186372353,-0.0800458575886898,-0.0028868477706062248
2021-12-14,0.00037317725438743184,-0.0015170402737879193,0.0017580371361911164,-0.001938699775900136,-0.0019345036185553586,-0.0008764909677742736,0.002653894568896063,-0.002445804456518901,0.011911581619101387,-0.0027560729674959827,-0.0017502807763456957,0.009483861818306008,0.0015970863029324195
2021-12-15,0.01533648303075982,0.012180300297638147,0.020150513765029045,0.011679122113812428,0.008657972774681654,0.012792909711572332,0.018046328742622113,0.010356665651438252,0.04872903431115066,0.05084871960388942,0.05976822441904135,0.05005311957844719,0.02377043156068162
2021-12-16,-0.0014557751549373467,0.010669233730569699,-0.0008447985428488546,0.0049509002774041555,0.004803852555990486,0.011270836285700664,0.0009863267850935067,0.006178409953716129,-0.03275391370957651,-0.02678969539879386,-0.01926955495656459,-0.03228004959783007,-0.0028505798817106977
2021-12-17,-0.014493090540587995,-0.011169730294614698,-0.012895559159805295,-0.011963443349184168,-0.012437317144134916,-0.01135418457394273,-0.011411295219051652,-0.011373249874052548,-0.024771957522853386,-0.029677919638571294,-0.02240865641596799,-0.0252059885237435,-0.00969954211673915
2021-12-18,,,,,,,,,0.020225622720911683,0.014389079584952934,0.020693944885806646,0.019383146513110218,
2021-12-19,,,,,,,,,-0.002246589268154565,-0.0028427815842456236,-0.007701508615812663,-0.002089768941558788,
2021-12-20,-0.006322349334487459,0.0010735287179343357,-0.0058140177292749775,-0.004588184238761361,-0.008131606148534013,0.0017755504305126781,-0.00566951489389535,-0.00487038800227098,0.0027239347357453153,0.003151630196915381,-0.0036230732090788043,0.0025106315941877963,-0.0018259060562832042
2021-12-21,0.017718322151441344,0.004509885136973688,0.01000590509960022,0.01102849949579852,0.01462265780225411,0.004346882535631741,0.00852864396149696,0.010165917814125559,0.03319664389737751,0.04292883968934702,0.023323957166384683,0.03331844971338971,0.006692962054200584
2021-12-22,0.005884459350951685,0.005958701819151501,0.00987373323196617,0.0057999563181222544,0.0059381861769704026,0.006058179080624674,0.0094153133786051,0.005879972085474004,0.005615825220858106,-0.0037006271212367864,0.0005235878003992017,0.004758875800496106,0.009686489181296625
2021-12-23,0.01298087177425178,0.0023813266197992306,0.0031391649414841123,0.00577921812796466,0.005000741890955203,0.0021208707654924194,8.390928258214945e-05,0.0040347142094534424,0.05288152119073466,0.04818654906099414,0.041093092593248205,0.053271529250710596,-0.0009923907937471848
2021-12-24,,,,,,,,,-0.025854589725139758,-0.00297912838433117,-0.008245077597291721,-0.024002260396738036,
2021-12-25,,,,,,,,,0.012088707351344343,-0.004244937647020671,0.01445125323394138,0.011232447598001006,
2021-12-26,,,,,,,,,-0.0019257207082916453,0.006949131721192694,-0.005072806001990585,-0.0011828913954369225,
2021-12-27,0.011695336888605875,0.010938098692548096,0.0207561927067044,0.01166524713236561,0.012643323884424486,0.010655808474547236,0.01946369264534111,0.01192343212095923,0.006955401909512826,-0.0007915845740445257,-0.008032550454621604,0.006692330316444559,0.020822180608860024
2021-12-28,-0.009558348712256833,0.004110860509953343,-0.005043243756012816,0.00021666993918637327,0.0017823302262577135,0.004184820177133888,-0.0029567458296238655,0.0026601291070825267,-0.06626174340482956,-0.061023026983643786,-0.06423719680312595,-0.06558980360978815,-0.0024333984340891017
2021-12-29,-0.004461703030257021,0.0011097026846681242,-5.8778503666020476e-05,0.00030305474798902573,0.00038045048004864434,0.0007769004012761009,0.0012640073507535975,0.0013408271572976917,-0.02867247058178535,-0.026039380453132723,-0.03533983364284159,-0.028853172461861757,0.0015713567899415719
2021-12-30,0.001560136941005165,0.0004725820048290142,-0.003574063125622643,3.1535848958211214e-05,-0.001522675024277136,0.0003937399310786499,-0.004188299476083,-0.000590500724883545,0.016974196767416676,0.016312310030797934,0.01898123841827784,0.017119289147241094,-0.004016997591724215
2021-12-31,-0.0034643943065615673,-0.0014419335506697351,-0.001170038651817687,-0.0016353159485750415,-0.001103778985073085,-0.0013936347328336125,-0.00040415043653153356,-0.0010999325703870987,-0.015267470914003978,-0.019444056730624923,-0.011362876001570817,-0.015808089835357465,0.00021532691649576354
2022-01-01,,,,,,,,,0.029122690504778354,0.030387623858084765,0.030387623858084765,0.02918763699653867,
2022-01-02,,,,,,,,,0.015540556191764499,-0.006349755960176066,-0.006349755960176066,0.013898775457379319,
2022-01-03,0.003123160162046698,0.0017998306527841346,-0.00829352883345462,0.0028008840499728783,0.007893532580496581,0.001961134528761049,-0.007504024991816495,0.0038132849940562697,-0.020728701930202723,-0.0194655508722833,-0.0194655508722833,-0.020524062512274517,-0.009173816408264228
2022-01-04,0.00494542447656564,3.298289564803878e-05,-0.0002520594389153522,0.003971289661919766,0.008287326862424099,-0.0003331210240798424,0.00031342316966320656,0.004411935074094271,-0.011764087452726647,-0.011413071803984855,-0.011413071803984855,-0.011523875903188312,-0.0027819662428508044
2022-01-05,-0.018520541664949264,-0.0033911854291239214,-0.009337201727053294,-0.010845382491620644,-0.009811024567845612,-0.0022314921311887468,-0.008226042430024703,-0.008843503362161267,-0.06206812715046752,-0.051295888312683106,-0.051295888312683106,-0.06089857468915089,-0.009239456616955733
2022-01-06,0.0003515469813984873,-0.003955354574660777,0.0018349048856128086,-0.0011397272392947948,0.000596376931055134,-0.004078860030668025,0.0015616041945034917,-0.0012056366782527508,-0.0008726027668847442,-0.008495130485159022,-0.008495130485159022,-0.001753440705143152,0.0016861202826903765
2022-01-07,-0.005573185878732739,0.0045134900667118,-0.014611998268154092,0.00016915476924062167,0.0013930725716407816,0.004463437592155441,-0.014015703633618868,0.0018097791867625424,-0.040404478130600344,-0.038384955706876174,-0.038384955706876174,-0.041121758432235145,-0.015025266554774142
2022-01-08,,,,,,,,,-0.02093541927415324,0.0025479584850023602,0.0025479584850023602,-0.019226104694543375,
2022-01-09,,,,,,,,,0.00938373839620118,0.004124058363170774,0.004124058363170774,0.009072425627867382,
2022-01-10,-0.010468008645634555,-0.002313592189255157,0.001946744256614483,-0.007011489243715853,-0.006524926800297903,-0.0016219213359999634,0.0033803871305360996,-0.00596985008236467,-0.03018341787231781,-0.003936258530748689,-0.003936258530748689,-0.028291421106686875,0.004387866727400366
2022-01-11,0.014117589837793544,0.0034521060219362782,0.007912183212716545,0.0078044102495102045,0.010108670902059982,0.003792538246100842,0.00711518509968539,0.006812954586402695,0.03416218451646136,0.0235358423964141,0.0235358423964141,0.03403619219300474,0.006539281252989224
2022-01-12,0.01132489119099409,0.0016038258186472372,0.009247149292128243,0.004859686735590157,0.002808856818174212,0.00142096063219875,0.007235282726022688,0.0028298868476520746,0.05390506305509349,0.031186931981280492,0.031186931981280492,0.05307057577727586,0.006093973165777799
2022-01-13,-0.009911573013603521,-0.0026000134570746095,-0.013726091712969938,-0.005436105091109018,-0.005023576980461088,-0.0022768997730698444,-0.013131846103093309,-0.0044043219032286465,-0.034351553179315694,-0.03184739296753676,-0.03184739296753676,-0.03463754377451744,-0.01253437105583346
2022-01-14,0.005830496410168117,-0.002418682497609588,0.0007164908834216472,0.0005118173226731493,0.0018072024404420662,-0.00228047391003134,-0.0014067591855891947,-0.00045042652837331014,0.025946966258798367,0.013298312169044472,0.013298312169044472,0.024560368780155332,-0.0025212821061777364
2022-01-15,,,,,,,,,0.008994754628404667,0.0019882813586473394,0.0019882813586473394,0.007907294437577267,
2022-01-16,,,,,,,,,0.006503905118192477,0.0017009163018985203,0.0017009163018985203,0.007326832832723947,
2022-01-17,,,,,,,,,0.00046937886742684986,-0.01528936593264073,-0.01528936593264073,0.0008607069049090946,
2022-01-18,-0.011533023635334368,-0.008425696334731069,-0.012115786017922433,-0.009615759743687,-0.010761970773172893,-0.008636775233691385,-0.013276838537294468,-0.00951010736835805,-0.015388287946141763,-0.00034173542248760346,-0.00034173542248760346,-0.01629539583245159,-0.012757220411584185
2022-01-19,-0.010489090579142503,0.00022703832916038725,-0.012536757299037228,-0.004935040975111816,-0.006784420342637872,0.0001797893813619135,-0.011736710513247761,-0.004005541033867703,-0.029012441761665654,-0.017445666220920843,-0.017445666220920843,-0.02810081607774207,-0.011348425014963937
2022-01-20,-0.01697219514854896,-0.010718473779612953,-0.017300976681679087,-0.011811344239808109,-0.011862060931541647,-0.010914709035351012,-0.016426056499262785,-0.010698012851008298,-0.04252286623358551,-0.026875413277163508,-0.026875413277163508,-0.041088311919387145,-0.015140169266147797
2022-01-21,-0.030061223982015495,-0.005011793085835145,-0.013207182844638196,-0.013498248111605214,-0.012930960558085396,-0.0048950862009100905,-0.010408913497669994,-0.009473984119226697,-0.115712541101666,-0.10497829992536274,-0.10497829992536274,-0.11572771656719616,-0.006042657939098625
2022-01-22,,,,,,,,,-0.05885921527965914,-0.04002022707543133,-0.04002022707543133,-0.057408176985165926,
2022-01-23,,,,,,,,,0.03875242717376981,0.03659583146639778,0.03659583146639778,0.03911957708047402,
2022-01-24,-0.0028541466834678063,-0.003953050405700197,-0.001776401426681833,-0.0002981889151577114,0.002307455792883595,-0.004674599070962535,-0.0007446023570100279,0.0007844652492198475,-0.02866215906522481,0.007198643275328899,0.007198643275328899,-0.026461517261815535,-0.002245031401141915
2022-01-25,-0.002743071610998365,-0.004493144611582406,-0.000522707648846668,-0.004488204166620284,-0.0033894377559069416,-0.004744367954988433,-0.0006433253289730769,-0.004927959617290332,0.0004887591135445126,0.007111032938164735,0.007111032938164735,0.0008037668522749316,-0.001368829729065271
2022-01-26,-0.006530534848476082,-0.015169295336558423,-0.008404393235230555,-0.010279041583502376,-0.00884844116500199,-0.01578814687482084,-0.009797378014976882,-0.010872739064248365,0.005058996734153465,-0.0013112302448775731,-0.0013112302448775731,0.004909680355637525,-0.011019690723416702
2022-01-27,-0.004293893754328957,-0.00010168284503997894,-0.0032974450525157083,-0.002896193886552919,-0.003411783232470778,0.0003821605181508384,-0.002433465147266957,-0.002730532562452698,-0.008704446363619856,0.0057438834276632746,0.0057438834276632746,-0.008323520821125327,-0.004469178538898876
2022-01-28,0.0183096178597727,0.01550383867821016,0.03155812624647059,0.018026824173818998,0.0168862597049742,0.015536435505669577,0.03237683819308798,0.017672588824160156,0.025426408633765198,0.017843162254494064,0.017843162254494064,0.02482493961315579,0.03413920304346278
2022-01-29,,,,,,,,,0.014763887792000531,0.009582345098260338,0.009582345098260338,0.015005689924883396,
2022-01-30,,,,,,,,,-0.01730228000829739,-0.006103519015134341,-0.006103519015134341,-0.016595757998366076,
2022-01-31,0.014107319571363016,0.011016186286868127,0.008070286238683463,0.012758883446573768,0.014021638256743596,0.01109505784678218,0.008187298119448282,0.012927873539485634,0.014535726144460116,0.015316629392490313,0.015316629392490313,0.015006161206985233,0.007507148503484889
2022-02-01,0.012964162723813273,-0.0011782175255112466,0.006974583305376218,0.006905906630717804,0.010950258432124882,-0.0017306721084676098,0.006437192750105955,0.006255650246157177,0.023033684182255224,0.007959392735245844,0.03862634283851252,0.02219338517602108,0.004880560975010996
2022-02-02,0.0017817301239004546,0.010772802594656569,0.024230833458106307,0.008156318315640298,0.009991702955684327,0.011098073161633526,0.026358074416436048,0.010256389259402823,-0.0392681340350189,-0.04400101017137175,-0.039132735575322264,-0.0396171268384458,0.026903543801497246
2022-02-03,-0.00535646553699757,-0.006338123314067507,-0.00573821945114003,-0.007542971083171531,-0.00951382855415483,-0.006213729611457038,-0.007618162130733935,-0.008539402785396596,0.015430349548788727,0.007087798690167911,-0.0013759251322007504,0.014548966128337342,-0.007846012009083215
2022-02-04,0.013733646897065199,-0.003856994199541994,-0.002087435736161211,0.0007726901040154444,-0.0009650934505631595,-0.003714027109518845,-0.003341252862809303,-0.002755886863754301,0.08722734863520698,0.11244206533237519,0.11362666703116964,0.08891935304074468,-0.0038525981564570683
2022-02-05,,,,,,,,,0.009422977778614994,-0.0009381420982443074,0.010410717097086852,0.009232582058912081,
2022-02-06,,,,,,,,,0.02460039905956177,0.02313383510763034,0.014206593311191451,0.024452508449381433,
2022-02-07,0.013688791888446367,-0.0002605984169225321,0.005795481551895444,0.003813526386545903,0.0023266470700742483,-0.0006378519624522418,0.0042249899324570805,0.0011178564663417295,0.07049951598030699,0.03415141677168595,0.027798951436755814,0.06732046339920413,0.0036206686071196398
2022-02-08,0.0029371659880817287,-0.0005243465369621149,0.0018955047770114165,0.003067235462592089,0.004025120961881328,-0.0008262548414851677,0.0024019116542685582,0.003351481246460059,-0.0025026088809162687,0.00464760921996593,-0.00632052369720526,-0.0021810107048651894,0.0020626473737218624
2022-02-09,0.013799729865727303,0.006526216769739974,0.019337673632360438,0.010511060296654556,0.0126067933136182,0.006353057879700756,0.019548818039452708,0.010350409298214104,0.019764412626272824,0.007038138138742781,0.037420119536786256,0.01899791970683274,0.019593272119358865
2022-02-10,-0.018483629148971902,-0.01687509153554087,-0.01814372942748941,-0.018326679700065376,-0.016922118858680186,-0.017106984440325473,-0.01917053113164551,-0.018009020118269655,-0.026291180600430487,-0.017812940592228644,-0.05000061799033162,-0.026109660486703958,-0.020362496880105125
2022-02-11,-0.01848541179562176,-0.004206061642229243,-0.00651796344082388,-0.010194039540491528,-0.010206802133622505,-0.003609296585647648,-0.005871722178928884,-0.008540619186337348,-0.05987846010561804,-0.031255275191691016,-0.04877319319619966,-0.058392433431394095,-0.0057046237545655505
2022-02-12,,,,,,,,,0.004881581624613972,-0.00472218490848327,-0.0034231086563658586,0.004408187398236035,
2022-02-13,,,,,,,,,-0.0009595511905362893,0.00017406854250813047,-0.011619882910758439,-0.001164808289732053,
2022-02-14,-0.0060964543324511615,-0.006913708999378391,-0.007719249859425898,-0.00606245114095588,-0.006341009055696149,-0.007318703015114414,-0.007006515344501596,-0.006077025852073811,-0.004873680716226226,0.008364147011297403,0.01734567720397817,-0.0036349678546193907,-0.0071804676263434765
2022-02-15,0.017944771341906928,0.0034761679475232773,0.0027166710673933725,0.009297194817132377,0.0104701416520558,0.002954148538961674,0.001833607783144748,0.007741562970078525,0.05531791979116257,0.045841949679197865,0.08399521286202116,0.05465553098343622,0.0009984357213855231
2022-02-16,-0.0029439425950380242,-0.0019021945476454007,0.0003625642284149743,-0.001391050142509306,-0.0004521061122067474,-0.0019772472103823146,0.001326939491640597,-0.0008687801152090328,-0.01540312500919441,-0.013160356308551656,-0.01636765067071777,-0.015300789643724782,0.0009567239941857819
2022-02-17,-0.02566904439235687,-0.007264930854618946,-0.013606570563191873,-0.014711168269976715,-0.01523585324930586,-0.006768930334562778,-0.013471308337822549,-0.01233355295524199,-0.07783500010761192,-0.07576953547364318,-0.07876007915331673,-0.07728332530390526,-0.01379053224010655
2022-02-18,-0.00830897428468353,-0.005263093746391146,-0.008111408091364668,-0.007203762983526609,-0.008409016441980766,-0.005289886989646383,-0.008446190247250674,-0.0072583640137635266,-0.007808763498197359,-0.01057537427998252,-0.03323095432766643,-0.008163951924684401,-0.008547771895944248
2022-02-19,,,,,,,,,0.005728448292466137,0.0026300491447445607,-0.00790686342387692,0.005518910111761758,
2022-02-20,,,,,,,,,-0.04326270437002942,-0.040948126371615275,-0.048866619788482835,-0.04309443772193672,
2022-02-21,,,,,,,,,-0.0626345494325867,-0.036765090502279184,-0.02085949365019457,-0.06067880609447598,
2022-02-22,0.001014526227730404,-0.0042460570683393985,-0.005496274490933907,-0.0035142794515450994,-0.006636163123505223,-0.004039950973900478,-0.006962353499887825,-0.005311885056242664,0.039267972983908536,0.03445240085210926,0.02544204798341476,0.0387236709438177,-0.006535966723306126
2022-02-23,-0.013019673685019413,-0.004521022827144122,0.005766219074787643,-0.010554975597404568,-0.011444759515712766,-0.0038355853496723448,0.007712298705847917,-0.010208722294026697,-0.020894244531552655,-0.02587485901094947,-0.01854268553832039,-0.021188914783464317,0.008096275594454245
2022-02-24,0.005844886592826033,9.839645208936491e-05,0.0009153935669778616,0.004899755833777528,0.00664616201331293,-0.0003797329901591618,0.0012564320858500224,0.005251989923757924,0.0018385094903915378,0.024284195602655875,0.002975463126547284,0.003368691883266228,0.0011793252865702924
2022-02-25,0.028299068288828364,0.026219595013536694,0.03597043176756039,0.026309637372143858,0.025427521482620962,0.0263067030391954,0.03531915530089721,0.02560138145417517,0.0426568023198654,0.0190685345116303,0.0640739815309288,0.04094413202355626,0.03485294117622812
2022-02-26,,,,,,,,,0.002904508069891176,-0.0026752968541105307,0.005996005841990337,0.002546005246913555,
2022-02-27,,,,,,,,,-0.04140870790385846,-0.034604823374625,-0.05728286710874153,-0.04108755094018821,
2022-02-28,0.014981012301147338,-0.005288448425351184,-0.0020590750107640035,-3.853551828980991e-05,-0.002195598379704531,-0.005030193397781811,-0.004459678707260819,-0.004200054272082427,0.1008640657054067,0.13707893097777182,0.1134332194172587,0.10287423592310427,-0.0055431639184409486
2022-03-01,-0.010226922298809876,-0.002423099140628138,0.003282136591495053,-0.009144048453373136,-0.012896231197349312,-0.0019195533292471355,0.003722148254503987,-0.00991026439570976,0.0031196221938872945,0.02443576713926851,0.018252916606172453,0.004017528141202927,0.004835342399216133
2022-03-02,0.01332360970301258,0.012532221747054173,0.01813171512633755,0.015705888688814153,0.019780619392027854,0.012006575392575812,0.019233125608756358,0.017191459979376284,-0.018961438742063776,-0.009748802791653728,-0.0075245790678323266,-0.018370626878023336,0.018976400046390562
2022-03-03,-0.003943445898772509,0.007811953301965634,0.007311596628651868,0.0017937922412186872,-0.0008418490610408497,0.008262556387121476,0.006976387171445275,0.0025557761446851806,-0.01945143008743081,-0.03255427548618475,-0.03920161771843611,-0.020491237102998553,0.009367748340188319
2022-03-04,-0.010092048189367153,0.0066280374526295,0.006751117242139341,0.001035714914827868,0.0018169686926337767,0.006455062326175408,0.008637326509226615,0.0038290491499140713,-0.0696371325993718,-0.072415614259102,-0.07666797157791327,-0.06970597955208468,0.009217026389458705
2022-03-05,,,,,,,,,0.0252353977196617,0.010435738963072825,0.018216357267732075,0.024299604613838423,
2022-03-06,,,,,,,,,-0.036850288741983914,-0.02493044740355871,-0.04120099883208184,-0.036280978689379705,
2022-03-07,-0.017769087077544526,-0.008510178907993634,-0.011984696122124888,-0.013665979865510611,-0.01776749892036473,-0.008724378427263674,-0.011737344225393966,-0.013706412041040585,-0.01777702786344355,-0.008740716087290597,-0.02241302390450539,-0.017582848672760644,-0.010317429570495133
2022-03-08,-0.0005181088985887563,-0.01223371740350335,-0.02068718591211047,-0.006662064640921823,-0.004451663647359793,-0.01272440298493515,-0.021576897991392657,-0.007775793456380921,0.019149664845266434,0.019351149778389875,0.031618715552175436,0.019610329594818704,-0.02135853508296766
2022-03-09,0.02275385732553449,0.00591341963002207,0.011458377875686635,0.013656416154944988,0.015019626125899074,0.004905597797495351,0.010492888888844022,0.011834889884651088,0.06142501332371159,0.07458472587045206,0.0593911064983772,0.06200920210457314,0.010496596894920489
2022-03-10,-0.008283750117282968,0.001609781085415686,0.005322637022252057,-0.002166331903443282,-0.0008810613935192377,0.0016769909794426753,0.005994653036093735,-0.00038353995603667215,-0.04529719373610162,-0.05542693213265008,-0.04459506244101141,-0.04583356169492461,0.005312562994704934
2022-03-11,-0.005725738540850366,-0.005508583548853738,-0.007162796857940685,-0.007084725008493278,-0.008321164119682882,-0.0052814536381171106,-0.006867260885244082,-0.007709960340962402,0.00725138935331222,-0.013631163980520654,-0.018590756322895086,0.005368084478711276,-0.007725905574468848
2022-03-12,,,,,,,,,-0.0003131008534325579,0.0013394035982218877,0.005935060859578956,3.5300209265702685e-05,
2022-03-13,,,,,,,,,-0.026829848389654964,-0.024518970688221318,-0.021675689037740864,-0.02645013005610165,
2022-03-14,-0.003629062472281808,-0.00568185258161655,-0.006178884936425354,-0.006142084992355221,-0.009521426509802984,-0.0050111743053961435,-0.00788088051125993,-0.007711318598791522,0.025832757715324072,0.043909467422040306,0.02848473341224711,0.02668476922104665,-0.009284607531504516
2022-03-15,0.008665417098065818,0.008096743104204456,0.009371826034663511,0.008925894303966422,0.009821014009503295,0.007586949336119447,0.009408423077174478,0.009488748243788842,0.002887432540878421,-0.006610542583312952,0.011368996119395458,0.0025400644223821205,0.007657220177443742
2022-03-16,0.020116243438739863,0.006928509960990871,0.00762987968191349,0.013763888315317704,0.01583014592972459,0.006467826460011624,0.006736730306712292,0.012834338325590638,0.041546730983816206,0.04167752247840971,0.057976079871540964,0.04143534314656715,0.007352926208341759
2022-03-17,0.011785017412108275,0.011256357305676845,0.017493043634677387,0.012926749748950446,0.014569366617528789,0.011468974287228607,0.01820264553627113,0.013456714863019888,-0.0021367286149943324,-0.004677988771905963,0.015439382650158429,-0.0021629113936973616,0.018852740112496845
2022-03-18,0.007895695606537636,0.0030792959438948097,0.00846081734073767,0.004355479861042624,0.004900691902451892,0.003427605460674051,0.00784489550174036,0.0037068546527463174,0.02287071412696635,0.020043188128250757,0.04635711215367966,0.02313454941323552,0.007462797370972377
2022-03-19,,,,,,,,,0.04889256616829627,0.00871791331527995,0.00031034161201071164,0.04618181678160278,
2022-03-20,,,,,,,,,-0.0008807548129557868,-0.020640381375746742,-0.029120965764543816,-0.0025504758487919204,
2022-03-21,0.007010971569600106,0.002147565319046323,0.0128040398429836,0.0034056050646730967,0.003616403556229849,0.0021981050721063006,0.013384575148225717,0.002503954856034189,0.023983811636451396,-0.002915509165380876,0.013115842942408973,0.022350544364735072,0.011772865308811126
2022-03-22,0.015103216163539686,0.004599136675497318,0.006856254846869449,0.00737148175567603,0.0055469342443239394,0.004556578187939716,0.002842391716339561,0.005208325998981502,0.06288462575961842,0.03066491712265804,0.025933453702879916,0.061261867667643,0.00312411866614569
2022-03-23,-0.006049250070386995,-0.008594184226677314,-0.0009894822499296988,-0.00795492421968267,-0.009675333619606638,-0.008826700551858014,-0.0008513408513738999,-0.00903405613522876,0.012081167675711223,0.013024332485753224,0.019486538985025836,0.012529639098255252,-0.001808074352589275
2022-03-24,0.013068632416285838,0.006370211991039185,0.016842296565336982,0.009573893641010914,0.010775713212324893,0.006390761467600202,0.017188572205797704,0.009135633471140067,0.02453322843609056,0.024229260207210265,0.02540190286930155,0.024264079998235995,0.016896195452847585
2022-03-25,0.005595401879406858,0.008991770024269596,0.010950701340167408,0.008625432957796024,0.009012400337871583,0.008741870791785743,0.010888625134352741,0.009313480329773884,-0.011489590412916785,0.0057831317879711835,-0.0004474251140281771,-0.01051938303028627,0.010014751022353368
2022-03-26,,,,,,,,,0.009594654493158005,0.006153877156286873,0.011751345351635134,0.009661884369619475,
2022-03-27,,,,,,,,,0.042547875454710636,0.05131577399853939,0.047212927981994834,0.04298470059537189,
2022-03-28,0.0014474188611262042,0.005753430042969288,0.0017105116236835582,0.0029484330144219075,0.0008465485017869987,0.00575602948226225,0.0024706645340038034,0.0029887269204861527,0.00445177065782223,0.00563057275601136,0.013688537758611341,0.0038551621173372242,0.00563956616714764
2022-03-29,0.012684810195777252,0.012469824745738958,0.00941224358127338,0.012483350885253233,0.012421936723784475,0.012742579127100667,0.009238146516738058,0.012490292526781644,0.013999177555741139,0.00685549260404778,0.0195865837458582,0.013738970602455797,0.013507730210635813
2022-03-30,-0.0019830263042148024,0.0009221409830340927,0.00022540377609890443,-0.0017072100058712176,-0.004279865159334702,0.0007718513270948793,5.731552314672598e-05,-0.0022418721434247202,0.009501167971384695,-0.0012877920124019049,-0.004947058898670642,0.009159620364956296,-6.875272342920744e-05
2022-03-31,-0.017306133656382425,-0.009234243709687848,-0.01216739491036858,-0.013169000314854148,-0.014612859704207257,-0.009295057322770238,-0.011429475187478303,-0.012471186252214847,-0.03077250341725826,-0.027376862956882294,-0.030579115649246424,-0.029636117635413788,-0.011966784103116102
2022-04-01,0.007345515668125022,0.008656384380184618,0.010777168077127756,0.008703508185924186,0.006186125023239843,0.008619011404759522,0.010431800752645295,0.008366067448248969,0.01314246889255092,0.015591617066716836,0.04447760946175751,0.013531786655962056,0.01121399366735425
2022-04-02,,,,,,,,,-0.01024608862981643,-0.012636647447705603,-0.0018165548241562222,-0.010303364192411213,
2022-04-03,,,,,,,,,0.019144810628382403,0.008749710084009718,0.022254028832633378,0.018502291147094924,
2022-04-04,0.0008953739066797081,0.0022263215759557205,-0.003475574711548884,0.0007793485202070928,0.0023851263573864533,0.0024119833917570577,-0.003291252182396678,0.0012928656375354403,-0.006553388346854017,-0.00653425494285856,-0.003476819634782206,-0.006604869747973648,-0.003394652388975016
2022-04-05,-0.013658704065118677,-0.0040369408439474485,-0.003915729594657493,-0.007763042822828495,-0.01069834050561134,-0.004132368960613706,-0.0030384186269222955,-0.007046894021081045,-0.028460521862655356,-0.021947371960717613,-0.02758747452336284,-0.028095889592715858,-0.002618427824167482
2022-04-06,-0.016328677696710422,0.01078747943069639,0.012415481809501147,0.00018979576216787415,-0.0012633246356550418,0.01090356727256135,0.015664312133824455,0.003800908071916187,-0.09165544300198733,-0.06209439134369406,-0.06973980918414693,-0.08990825517632593,0.016784471710310105
2022-04-07,0.007364622930832038,0.004162422217994047,0.014545559544222061,0.003352927828249656,0.0016102370143205452,0.004208161977235101,0.012180907512991787,0.002095061424375511,0.0361365525133895,0.010072743971665316,0.021836732448217284,0.03445119281045836,0.009810025068177774
2022-04-08,-0.004348636173546209,0.005752326712439609,0.0040009524408371674,0.002180438473540407,0.0031541323434364893,0.006308641850576265,0.0047498812772624474,0.003852374060579924,-0.041862478758459706,-0.028442144530391164,-0.018237754765226023,-0.0407764713047393,0.004242576558601574
2022-04-09,,,,,,,,,0.01842106310011493,0.014961181696586594,0.020093238700972817,0.018254373960248652,
2022-04-10,,,,,,,,,-0.01700182837889297,-0.015979957564411583,-0.014242067608179036,-0.01696492117380542,
2022-04-11,-0.023264955744011717,-0.01432368307248319,-0.02684316697214678,-0.014332245767559995,-0.011840453695113766,-0.014437281559454004,-0.025295412372659358,-0.011574641373680786,-0.08038746598850147,-0.0651325523751675,-0.07332814895583965,-0.07950629563823201,-0.025028813686916927
2022-04-12,0.004007312985704973,0.0018164428643736813,0.00473856662944334,0.0005896136400177384,-0.0008602131354637923,0.002195383531658696,0.004010142331240778,-0.0006723834202014961,0.0283449435915488,0.019418541308694803,0.019003976691112638,0.02781299311820299,0.005720898601425203
2022-04-13,0.013787966587576849,0.005431291697791969,-0.004619055693526487,0.008340961345549609,0.009111691535789813,0.005689145003569063,-0.005126979945034485,0.007259660040020904,0.037169341846512015,0.025933727903976,0.02572806588263796,0.0370566885045686,-0.0032570650443133156
2022-04-14,-0.005741101907638509,0.0016155547642569248,0.0038263079216625025,-0.0017831261522117394,-0.0021576094399995685,0.0017287122171022562,0.005143780909627226,-0.0009425892795940603,-0.02365856424583321,-0.027788879135088033,-0.02543319354164086,-0.023947754690850632,0.003862547830767842
2022-04-15,,,,,,,,,0.031038335249899567,0.019396294692895704,0.019786957395267285,0.029811573235128612,
2022-04-16,,,,,,,,,0.01442141326466836,-0.0019454691710864911,0.004791066292119773,0.013050950570878968,
2022-04-17,,,,,,,,,-0.038583655169079335,-0.020434361327872873,-0.024827177356300145,-0.03728899718932346,
2022-04-18,0.004428319975481326,-0.004826995237759168,0.0031707616562151593,-0.0004483679417178954,0.0008561339045568395,-0.004800071361967898,0.00270875936881774,-0.0014920864054716301,0.022289250330103764,0.026221693094456835,0.021286257654954153,0.022627882450875287,0.0038702561973671615
2022-04-19,0.014011769138049194,0.008272365187153652,-0.0012019401155042605,0.01114128474059524,0.012514123824200307,0.00834060973230692,-0.0027050985017461698,0.010825698455393003,0.021499995707293638,0.020218766322504175,0.01420364184124411,0.02095913633976539,0.00040420323179452005
2022-04-20,-0.000765378509120579,0.0029094705532160137,0.0048249187307559515,0.0023562962801415978,0.0015008733592365077,0.002772029496607752,0.005008440215834659,0.0028260931309499874,-0.012096637850906011,-0.005479915769912481,-0.011980102415697979,-0.012102661989009458,0.0069610292013560044
2022-04-21,-0.013784294691622687,-0.010967207392006035,-0.019184665846293334,-0.011491589435502702,-0.012365582660085608,-0.010754150330838803,-0.018624307680878346,-0.011368650837989273,-0.020877854849308077,0.025528650276596787,-0.028453476292525925,-0.017557073594350756,-0.020294123464905257
2022-04-22,-0.021214101715744404,-0.016785765332280145,-0.02520128431144877,-0.02060211323340338,-0.02310687701405425,-0.016334816860959236,-0.026236516135547214,-0.020963210827023813,-0.011750225224195167,-0.032516569271832226,-0.00978489885631189,-0.012740079632393196,-0.02528501293084368
2022-04-23,,,,,,,,,-0.01286054767525191,-0.0008770023442093212,-0.010150214217709801,-0.01217141011303871,
2022-04-24,,,,,,,,,-0.013762498814561453,-0.008562397644101275,-0.006409471392702787,-0.01346011627766331,
2022-04-25,-0.00044088502730586316,-0.001283668555768878,-0.007964268897556661,-0.0021930066861478954,-0.002562322005097424,-0.0013287758040321678,-0.007443528728110656,-0.002600157273933505,0.01016629986165194,0.016317047008619554,0.02343157663030312,0.010754379211158693,-0.008602414148720153
2022-04-26,-0.028544543537565997,-0.015094889751687891,-0.011829020733592323,-0.019887547193337084,-0.02058994664206025,-0.01549741464210074,-0.01040090532523862,-0.01797328271577665,-0.06831752801509475,-0.05624667368657318,-0.06819850154627592,-0.06752696103126346,-0.011063028247870605
2022-04-27,0.004447883171157322,-0.0018177644505171636,0.0028560858540041295,0.0012601592524051082,0.0004532832337849469,-0.002421833360561563,0.0017093660907491369,0.00020842671344415244,0.0244208828580192,0.027062342657637257,0.026647217628147542,0.024666361202592905,0.0007863864928067542
2022-04-28,0.016149437880903197,0.015516793807616128,0.020314804713834032,0.015569054669067042,0.0175969767603209,0.015475466775917384,0.020423687163959616,0.015966436777437597,0.008911743483814662,0.012098090400434525,0.011629947044177826,0.008946533593789805,0.022865437531591305
2022-04-29,-0.03535914037351934,-0.032159928898469727,-0.053255656465923576,-0.03392636000498879,-0.035137233680550675,-0.0318863383579277,-0.053089432261803654,-0.03389764979967741,-0.03646867383836265,-0.02188970429365465,-0.042752199539997676,-0.03573545610643687,-0.054999872814888225
2022-04-30,,,,,,,,,-0.053359876819118274,-0.02000961526623367,-0.031804936302343954,-0.05099535906794863,
2022-05-01,,,,,,,,,0.04733577045165833,0.04535625053054868,0.03573723860073175,0.0477123018055428,
2022-05-02,0.0030438634196666248,0.0003237894995951226,-0.012962247327453182,0.0007016636270065357,0.004282752066340887,0.000804253538510988,-0.0130429756559096,0.0011958153228641022,-0.003150579813704691,-0.005699645773693973,0.010486865128902734,-0.003326750498792719,-0.011543098198348036
2022-05-03,0.003564029912301042,0.003829088460780455,0.006128569527416816,0.004576202791135676,0.006419254004216235,0.0036878162979919723,0.006332183416387158,0.005317089584346598,-0.010712090547274924,-0.0036184881282140067,-0.02587450581867512,-0.009930281511386922,0.006839101452687904
2022-05-04,0.04177919186906608,0.023275535589613296,0.013270053986607955,0.03050964797022509,0.03059747582803359,0.023247333814366167,0.012504761727946364,0.02762473269475879,0.09768777207422855,0.0841413794522616,0.05646480841047263,0.09749855758122175,0.013871540158043988
2022-05-05,-0.03567404621053816,-0.01468839812739986,-0.0228065333000575,-0.023935714310118858,-0.02522333353713442,-0.014580878017068359,-0.0228305420028876,-0.021276791518743846,-0.08792760957755685,-0.09175234414927767,-0.0650985260875554,-0.08818898961001435,-0.021402669137875367
2022-05-06,-0.0014604223199472903,-0.006109977251109043,-0.006329404598939225,-0.0030298759637442,-0.0037348140552296684,-0.0062350771189513465,-0.006872414561624681,-0.003871195787619794,0.009911536356464605,0.02470109606577786,-0.01972688030319758,0.011629503818004365,-0.004392223240094421
2022-05-07,,,,,,,,,-0.025861551667197516,-0.01930455976505844,-0.02185052375578611,-0.02562500904075013,
2022-05-08,,,,,,,,,-0.019123252337417542,-0.019405617825440334,-0.04500336515045189,-0.01891251279849362,
2022-05-09,-0.05231015937226137,-0.016572010319042093,-0.0517461734917055,-0.03373527744323995,-0.03505511084284932,-0.015666514947898523,-0.05180504683227375,-0.029179785398869278,-0.13858540201932165,-0.12260346193385092,-0.10805714698013369,-0.13788100310239812,-0.05537293779956066
2022-05-10,0.0022894566308399125,-0.006681051173525951,-0.008609372173399084,-0.004542850215724118,-0.00435015726679066,-0.006943860358185987,-0.009165376638924366,-0.006158652669699303,0.03548752611899277,0.03020870319695179,0.04368007377831029,0.03577437312646139,-0.008789833543336652
2022-05-11,-0.026863850658016598,0.006606629662193188,-0.0025137596891369176,-0.00644766826948475,-0.003418132781437833,0.006844419261658246,-0.0028837274515607766,-0.0002836493086607652,-0.14409244004091043,-0.05928933871860088,-0.11581014355526464,-0.13892907220423134,-0.001586497179577129
2022-05-12,-0.006284836576940928,0.0070467578412552944,0.005142282968502998,0.0012134678014476992,0.0022033135934364755,0.007593169288337787,0.005405854197621673,0.003445639993995483,-0.04872558742882796,-0.018990946298558662,-0.053282488294059016,-0.04756247672139158,0.005279549082719654
2022-05-13,0.02971034348845338,0.010636512531546655,0.016478107433455402,0.019834974506970905,0.022291124944625016,0.010435452831337478,0.016095146747517938,0.018025645898809735,0.06680643620759522,0.029569294141655794,0.026872933410718503,0.06533329217826808,0.018541776062762073
2022-05-14,,,,,,,,,0.021150943771016485,0.01616383040371931,0.020778065161833226,0.02065984120459835,
2022-05-15,,,,,,,,,0.041672055707046005,0.030289983749469555,0.04349267877534668,0.040808058416632785,
2022-05-16,-0.008837458817569869,0.0062581972174756105,0.002936511603523514,-1.2351977051376509e-05,0.0013181692032246065,0.006231714020847199,0.002498174309184957,0.0026965429399428685,-0.059615598921542265,-0.045866214014243775,-0.057314837096923754,-0.05898440064062409,0.004638471585362326
2022-05-17,0.02352217655826353,-0.00048046690085421894,0.00500806740382619,0.014879989519473506,0.019450539934054743,-0.0017573264738680867,0.004687879551961295,0.01390236549438847,0.04388035967930752,0.025218420320248278,0.033461392764142284,0.0428123308142607,0.004319779465553262
2022-05-18,-0.036568352952385266,-0.022442733482086644,-0.03294804282202296,-0.027198451241726776,-0.02801387185213911,-0.022647767963397795,-0.032234196303908724,-0.02496810458339187,-0.0793407584536161,-0.04731426035691883,-0.08311915841461581,-0.07750523843831471,-0.03248623013905626
2022-05-19,0.006398791311356195,-0.004625196226779188,0.0009778624445095437,0.00016738441345667343,-0.0018228315479148114,-0.004921101709581249,0.0011494776015965311,-0.002003794991797718,0.047506905607711224,0.05125072993260048,0.053050754503766395,0.047430927305942776,0.0008361103581585815
2022-05-20,-0.00472162270689022,0.0033704385557977107,0.001145466931164208,0.0014115580650025748,0.0006859801810684973,0.002946469470295296,0.0006274642293191892,0.0028513046108516833,-0.031759637146683804,-0.035330832234726196,-0.02825124393605738,-0.03170611602493817,0.0010323053289839484
2022-05-21,,,,,,,,,0.01647804411295526,0.014905612017984933,0.006731520527228918,0.016415684881491196,
2022-05-22,,,,,,,,,0.03472782004763588,0.03596315931105622,0.03476891305694485,0.03488364290627753,
2022-05-23,0.010608109265878497,0.014464768003374345,0.012864942389457188,0.01478243784617964,0.019290594368582815,0.01445595529108015,0.011422947349106165,0.0171510667276192,-0.03280431624764311,-0.036523875840632984,-0.03474418451813721,-0.03312660735255506,0.012724916420391953
2022-05-24,0.005686548913250512,0.010079019947555714,0.0037461435788292297,0.006435277202222676,0.0004160499764193643,0.009898466083001085,0.0035430420231288176,0.004943796709782427,0.03203904359740626,0.027816688323989154,0.0034484158752532412,0.03141595678754813,0.0038268672471281247
2022-05-25,0.005888223167806834,0.006389781541446257,0.010790935419062309,0.006164051104164476,0.008934932428617256,0.0063732423968069,0.011106099176314421,0.006959585808966894,-0.009345323136245278,0.009123175131302208,-0.017258819749310206,-0.00798678582579839,0.010586034995070088
2022-05-26,0.0042446690341475385,0.004684317675048843,0.00905190478172606,0.007697914408401167,0.015234428874930364,0.004972079858769501,0.008855104422574372,0.010556378000202468,-0.05070413016976659,-0.013849738654964604,-0.07245605236746355,-0.04891681816596198,0.009379766463883384
2022-05-27,0.011565068511086298,0.011220689902114457,0.020313782552709353,0.014821305633038313,0.01958241057376831,0.010840576621696605,0.020239477800093136,0.016993715558775664,-0.02852164180232375,-0.0217088674332405,-0.04378840002928741,-0.028597614498004117,0.02054074320768475
2022-05-28,,,,,,,,,0.01804435320543567,0.006845951155083591,0.019142259532667127,0.017402720998815253,
2022-05-29,,,,,,,,,0.02776182819934858,0.014708074139660063,0.030768501122035552,0.02686927495426825,
2022-05-30,,,,,,,,,0.08357793585561525,0.06744183698128685,0.10176993535099799,0.08285239644819063,
2022-05-31,-0.004450962361167223,-0.00959876265587413,-0.015251448804142012,-0.007300503231050776,-0.007686832348451913,-0.009497349370658327,-0.014927383601627086,-0.008160010572595343,0.011728387575256228,0.004185613200637399,-0.02710486988964189,0.011669576115004873,-0.01458807889129117
2022-06-01,-0.016220122078898152,-0.005818485052978101,0.001371412839180677,-0.009084640464982544,-0.005248085487194567,-0.005231781011462348,0.0013526439898282428,-0.005386446169525586,-0.0710803050374161,-0.04896075495435416,-0.008516339710219367,-0.06877612711773615,0.002854645921926615
2022-06-02,0.016240133807354812,0.0036721741193886754,0.0011465449059430792,0.011656465769894491,0.014666480722361935,0.003715953099002003,0.0011519446455978783,0.011330776175065406,0.0241083992323192,0.019006776509522535,0.00892491590494604,0.023164405187306336,0.0014355050493052425
2022-06-03,-0.01127140329199553,-0.005097852914410799,0.0032035702731429585,-0.008344921966716176,-0.00828168804204499,-0.0050662303995702585,0.00319254551523232,-0.007391878630278032,-0.02621997954174823,-0.02795289635064318,-0.036511993480355054,-0.026308996250672533,0.002621686551677893
2022-06-04,,,,,,,,,0.007294771740642957,0.0008024571556620981,-0.009575553603478393,0.006809923619569725,
2022-06-05,,,,,,,,,-0.004211390828016736,0.005185812080940325,0.013177089958018584,-0.0036089963507201306,
2022-06-06,0.004473021448710696,-0.0033819080430568644,-0.003150804388134836,0.0008097561258214561,-0.0004726634839063059,-0.0038332058449779575,-0.0031490917150093756,-0.0008787691436223702,0.02920144611179571,0.037411529501182476,0.0034263556344134027,0.028894447089665924,-0.002687147000693857
2022-06-07,0.006515504781820811,0.007360956510571383,0.014072670505202485,0.007934727779527742,0.010212564518665375,0.007645706513345671,0.014058258290447696,0.009217011079687917,-0.011969793902402005,-0.004165090423786936,0.0037697449969036345,-0.011554616618438878,0.013052770175834307
2022-06-08,-0.013009352302863542,-0.010135986690960575,-0.007800369802046332,-0.012591599719481338,-0.01288874606797629,-0.00984772494143754,-0.007787497637168486,-0.01244978793367692,-0.013612383477299806,-0.026802885810695756,-0.01677786409188775,-0.014598416655649007,-0.009320173430962824
2022-06-09,-0.020680984995779597,-0.022286412407549083,-0.025226515430060468,-0.021317159739861688,-0.02355902207801281,-0.022445814254005984,-0.02521864892134594,-0.022326040411446188,-0.006290799584613549,-0.0014631676453976622,0.004204042995810342,-0.005725504299399331,-0.025378622695413886
2022-06-10,-0.03016926038223657,-0.009973505642542178,-0.012482216909342434,-0.021849411054117533,-0.02572519852341478,-0.01013817029932671,-0.01247669024976858,-0.020598069738807324,-0.052389569676345525,-0.03185098590258157,-0.025093907437285012,-0.05092039557298375,-0.011385923253191765
2022-06-11,,,,,,,,,-0.05910299544008756,-0.02818105927713137,-0.03796357082751811,-0.05771687844328441,
2022-06-12,,,,,,,,,-0.05806915079641411,-0.04047701220214059,0.006267465900107849,-0.0557760088565891,
2022-06-13,-0.054737652165409836,-0.03373392767103331,-0.04223534647690893,-0.04249416299450736,-0.04038529147505947,-0.03280567175949544,-0.04222876644714019,-0.037439880789905434,-0.12649945561716172,-0.16114254174861328,-0.16525123860314017,-0.12945712794940203,-0.04550708698261639
2022-06-14,-0.0034627853951064965,-0.01397737622432415,-0.006792782902203087,-0.008628946663122954,-0.0064914420956831,-0.013912785405847781,-0.006802378469757687,-0.009389218299233237,0.011680498107776516,-0.04113685977756959,-0.12552909351544672,0.007115819091665866,-0.008943194654467374
2022-06-15,0.019983917419261744,0.0028887023728968613,-0.005394896785809837,0.011688288694710187,0.010895650187921786,0.0028782394478230463,-0.005387132579708404,0.008892147394273742,0.06542525357596155,0.04478248251210018,0.1281145700750721,0.06390478730311433,-0.006232100246594287
2022-06-16,-0.041892255552994244,-0.009414383194230328,-0.022765874983308988,-0.027106990085312963,-0.02883302653138866,-0.008886281054234188,-0.022741826766067286,-0.02271729849905671,-0.10718840066102221,-0.08794401266981323,-0.061064917002141894,-0.10607308930869905,-0.025773315310926116
2022-06-17,0.002732871883782613,-0.0040610411131925634,-0.021149212576235067,-0.001709027476840438,-0.0040129501461385695,-0.004195066009331381,-0.021117119004323295,-0.003867491103070632,0.03646198203338853,0.006653637733392446,0.013267871448294333,0.03483962419284737,-0.02257797746122054
2022-06-18,,,,,,,,,-0.04251541303837564,-0.0485730702931193,0.01752013899189553,-0.04247225899842082,
2022-06-19,,,,,,,,,0.07927452664115972,0.06265786725059498,0.009388895965015687,0.07761542796746328,
2022-06-20,,,,,,,,,0.0015757411640274664,0.00026640778817730096,-0.005577667473292913,0.0010305566943664183,
2022-06-21,0.018731182956851004,0.02223872288901675,0.03602139497788663,0.020983402011176305,0.021283145794544635,0.02223225689159772,0.03600681493380929,0.021779999602155778,0.005971368768382867,0.019338061334108935,0.060406880992289747,0.007498828508460856,0.03412143179965577
2022-06-22,-0.008861850562642583,0.0025641690410355845,-0.005573876246395764,-0.0019884766620611337,-0.003436148511325536,0.0027820081840184705,-0.005542073629644588,-0.0001133687400454149,-0.03599036081922781,-0.0328083631771607,-0.026539834684573993,-0.03589706244486129,-0.008858143436614365
2022-06-23,0.0100016140490976,0.012801519042429044,0.0019270043382516437,0.008966614608035186,0.0025338360448495245,0.012327166771294114,0.0019437430107970208,0.006358502741887338,0.047340504070337984,0.043538787716132836,0.00985353309190895,0.04694575114422293,0.0015616926915266328
2022-06-24,0.030300955456340234,0.014302032743012573,0.018707588069788766,0.024528805339700806,0.028722864719396547,0.014604462417542223,0.018695634071567706,0.024164743143955076,0.03819140914105866,0.013726804795720459,0.0337897082016807,0.037820745724599245,0.017973669372952087
2022-06-25,,,,,,,,,0.007753439427377806,0.005720339847628257,-0.014976910332770266,0.007252142455360665,
2022-06-26,,,,,,,,,-0.021408985862141752,-0.016296812492784096,0.0007701480956912032,-0.021256719392726636,
2022-06-27,-0.0037082095460848016,-0.002653648363654227,0.012730474416412734,-0.002525440354893423,-0.0030991162767539794,-0.0024928418784978578,0.012725794449471044,-0.0023901407283186417,-0.006753675892738909,-0.0021339626392202025,0.03244874600312864,-0.006081423075427556,0.013429803892082762
2022-06-28,-0.015119424936045182,-0.008872381315891511,0.0028569641285012847,-0.011235376144054503,-0.009510549810128442,-0.008894472387077385,0.0028415256766930763,-0.00958132753239739,-0.043163800565628886,-0.020282868071615452,-0.015416255334360307,-0.04184774072318143,0.005355062515678849
2022-06-29,-0.006696225000566496,0.0005301599960404905,-0.007211301740326443,-0.003156112987735729,-0.005108620032928052,0.0005669059410268429,-0.007183742641822836,-0.002620422252673114,-0.014634249838758707,-0.011137988321482405,-0.018292497182254785,-0.014970279620940673,-0.008693840979920191
2022-06-30,-0.007535848717859894,-0.007585892789730082,-0.006754082371061402,-0.00621747488265505,-0.00757003786096443,-0.007652944476588653,-0.006750644163070365,-0.006335253665720601,-0.00736490300233722,-0.012149286264956937,-0.0011568339800731575,-0.007612356284431132,-0.004832194429145313
2022-07-01,0.005155360012899511,0.015309501010835457,0.013188824304346789,0.011139483277908906,0.010735052336339567,0.015300500841932359,0.01314927651097232,0.013096156599637096,-0.022743101604300778,-0.01954573483925639,-0.01954573483925639,-0.02209497404099095,0.013143717588444306
2022-07-02,,,,,,,,,0.010206534368909838,-0.0016073401101197216,-0.0016073401101197216,0.009514796821822923,
2022-07-03,,,,,,,,,0.006203747849250052,0.00790780085654489,0.00790780085654489,0.006637395832455876,
2022-07-04,,,,,,,,,0.03434928007958627,0.039975087719177016,0.039975087719177016,0.034424216620007324,
2022-07-05,-0.008417589662965286,-0.0038302241245569335,-0.012234353605886157,-0.008017607007166028,-0.006293927342713394,-0.003784969989778711,-0.012209357719545014,-0.007151288503012163,-0.019035901264224744,0.0017304597681006603,0.0017304597681006603,-0.017361605546757603,-0.012422731733170279
2022-07-06,0.0027449040675721625,0.0011399808451833455,-0.004038071095927213,0.0014976056872333513,-0.00013597333307193254,0.0011445239107652817,-0.004064871987474823,0.00046117629741965823,0.01714929107079264,0.01140224505730154,0.01140224505730154,0.016809853376626584,-0.003722422242392705
2022-07-07,0.01812251090033878,0.002406710828427558,0.004394999328681943,0.011024373339357846,0.014110195282665636,0.0024122779606164887,0.004374793690497671,0.009587815826565435,0.03818408898870451,0.04368732881824993,0.04368732881824993,0.03813879841836172,0.004015484079361678
2022-07-08,-0.004392454474492608,-0.0024131613311171927,0.0001990487870696694,-0.003320567808431843,-0.003327694098526209,-0.002431330866658869,0.00021690196892536881,-0.0029937981638927624,-0.009716256354324614,0.0045128807891266715,0.0045128807891266715,-0.008694387898036206,0.00024389309464387544
2022-07-09,,,,,,,,,0.014113331687002918,-0.0017862509581121854,-0.0017862509581121854,0.012842607789766036,
2022-07-10,,,,,,,,,-0.039914641433941585,-0.03362181167476495,-0.03362181167476495,-0.039716341223732965,
2022-07-11,-0.01564164553513321,-0.0003788735628049151,8.342829637431855e-05,-0.007378260872234902,-0.007581620815643344,-0.0003689174282832126,9.25857489753582e-05,-0.00458274587944931,-0.055941769132582544,-0.042688545976050256,-0.042688545976050256,-0.05499962728844292,0.0007576250573100841
2022-07-12,-0.007135968983798228,-0.00553104740305577,-0.00899092782308904,-0.0056964866961642605,-0.0038619318641055773,-0.005535837111044865,-0.008969887913137728,-0.004488847389185684,-0.023506154582261487,-0.024509681307552204,-0.024509681307552204,-0.023091906489777332,-0.008354522668353676
2022-07-13,0.004273844927175245,-0.0018961143299977363,-0.0028477396490512808,-0.0008436376885097602,-0.0037269688378600173,-0.0018593251655157034,-0.002857906240138677,-0.0036923252154167172,0.04427791375235155,0.04075856423577321,0.04075856423577321,0.04410466888355105,-0.0031347957793865554
2022-07-14,0.00039546183623718,-0.004437830427053418,-0.0031895015925160163,-0.0027354572269147103,-0.0041632110087867465,-0.00447241859247938,-0.0031808905399155363,-0.004344293249972447,0.023188826061356818,0.01595861178783341,0.01595861178783341,0.02310453128097095,-0.0025085320960855887
2022-07-15,0.01772329816929271,0.010741027823830403,0.015984953869072595,0.01581130885216812,0.018608815343360566,0.010718446370585482,0.016007070633168616,0.016129931982517567,0.013295712298953433,0.01038050539018629,0.01038050539018629,0.013233999422466065,0.0160012676171262
2022-07-16,,,,,,,,,0.05154078995565464,0.01995061684530403,0.01995061684530403,0.04952177741171556,
2022-07-17,,,,,,,,,-0.0009481346380628363,-0.019889125481875106,-0.019889125481875106,-0.0028868645597382335,
2022-07-18,0.015313114732142499,-0.01164038247115589,-0.01141734833467571,0.00018161168622955298,-0.0032098002043968576,-0.011651713196939665,-0.011455193471588267,-0.006333321277412864,0.10792768941483928,0.0680510345384462,0.0680510345384462,0.10414584642841462,-0.011956560019354617
2022-07-19,0.025868757750962736,0.01350518454318314,0.011945107103535281,0.021594439908184656,0.027385120685752967,0.013518089657009248,0.011903425559352658,0.022182007379583358,0.018286943077011588,0.030445987821335802,0.030445987821335802,0.018456919152659887,0.010818929993200693
2022-07-20,-0.003828157409285748,-0.0061353727955415875,-0.007857718689821868,-0.004069872106361624,0.002652137007976471,-0.006167420009813043,-0.007853825306538168,-0.0017292774463599967,-0.03622962949559685,-0.01089209795625429,-0.01089209795625429,-0.03461476948982922,-0.008160237551668328
2022-07-21,0.008552757200913889,0.003934770548086671,-0.0034050585267437314,0.004923292179646124,0.005351057035176227,0.003937492954921361,-0.003392416846257779,0.003967498679402125,0.024561258029602205,-0.0003457708195673584,-0.0003457708195673584,0.02271173457062482,-0.0031156884077510323
2022-07-22,-0.005418183269914842,0.00011698433125247923,0.002077766192061138,-0.0024903118055458473,-0.004943947923047727,8.664595019757951e-05,0.0020981586182099135,-0.002340618372530795,-0.007789360004250422,-0.01826101886082557,-0.01826101886082557,-0.008411412580189775,0.0027873284673018456
2022-07-23,,,,,,,,,0.007536720936223896,-0.008473622918812861,-0.008473622918812861,0.005963562782351454,
2022-07-24,,,,,,,,,0.01969238716296306,0.004694497865503606,0.004694497865503606,0.019200181758509044,
2022-07-25,-0.009139212362314906,-0.0037800046635507747,0.0179684066173799,-0.0028443195266152133,0.0035859017301082836,-0.00379461917771906,0.017952571388705166,0.001546799825366526,-0.07276478282443084,-0.05310464249971896,-0.05310464249971896,-0.07161898546669392,0.017477458908866653
2022-07-26,-0.0033364259038047364,-0.003596494756387636,0.0007481767266345532,-0.0023712589159249967,-0.004859655657097753,-0.003669686144463725,0.0007538843779254354,-0.002789072452346976,0.004279722862660339,0.0013448746288810282,0.0013448746288810282,0.00418782159355398,0.0010470623129644912
2022-07-27,0.02792847365268602,0.0036588327938560285,0.0031878074467338114,0.01381010836543733,0.011691570468449708,0.00370949374519552,0.003189684970436228,0.008218133496499675,0.10911298957386757,0.07246151369635541,0.07246151369635541,0.10506344576637018,0.0029592752728707077
2022-07-28,0.021607122134156633,0.00844671079692649,0.0029316705855223974,0.014504742960931757,0.010345161395059147,0.0084199240072998,0.0029115408685765325,0.010453396562970762,0.07791692582964407,0.034090044128283106,0.034090044128283106,0.07482214545925273,0.003532019277754581
2022-07-29,0.007116952121869635,0.0028919950957912517,0.002824468580703615,0.006202946446571563,0.009706179215131488,0.002865569882851483,0.002703805621526271,0.007017273842494512,-0.005829183344439626,-0.003027749449028982,-0.003027749449028982,-0.005747734075700187,0.0014772666834170188
2022-07-30,,,,,,,,,-0.004675670221653649,-0.004322441165601736,-0.004322441165601736,-0.00437657994581269,
2022-07-31,,,,,,,,,-0.016465189612308164,-0.01104133548716529,-0.01104133548716529,-0.015879537971721126,
2022-08-01,-0.003463816514591548,-0.004841897524800526,-0.013599401875241892,-0.00324099517501135,-0.0016167632894356567,-0.00485124328730111,-0.013583663736140754,-0.002613243813844825,-0.012699082640371008,0.0039840280574432565,-0.037713626748164364,-0.010678772044628712,-0.012953382625364579
2022-08-02,-0.01125840552766689,-0.005569900990959462,-0.004840830708552672,-0.00956260896727739,-0.009763777204931854,-0.005532454666868937,-0.004824332817830553,-0.009045007941003677,-0.018731547141342078,-0.017095467911101905,0.042318148699935776,-0.019668968916376595,-0.005099710119085393
2022-08-03,0.004307763973303617,0.01257273860458943,-0.009122359279103735,0.0060875700956566445,0.0063489694907891345,0.012669393328144271,-0.008969520147365111,0.0069176512952646915,-0.005898263614123967,-0.006466905797355335,-0.015241665358177392,-0.005925414074850977,-0.0090895574215623
2022-08-04,-0.0011084059539739493,-0.0067517363189833705,-0.018000437025099004,-0.0021845766429237226,-0.001620504861874982,-0.006853318338423534,-0.017897738213435224,-0.0022498763221444405,0.0014520885855312197,-0.0008300894876216197,-0.03335217056145956,0.002234437395589206,-0.017619575071663517
2022-08-05,0.008947954951706028,-0.004275453714870729,0.0036464162226441986,0.0029113056064833166,0.001588598643800305,-0.00428490032508056,0.003546238346046966,0.0003297748003971562,0.04574473649123466,0.02357539805025079,0.09922749492462324,0.04290923427561569,0.0035996752743257168
2022-08-06,,,,,,,,,-0.009351144158146453,-0.011174317469364682,-0.010855094572901347,-0.008967564838658314,
2022-08-07,,,,,,,,,0.006392427307688353,0.00695703036515095,-0.0032315128243923796,0.0062886909062490545,
2022-08-08,0.0037225810330289637,0.004241790738961911,0.008968745236855822,0.0024911100174291392,-0.00012185518376140356,0.004249051138043436,0.008965576940280676,0.0010961005769719542,0.022944762116980797,0.020542132990425902,0.007481817281771219,0.022998596404102484,0.00840730870200239
2022-08-09,-0.007945398147576594,0.0021445786096632342,0.013994579588116325,-0.0011703891662794635,-0.0008059676403024054,0.0021447202945581233,0.01394750499363603,0.0012422069364896899,-0.04364255068394754,-0.02590267518346812,-0.04165058947903488,-0.04243527566252142,0.014628321948965545
2022-08-10,0.02228558638615794,0.011441777038888011,0.004512373472526365,0.01585327365735104,0.01673915248481959,0.011440432281496453,0.0045022303466768325,0.014011150560937031,0.050017755892849645,0.03164002269290149,0.06331010122317893,0.04824219802200347,0.004330561286031398
2022-08-11,0.00711277305876338,-0.0012233451619432624,0.013407751317875066,0.004011873584868928,0.005926270642628072,-0.0012335261455850542,0.013335538059165842,0.0036239219616435656,0.013045285139439911,0.0002897545301630114,0.09112905942611937,0.010775707243490114,0.013292697454601068
2022-08-12,0.014744085826509507,0.014563067371335474,0.006391170558955318,0.014507680928913894,0.014869254887947707,0.01454534318045259,0.006372859692622917,0.014621941223109532,0.014118240519318504,0.012781567970535826,0.02810762051372051,0.013349271087117795,0.0065286802240607684
2022-08-13,,,,,,,,,0.007878268833164915,-0.0020254706541263435,0.001904227691049698,0.006773604304952853,
2022-08-14,,,,,,,,,-0.012942023802462376,-0.0006128505873192451,-0.044592959001860666,-0.011613407319746395,
2022-08-15,0.0008230034027234433,0.010805232666317131,-0.006899762624068366,0.004011106105381888,0.004334572828434533,0.010908744135593458,-0.0068367911045385055,0.005228839276893917,-0.016734843725832,-0.011682668868256607,0.009580759883547119,-0.01672676517885446,-0.006822898047749336
2022-08-16,0.002814440189481564,0.012488682863202346,-2.395530274229765e-05,0.004431130442580385,0.002959074994956916,0.012532004496147702,2.2218564439296907e-05,0.004494766157267228,0.002091266162104811,-0.0032134053313727573,-0.04869819315779644,0.0025296764833681942,0.0001194224863540497
2022-08-17,-0.007798589889117788,-0.006233479244144871,-0.0024698463600302694,-0.006980409740068339,-0.008142599544448665,-0.006224856032778483,-0.002495386616416061,-0.007145385486977129,-0.006078541612463405,-0.02191809115518049,0.006425488998786921,-0.007212416666962846,-0.0020963656611578067
2022-08-18,0.0004369317370867693,-0.002344461582286464,0.01054287576166175,0.0008709003091388244,0.00399189397737818,-0.0023611677085236577,0.010481914199428163,0.0020687172871249274,-0.017337879464370286,-0.007566880372075553,-0.015422537496979638,-0.016820853593314193,0.010919594812300128
2022-08-19,-0.025355329437994716,-0.004622021326994016,0.01880664716883607,-0.012533886505612839,-0.008808503379776999,-0.004615941376074931,0.018790534607576636,-0.006864209139253225,-0.10808945972908332,-0.08416411419273444,-0.16770785991580295,-0.10415768782099467,0.019528529251491625
2022-08-20,,,,,,,,,0.01436897110145091,0.01783664622920791,-0.002610777067225123,0.014836926201064663,
2022-08-21,,,,,,,,,0.031694698941254096,0.012834702278152641,0.024841004773427322,0.03003092435661969,
2022-08-22,-0.01253747539978588,-0.014094755070937708,-0.014183802187564872,-0.014807919730204563,-0.019339684380979445,-0.014089785002093349,-0.014194844363090682,-0.01721155945508804,0.021473569506181945,-0.006238455871263715,0.010152523520609469,0.01922434557025141,-0.014321265013332996
2022-08-23,0.004000658103116928,-0.004600861945308285,0.014118585271510413,0.0004615762559287824,0.0019793433425868744,-0.004630898369899624,0.013981854821631676,-0.0002984034855983222,0.014107231905767193,0.007538235947338579,0.008457545541859401,0.014127831749257917,0.014764757898373672
2022-08-24,0.00068845688620473,0.00032469242576936146,0.0015505198068073436,0.0009579131860497322,0.0023558955475155583,0.000328385672016802,0.0015164885274261838,0.0015789395793630616,-0.007648736420349412,-0.010962590201082454,0.029484841107094706,-0.008669323825117453,0.0019461014512199587
2022-08-25,0.013369768680934337,0.006356812320204994,0.00584909244285558,0.011191744419569629,0.01385520701878383,0.006301209433378623,0.005845555895628888,0.011458905176826954,0.01094257699168686,0.009748022740486017,0.051649881143130516,0.010153865791630017,0.005355130369982696
2022-08-26,-0.036080888455400716,-0.018548902028649943,-0.015094010269118281,-0.027906854956240637,-0.02769034731246524,-0.01850156227342988,-0.015110975018962289,-0.025054505047248106,-0.07803359417007812,-0.06048546067690313,-0.08741025297798977,-0.07627394308447237,-0.01469143387299434
2022-08-27,,,,,,,,,0.00217928456937987,-0.000719415857040954,-0.026516156550363434,0.0025434498782059677,
2022-08-28,,,,,,,,,-0.033573061151733086,-0.021967869191442266,-0.06419132144199358,-0.03209212051136623,
2022-08-29,0.005030206035969886,-0.0041361468565930416,0.00568375460000661,-0.00032880292913341127,-0.0038147275975503716,-0.00411936726465031,0.005672828167647945,-0.0035548505795400635,0.04925487420357118,0.03341278205290555,0.08779453230308842,0.04729552425764558,0.006376927723888842
2022-08-30,-0.015619484591487919,-0.008466532436504715,-0.018112905476239255,-0.012955142241647753,-0.013364542345735518,-0.00846252204841196,-0.018031425130266277,-0.012173489162842457,-0.0268941958202499,-0.009866538321956256,-0.037934466256259514,-0.025020494083297023,-0.01869192786778256
2022-08-31,-0.005587489685243131,-0.0028369500632344407,-0.009967468883893967,-0.00580061385013793,-0.007346647125874835,-0.0027627853185829567,-0.009937359876011975,-0.006476772225873055,0.0032082975179153817,0.002058862576501517,0.003377537891181337,0.0029422639469916913,-0.009861655512608909
2022-09-01,0.0034886436672656863,0.011785811781609501,-0.0010243004495418292,0.005286347428336876,-0.0006877551969647988,0.011781230995698595,-0.0008165665728594261,0.0037575433555318647,0.02437063798841811,0.0021083094648860125,0.015365403154137036,0.022499632688190625,0.0003212529872962897
2022-09-02,-0.007112650662027258,-0.009408581636928745,-0.0007867180245085567,-0.008826993972714227,-0.009523452905370693,-0.009388853629716941,-0.000900616370903721,-0.009691525716914628,0.004941360554689911,-0.008610082799954802,-0.01356340553087465,0.004136611378534395,-0.0014385455548966072
2022-09-03,,,,,,,,,0.002144406622791495,-0.0018128290701083165,-0.006652541188020611,0.0018947076801154026,
2022-09-04,,,,,,,,,0.00946666488626442,0.007297172899032075,0.006225759079670601,0.00906572747006582,
2022-09-05,,,,,,,,,0.031521784509391984,-0.008448598176682634,0.21734620267723814,0.024613072310430122,
2022-09-06,-0.01516233427813982,-0.0023265104746768195,-0.007900338707695836,-0.007324641308621693,-0.003960837321840623,-0.002337187901505737,-0.007868927731657026,-0.0032758520854808417,-0.0711698190596358,-0.043994106069389756,-0.12378078884445143,-0.06739695729286521,-0.007379736668516491
2022-09-07,0.02288835686256835,0.01652414207253429,0.0011471147866170888,0.01900649546940319,0.015912572907354684,0.016517311834707483,0.0013045028805669485,0.016567345348400198,0.05776727663863668,0.022451672131871648,0.07636679928418943,0.0542932286922464,0.001872240656752826
2022-09-08,0.006030335202376025,0.0024337448986889196,-0.0007305821923364384,0.004118449440634776,0.006066542642071269,0.0024868928585639128,-0.0008013876125217327,0.004154163590566559,0.005849298003899806,-0.0015987103440845399,-0.004032575527606719,0.005665253651321849,-0.0005715937407178579
2022-09-09,0.021971926470323123,0.009236429459739546,0.011845994518005332,0.015520776807886515,0.01464305635253413,0.009199193581209783,0.011766875230742187,0.012769106017483357,0.058616277059268106,0.08144612643577612,0.05731056334213158,0.05953239856233947,0.011403177419602353
2022-09-10,,,,,,,,,0.01834220726446272,0.015531041018151554,0.002954036269000815,0.018136381706711172,
2022-09-11,,,,,,,,,-0.011384277713285618,-0.0004675308462395826,-0.02183662382953344,-0.010550220112181886,
2022-09-12,0.0058284113141797095,0.008357828238774737,0.009864709489762516,0.007817477381285126,0.008484821861791864,0.008364070817037366,0.009911266210782716,0.008647877828491007,-0.007453641423881051,0.016692401366307365,-0.0030792691809671258,-0.005974873802529732,0.009459966035639115
2022-09-13,-0.045226225201349404,-0.02989712836132774,-0.023620300015450093,-0.038286500798604704,-0.040049309985713,-0.029932443852459318,-0.023568863165260485,-0.03640903779721549,-0.07111080127953137,-0.07567506768400499,-0.05918614931716204,-0.07087366077838815,-0.023742605047412737
2022-09-14,0.006167148570890119,0.005950011395630398,0.020765108841367366,0.004646387818382999,0.0031318623014507806,0.006009336214865007,0.020732572576622654,0.0036608030467045094,0.02134357991808681,0.0016764678491676954,0.08926133870400421,0.018576465159202797,0.020313745198531005
2022-09-15,-0.02152048385872654,-0.010684615997217425,-0.018861227282294696,-0.016809501499476253,-0.016171537094844503,-0.010646793354908113,-0.018913928200842547,-0.014983178911112047,-0.04826521767813677,-0.02031128977300481,-0.09488338092589466,-0.044786462321057506,-0.01820779189306109
2022-09-16,-0.0038641686411954733,0.0006641358057099176,-0.0056216873396215065,-0.0032238336109133305,-0.007247144972022488,0.000677350188076048,-0.005592138093549485,-0.004551576712167055,0.0130507130129396,0.005059690754758,-0.04335069004224468,0.0145436577774986,-0.004987741174731411
2022-09-17,,,,,,,,,0.031041752444428396,0.018448783488787448,0.011277586497009162,0.031007776552697444,
2022-09-18,,,,,,,,,-0.07844006705083154,-0.031448863566771595,-0.1421599601907424,-0.07295954097868701,
2022-09-19,0.008872265784185427,0.003714432150805706,0.0036360697376771034,0.006427682769290852,0.006236594572679689,0.0037126060792671257,0.0037269526136352407,0.005460889224294604,0.022050621841714125,0.003376568485309866,0.02980915669988038,0.02102355377750425,0.0035070690606502984
2022-09-20,-0.01295688271740614,-0.013374426274848741,-0.008637416285488522,-0.01405992740649042,-0.015572445225681552,-0.013386774855919154,-0.008697947361281886,-0.015097029970015934,0.00012092982397091719,-0.02275372932047551,-0.04128723001847179,0.000980557843547905,-0.008760541005089125
2022-09-21,-0.02065051287760758,-0.012907716067362664,-0.015556878105260439,-0.017476020485824712,-0.01695516019963178,-0.01291959228833374,-0.015574530578606223,-0.01618439208084153,-0.039127276267486556,-0.015950050508571505,-0.04294938850065355,-0.03753293344647323,-0.015482928956922746
2022-09-22,0.0034980863449201507,0.0030057732429101965,-0.00015825172510986583,-0.00072029212113091,-0.009265739650809665,0.0030588076896602956,-0.00016061592163879316,-0.005514459773557116,0.06731721632356923,0.0420103043368178,0.025887440379298354,0.06786016164074384,0.0004889806742715292
2022-09-23,-0.01666781993710253,-0.016487519243437873,-0.03303254301156063,-0.018006661155676715,-0.022218416288988612,-0.016506803536216443,-0.03286085991344353,-0.02006518659434753,0.011085161822327872,-0.001589402041115865,0.009999796840097552,0.010680037444884842,-0.031656861656936236
2022-09-24,,,,,,,,,-0.021096523709983692,-0.0161511049926371,-0.006731812387183789,-0.021188042153494208,
2022-09-25,,,,,,,,,-0.013323073667573293,-0.005160872515829992,-0.013922913810476611,-0.012412823057977456,
2022-09-26,-0.012939298405620529,-0.01061721218657328,-0.017991309221839304,-0.014092166689950671,-0.016062688619373502,-0.010606341046492544,-0.0181063930919178,-0.01516540815126478,0.002677652663144337,0.012039342908475869,0.004158259638217032,0.0021049443294050346,-0.017914101944151203
2022-09-27,-0.005605479284624966,-0.006035836284862489,-0.0027548218266229647,-0.006091343829140998,-0.003665789050752121,-0.005982796097542575,-0.0028504592763343045,-0.005327429722213551,-0.01530393045398919,-0.005611731416226685,-0.010526778122594393,-0.01502808783551906,-0.00302874758619527
2022-09-28,0.01753455203993805,0.021861420934616765,0.028790963367627743,0.01923616726783951,0.021300718433708198,0.021915246424910228,0.028660870294041026,0.020672587427806397,-0.0012962799289126913,0.011788521322577607,-0.01684129131769696,-0.0002884453894915312,0.02807531457209124
2022-09-29,-0.012207247581198729,-0.016515046277015097,-0.012972100631395946,-0.016832998480526766,-0.019865724827656667,-0.016443829026726118,-0.013318576814055615,-0.019642688272564147,0.026085138651090946,0.014875409412434867,0.0049818623924051675,0.02694266722239721,-0.013670967721279098
2022-09-30,-0.013137197439580911,-0.016871076184057626,-0.0179718317715567,-0.014630956326655254,-0.014866290633047613,-0.016850399618983238,-0.01806665146595396,-0.015260118323093253,-0.004491731472247418,-0.005057145965103914,-0.0029513638826588195,-0.004428197810167954,-0.018552088739973972
2022-10-01,,,,,,,,,0.0008534505682332936,-0.0072472436161422965,-0.006454573158777066,0.00066963648991818,
2022-10-02,,,,,,,,,-0.025340823712240203,-0.006795479041253356,-0.02239531527105265,-0.02362509049882353,
2022-10-03,0.030449618306372543,0.02611792471371218,0.036236614645647744,0.029685456174674635,0.0321847780436476,0.026140617673180454,0.036292048843626634,0.030452323781490088,0.02177381961999727,0.022053449107034103,0.019875575361258502,0.021189640110793065,0.035526846594962525
2022-10-04,0.028809583357177364,0.02172222108914478,0.028802901302898965,0.02630780407846589,0.02965210942898404,0.021704809708975516,0.028939497694664515,0.02669865311514696,0.024596952998144017,0.028245260626016632,0.017330183060149773,0.024802301854197847,0.02849773487710735
2022-10-05,-0.0034065901150966233,-0.0041324754734316455,0.012827137800376587,-0.005210041616998277,-0.0032365855896064836,-0.004029791407869418,0.01294155982281037,-0.00504049312162834,-0.004256612742547319,-0.004174235267963075,-0.011163940853987864,-0.0036434215019502743,0.012227441850085499
2022-10-06,-0.010554134887437125,-0.008453702837464003,-0.0022963737311383417,-0.01257078118730847,-0.011450484466690943,-0.008312299110829627,-0.0024319289025975517,-0.012840610713161815,-0.006072386991168044,-0.003780999141639968,0.006745464888963104,-0.005682200960970307,-0.004782364918956894
2022-10-07,-0.020280218445497645,-0.014785305031846623,-0.010434254984731094,-0.019684057999514868,-0.023496317394339133,-0.01465951714159884,-0.010430962006135514,-0.021077282664577673,-0.004199723701290223,-0.013062624828774799,-0.011925881310039466,-0.003666312808762974,-0.01053315839345037
2022-10-08,,,,,,,,,-0.0031627007461755177,-0.006646742651734528,-0.019067830132506902,-0.0026980787251752484,
2022-10-09,,,,,,,,,0.010305532644744566,0.003715380949262995,0.0005099378453117254,0.010352043391476305,
2022-10-10,-0.012045546445742968,0.0011870873383245343,-0.01593379736250181,-0.005866239259141948,-0.0056979257390414656,0.0011380732373055182,-0.016006598313605503,-0.0033513415734991404,-0.04378364997925048,-0.008212988107652893,-0.10205848229109571,-0.0393615789251964,-0.014339103970998104
2022-10-11,-0.005794294732439904,0.01436212574729278,0.008432386360257449,-0.0014882941433486895,-0.0033305028978534044,0.014626368269086126,0.008813162726368678,-0.00039349028596777455,-0.018113253905372405,-0.010579590774651842,-0.020476771027723162,-0.01829415792775814,0.010250920184268117
2022-10-12,-0.004392407956616383,-0.005415009365064297,-0.003541632980537275,-0.00694790346564309,-0.005622661763774912,-0.005335720323923557,-0.0035129083809306693,-0.007327444546422838,0.0017588610791762663,0.00437366956066912,0.0037441434700016263,0.002032680504075291,-0.004525985814310758
2022-10-13,0.021919988104568865,0.020207886379919777,0.03574662618030571,0.024702435261801697,0.02967841986663329,0.020047225277066323,0.03573650262534644,0.02786987386337601,-0.016872170705753243,0.0020260295254313928,-0.03423044041768242,-0.015661056044183153,0.03525719038308822
2022-10-14,-0.014943014408954005,-0.011069772715509098,-0.008607574885758765,-0.014588170682136655,-0.01841214369489535,-0.011072854791948089,-0.008480874023189037,-0.016074632719298418,0.002402632020752704,0.012568217657157668,0.006974740512235567,0.004340450170670395,-0.007529036258673922
2022-10-15,,,,,,,,,-0.007131151020167647,-0.016621792047351328,-0.01666034572854891,-0.008439244675034237,
2022-10-16,,,,,,,,,0.011621146466186614,0.0061166189386656165,0.015459436316509478,0.010867358760700135,
2022-10-17,0.018691664879151738,0.011819822163512964,0.010611739371389133,0.017882892048688624,0.0200606025838804,0.011819489318110549,0.010525928283252469,0.01844689402125744,0.011846976355508422,0.01412198518560291,0.03128580567110695,0.011531912479197787,0.010551960532376567
2022-10-18,0.007318470900009659,0.010713981794544969,0.003481040682572465,0.010330989633085652,0.011945856181977303,0.010660273883579487,0.003379995888683843,0.012172088184974155,-0.015818455509828577,-0.010190706065910849,-0.018451990594859136,-0.015293056686740025,0.00326141301346729
2022-10-19,-0.010522088707603133,-0.007717839602887569,0.0002039462393251464,-0.010175188379855529,-0.00776157460082436,-0.007709185404554013,0.0001410698693685207,-0.00911430850280253,-0.02432465924149701,-0.009008496764824746,-0.04522768530800747,-0.022459104618446853,-0.0011047826133408734
2022-10-20,-0.0039039696602135364,-0.003142958585176663,0.0003592841369302551,-0.0044509477596753515,-0.004160841489002482,-0.003033275852938993,0.0004515903313147808,-0.00458125001949198,-0.002619610516268811,-0.00015886080874019765,-0.0301310027643803,-0.0018647711632910741,0.0001045480532666439
2022-10-21,0.022006824865926082,0.020796169822935574,0.028754224242322674,0.0216548651873522,0.02375712927962149,0.020734549803566392,0.028837758129302688,0.022469629830007876,0.013255302797449077,0.0008932512376049757,0.016987622088387333,0.011867580264127521,0.02875431194650936
2022-10-22,,,,,,,,,0.010854355840459342,0.0011569945971891377,0.05401079859508373,0.009205259339290447,
2022-10-23,,,,,,,,,0.019051152137463643,0.012828308115776404,0.0073699904639876745,0.018289251362215875,
2022-10-24,0.003431330492379288,0.016784993461485972,0.01523999211071354,0.007816503781190113,0.008125459137320445,0.01690618098559734,0.015481678659244377,0.009777294424937796,-0.0200393127323265,-0.010565864881235284,-0.03186247028200073,-0.019066285996913943,0.01653307813586214
2022-10-25,0.022866863952870093,0.008335357770742187,-0.0024818489182437393,0.017285753658498604,0.016802467883056647,0.008278531369436985,-0.0026552309011084654,0.01489743597901811,0.0531888443019373,0.030083131088050847,0.0917860750355588,0.04949140721411611,-0.002969320613466951
2022-10-26,0.008034988239200652,0.012135355331955278,0.0167098751091306,0.008308894570371348,0.004962875049564562,0.012218920744935862,0.016874615192479764,0.007092971087532391,0.023395554187381106,0.02668128804034073,0.03049111137185334,0.023074902456582162,0.01682667765029082
2022-10-27,-0.003632952115667946,0.0011147024512623972,0.002954822546838504,-0.001469829272429344,-0.0001484410730095842,0.001193350746607763,0.0030197104107921894,-2.177108638850222e-05,-0.021055507328959756,-0.016990760174624232,-0.02711850661859616,-0.02035106381074482,0.0033643065655369025
2022-10-28,0.023573826986520476,0.021203816353572588,-0.019151722708802957,0.02300243157682029,0.02428404944569426,0.02131628310919098,-0.019902401293018047,0.023266629819860878,0.020022714690651536,0.013147735780872201,0.02831226633160422,0.01912151624072653,-0.021514943693879192
2022-10-29,,,,,,,,,0.016452207047095668,0.010068230136427467,0.014211386038809781,0.015762148126837697,
2022-10-30,,,,,,,,,-0.023401822179841575,-0.011951242210326965,-0.05168795496319223,-0.02200847276475926,
2022-10-31,-0.006095718685837175,-0.007667584186461605,-0.0024560680174532134,-0.00649240285704606,-0.007574400264519284,-0.007625417507521512,-0.002534664236890043,-0.007152259461575334,0.001297689207573361,-0.002719364043071636,-0.010367958739022964,0.0012840351333098434,-0.0031931800506372673
2022-11-01,0.0011665474279613675,-0.0012278515282749356,0.007354698045014817,0.0009808065277493749,0.0023824155053552665,-0.0011913324393027901,0.007346249730361635,0.0015307415253596275,-0.004912792959008127,-0.003360118818798489,-0.003360118818798489,-0.00482317943649477,0.0074618120684280965
2022-11-02,-0.01673441707622192,-0.011620649794271848,-0.017604307078453493,-0.01627806143771342,-0.017184054928434216,-0.011572586718074054,-0.017521547669727775,-0.01659618419326591,-0.014486227815160457,-0.018349224002675184,-0.018349224002675184,-0.013821243887240276,-0.017745992080434616
2022-11-03,0.0006162937564336262,-0.00457739827221282,0.0013928307313117987,-0.0017716890466830187,-0.0024372190071154628,-0.004764362367106224,0.001164328817421991,-0.003255829643265908,0.015883857574179074,0.0034315090360345748,0.0034315090360345748,0.013989263016918442,0.0015820256177794634
2022-11-04,0.0269031608428341,0.014310039969953834,0.010492095653509961,0.020151422413303543,0.01858260290394176,0.014072694687031522,0.010503928454441792,0.016541379449233333,0.0685059505372958,0.04531395242889301,0.04531395242889301,0.0663776463495504,0.010564544805315958
2022-11-05,,,,,,,,,-0.00020999726714571263,0.001126161370657291,0.001126161370657291,-0.000996564369886629,
2022-11-06,,,,,,,,,-0.03910438366190772,-0.017462464420567727,-0.017462464420567727,-0.03646685522617132,
2022-11-07,0.006391610036462396,0.012721008132172093,0.02229225592120475,0.005697057481265973,0.007644605369874352,0.013089897203935044,0.022446520332114046,0.006536379696220481,0.00012663336940262884,-0.01217661734108252,-0.01217661734108252,-0.0011539159840748487,0.02230215752382535
2022-11-08,-0.013701324476817447,0.009242016072060492,0.01915123763586655,-0.0018974971246308026,0.0069143443870953196,0.010054590552202949,0.019700677350949686,0.007697021909138005,-0.11677966879638127,-0.08593276708718399,-0.08593276708718399,-0.11287828927128096,0.018983293445825267
2022-11-09,-0.042062367229832656,-0.012516656273364202,-0.025356760967146345,-0.028226466186873966,-0.02140736571925811,-0.01164387227562535,-0.025270379918759474,-0.018578748260001884,-0.14533737478270545,-0.1259007699511839,-0.1259007699511839,-0.14253987097141968,-0.026238742499887953
2022-11-10,0.0675006791956451,0.0236387137205258,0.01338114120840406,0.05170521282568098,0.049564450163136105,0.022518137100518514,0.013301283733257894,0.04353763150959193,0.15718182435819014,0.10224281406876776,0.10224281406876776,0.15136778050542765,0.013560971071928087
2022-11-11,0.006815255597190178,-0.004520411330995585,0.006747831719000872,0.00494268978896655,0.011668351522039636,-0.0043654375579830875,0.006618964080893485,0.00735295637594534,-0.017450224027057114,-0.03151794176410826,-0.03151794176410826,-0.018587042120793318,0.007572413113738661
2022-11-12,,,,,,,,,-0.031724200843263994,-0.017549907764330155,-0.017549907764330155,-0.030276474141044816,
2022-11-13,,,,,,,,,-0.03424062873727751,-0.04662296591399848,-0.04662296591399848,-0.03681496853979225,
2022-11-14,-0.003402631049289914,-0.0021027570495575094,0.0026020516780342028,-0.006008623330090575,-0.00878482610937268,-0.002374935392082423,0.0025751908871732678,-0.008459253060222372,0.023508344251123928,0.010867956232951018,0.010867956232951018,0.02235855669496968,0.002430051502025181
2022-11-15,0.010602315236801463,0.007289158293422502,0.0036126818992999166,0.009391803618173043,0.009768660956136384,0.007065596496784824,0.0035365680684882736,0.00887735591476373,0.01477058664012685,0.015345835904346355,0.015345835904346355,0.015010555791997348,0.003719564966009675
2022-11-16,-0.011701976878377256,-0.0009422493214041611,-0.006015521639373771,-0.007771482894222559,-0.010351341361087306,-0.0008134647091735514,-0.005853462827808907,-0.007203489516704202,-0.018455154464827008,-0.012719762908669224,-0.012719762908669224,-0.017720979646057573,-0.006234147747562318
2022-11-17,-0.0010528206157177627,0.003814170888060063,0.0049907124458916955,-0.001505995576780686,-0.0023031547499413737,0.004027999112167805,0.004990452327604042,-0.0020787249874577116,0.005198850055400296,0.0005770097366073947,0.0005770097366073947,0.005654761843466842,0.004823632273828429
2022-11-18,0.004579782972334326,0.008545915337311817,0.00243182924396447,0.006435007010959011,0.005043184604821626,0.008534254638954148,0.0024134287740995124,0.00659227690327218,0.0022627748098978167,0.005008920784745884,0.005008920784745884,0.0027339998656330756,0.0021230973358570804
2022-11-19,,,,,,,,,0.007957564572855104,0.011650874818448457,0.011650874818448457,0.00915175223035285,
2022-11-20,,,,,,,,,-0.04097185663900473,-0.03326014842279916,-0.03326014842279916,-0.04004475921688181,
2022-11-21,-0.0016089717037768834,0.0036525965798565904,-3.816195696565967e-05,0.0010906869304104787,0.0008225379434163571,0.003846817439843257,-2.2675174460660757e-05,0.002132123565131835,-0.013766519939743083,-0.006722123804512162,-0.006722123804512162,-0.011991818569890473,-0.0004446799793958768
2022-11-22,0.01870032919624996,0.009498809692535257,0.015334178022024612,0.014963376445903152,0.014802864627182208,0.009310310679977634,0.015129797449563404,0.013246400144975431,0.03818765204158874,0.01084966170645861,0.01084966170645861,0.03564359200176301,0.015683474533075177
2022-11-23,0.010489829245412906,-0.0004191844655050488,-0.0088790423506037,0.006060757813181977,0.003386155798051085,-0.0007042794701017668,-0.008937085424579208,0.0029132094780176007,0.046008196482222,0.02372176700607405,0.02372176700607405,0.04257554059831966,-0.008980915502736754
2022-11-24,,,,,,,,,0.01047953732323903,0.01172820974005878,0.01172820974005878,0.01184161412644786,
2022-11-25,-0.0004737967332436474,0.0009297460434431697,-0.0009949623905899404,0.0009870515837111932,0.0007421905149644115,0.0008936211439002596,-0.0010384936924561254,0.0015068094842647327,-0.006553732974283943,-0.0012112513323114342,-0.0012112513323114342,-0.006228742805611498,-0.001179045960248553
2022-11-26,,,,,,,,,-0.003913906244352328,-0.005132954086967798,-0.005132954086967798,-0.004028731227887014,
2022-11-27,,,,,,,,,-0.0016151355296764704,0.0025006446422840252,0.0025006446422840252,-0.0007787787576356805,
2022-11-28,-0.01833949459053183,-0.01001886372187477,-0.01449362241533956,-0.01654358788824953,-0.018420829031751167,-0.009918882315333565,-0.014408554819664725,-0.016633191766229224,-0.017932822384435165,-0.010330725884493235,-0.010330725884493235,-0.016967805102984585,-0.014897139810578747
2022-11-29,0.006229594226936348,0.0031406775935934484,0.0027385178003169067,0.004777476377232917,0.004199710872548122,0.003105714007954893,0.0026346898725084058,0.003887320709941285,0.016379010998877484,0.0113140041317004,0.0113140041317004,0.015988066822833557,0.00287538803892847
2022-11-30,0.0255155688875327,0.017789860152818842,0.013867891078040338,0.02257812918355108,0.023794226081712402,0.01773357162028247,0.013823864014051073,0.02188167318555072,0.034122282916634196,0.03556263373183465,0.03556263373183465,0.03350540556307613,0.013639195449422497
2022-12-01,-0.003572930901665892,0.001318582611252413,-0.0031678263740680442,-0.0014495110720159877,-0.0002670937734517388,0.0012721341969263117,-0.0032151486386022272,5.4348079821477406e-05,-0.02010211654273666,-0.010630978938813351,-0.00862241869779945,-0.019229398095145043,-0.00271153072964898
2022-12-02,0.0027007363878619552,0.0031249835809886673,-0.0007529511654088011,0.0021840249960475466,0.0015015822510261341,0.0031149546674252493,-0.0008300428499093836,0.0017064610871844917,0.00869650707204106,0.006371846158141982,0.004930365263350556,0.008353108139298675,0.00023587009546293953
2022-12-03,,,,,,,,,-0.019275456071140586,-0.011914663424762793,-0.014387830777725319,-0.018459942270410794,
2022-12-04,,,,,,,,,0.011134860482354783,0.005556350908658895,-0.008277689769953356,0.010098686133229576,
2022-12-05,-0.014665870362620128,-0.008402911838305875,-0.00787870864695909,-0.014328433186369866,-0.017223212605578294,-0.008247229187262537,-0.007770415977641524,-0.015538380138683335,-0.0018791591478292907,-0.005128903521137442,0.0020866779521142576,-0.0019005011412225909,-0.005064784008182108
2022-12-06,-0.009217703200675513,-0.01048711369011658,-0.013545738876117593,-0.008585664309539937,-0.01234790929014816,-0.010623740813105338,-0.013541057664374656,-0.010138654699661064,0.006433327246687715,0.006735039399825116,0.0066972759430599105,0.00620934442141795,-0.01125660658410473
2022-12-07,-0.004218368396410738,0.0029099363575436073,0.00654945589426828,-0.0013640312449884357,-0.0011825738283450572,0.003052044741561985,0.006639227346465878,-3.792059630549683e-05,-0.019397341236739144,-0.012771487379357368,-0.010305188214220218,-0.01857045095211245,0.007907200012095944
2022-12-08,0.009516938329560378,0.004685205134742172,0.0035864541944784587,0.007058097776534625,0.007090693516795498,0.004531540548276339,0.003738073624772023,0.005907878988514615,0.02164816239338476,0.023994332400887233,0.02604076684764589,0.021916490149364375,0.0038362537551945306
2022-12-09,-0.00942279328702782,-0.01606110451227332,-0.01794025154704721,-0.01020206001864332,-0.01023016726281893,-0.01631816907556845,-0.01799580697973073,-0.010564320848367332,-0.005385923408072269,-0.002712768374420668,0.0029545546992206795,-0.005360608295722863,-0.018941133536849678
2022-12-10,,,,,,,,,-0.00041431654895387473,0.0007210466949669594,0.0025067475856639376,-0.0003197954888821464,
2022-12-11,,,,,,,,,-0.012363960479477366,-0.0063490380459200225,-0.015313057301952981,-0.012135272313113461,
2022-12-12,0.013429631001319248,0.006652288722950664,0.006644664886909648,0.013842505458576689,0.01662403157485824,0.006394082383210372,0.006409747771842361,0.015215401686618585,-0.0025423718663757033,0.0009320681345872882,-0.00826674600916244,-0.0019270140303022862,0.00398176395773457
2022-12-13,0.01112670271869061,0.003881834638421806,0.00493841401312163,0.008477021486758753,0.008769632273229215,0.003921628782242952,0.005177537138162941,0.007432842808365626,0.022912054945997577,0.027719700854494128,0.01734416634714564,0.022412324967518146,0.004762942414125809
2022-12-14,-0.009161190736121408,0.0001424595586508114,0.0017939299948173378,-0.007086653104291586,-0.008793645194072683,0.0002032436533379718,0.0019424828542893284,-0.00699727600589683,-0.010998918446365035,0.00927052448135134,0.02265170619228485,-0.008533290099256654,0.0033400940655088683
2022-12-15,-0.021888844095310084,-0.015588997834335552,-0.014752962403647233,-0.01954421294548389,-0.02158506981452662,-0.01569067801298023,-0.014857963835762022,-0.01956531258066686,-0.0234077154992274,-0.015652819980961796,0.0019401410505497374,-0.021767208873770934,-0.015666592216660672
2022-12-16,-0.021319753226927002,-0.006061032639206303,-0.0038699778976949125,-0.014226084708111118,-0.009499489174056307,-0.005878928304434461,-0.0037628777003640068,-0.008960859437262556,-0.08042107349128047,-0.04458200400369757,-0.05054322753452689,-0.07645126375346711,-0.0031504337233964515
2022-12-17,,,,,,,,,0.014197022017520213,0.018542126218596758,0.036181639113612274,0.01507457767705216,
2022-12-18,,,,,,,,,-0.006549228491721326,-0.008418395974368184,-0.019737228909789573,-0.006832448745366904,
2022-12-19,-0.010728852442311063,-0.0013289243076892822,0.0003216465110678502,-0.0072311979589510175,-0.006694591923182898,-0.001364671785586618,0.00028548824768791887,-0.005526227040749663,-0.030900155037951897,-0.013293146488209773,-0.002900279985477816,-0.028643953172352812,5.226106499974957e-05
2022-12-20,0.00870012313657669,0.0009898910134646757,0.0018880134385221732,0.005286760049014707,0.0031792629903663805,0.0010576208082477237,0.001975334370330396,0.002844039773844992,0.03630442386762824,0.027265965733037457,0.025227534308138067,0.035002277498927745,0.0010688834314303388
2022-12-21,0.014259856269343464,0.011436180384751717,0.011768454348532574,0.01406712851246968,0.017830127277777864,0.011466037294453927,0.011765293392781796,0.015763594093257723,-0.003591498772828527,-0.004279819995877293,-0.002509836771517282,-0.004617613964756657,0.011127356936188958
2022-12-22,-0.008621359750384592,-0.004414131761715393,-0.006485725617926793,-0.007374882494801539,-0.011582264695177421,-0.004493758436594427,-0.006405687825135398,-0.00878723363670549,0.00618316497357957,0.005044869938346552,0.01285393977631677,0.006723987710771249,-0.003945902269982851
2022-12-23,0.006277644466821742,0.004574278317023739,0.008916244839169099,0.0066569251976276896,0.007750029854520149,0.004602698054683347,0.00885886921615998,0.007382907720963583,-0.0010842824716702953,-0.00967239083366704,-0.023689512816616465,-0.0021861536706199785,0.00596616197666475
2022-12-24,,,,,,,,,-0.0009345266149806466,0.0052579117863910015,0.009329642111524539,-0.0004937546503089639,
2022-12-25,,,,,,,,,0.00034347157301206676,0.00024473270991538646,0.001315236642559503,0.0005866803551048834,
2022-12-26,,,,,,,,,0.01605461149027626,0.0012907396868263056,-0.0047797947277633535,0.015130481273745649,
2022-12-27,-0.0017391378059759654,0.001484323415903886,0.0032871680175901473,0.0008568921244832613,0.00026554827864285954,0.0014154947846722347,0.003267584819310389,0.0017358528389593384,-0.011762568229070092,-0.010629825407343571,-0.008175671010812735,-0.011335236364096632,0.002228235534084401
2022-12-28,-0.015186776727050941,-0.010102010899106475,-0.012379431604606373,-0.013216155078840301,-0.012808033008290866,-0.010116571651503804,-0.012333424677037684,-0.012266344846303665,-0.027080495320851314,-0.006103205253357265,0.0007208084787291291,-0.02466307853716579,-0.010754541981800437
2022-12-29,0.011231947956177225,0.006536149434359653,0.002466042661245549,0.010511666428245433,0.013599359712046972,0.006483796148691795,0.002407106182853748,0.01168440034170462,-0.0006051108231715065,0.0026452595175740145,-0.002419426193155827,-0.0014946557787118607,0.0019289237372857176
2022-12-30,-0.0014994889775808392,-1.268580703029394e-06,0.002366679879894795,-0.0019548984300283385,-0.0018817762241893554,5.769626435377552e-05,0.002381228342560608,-0.002110161597851083,0.00041194725546174206,0.000818158981461338,0.006664885887726957,0.0009556436978963054,0.0012426393191463303
2022-12-31,,,,,,,,,0.0012423581931927934,-0.0013219704134807874,0.0023172931538555375,0.0007197741064106989,
2023-01-01,,,,,,,,,0.007755602914296445,0.005160998705650484,0.005160998705650484,0.007600823652357942,
2023-01-02,,,,,,,,,0.01900434961362503,0.004745165802783094,0.004745165802783094,0.01788797691116802,
2023-01-03,0.0014249108631881687,0.0008807269190129012,-0.010723836384118585,0.002655102908415252,0.0022509057491670536,0.000721524600219518,-0.010362263751671206,0.0031007718546733056,-0.0027050635667062563,-0.0026557894208788994,-0.0026557894208788994,-0.002611980145089522,-0.008260000938901677
2023-01-04,0.021530127426546655,0.008784608410569167,0.006467453670295263,0.017126886297377412,0.018428178719494943,0.008799131761821082,0.0065016182172319735,0.016250743297613657,0.037039870961805214,0.005868182290610359,0.005868182290610359,0.029796137335896717,0.006878278821995865
2023-01-05,-0.008150576794457375,0.001175196294729939,0.01615676834555519,-0.006259513577897527,-0.00679763801193668,0.0014653521838103572,0.016166151045611095,-0.005572572208121267,-0.014915270707060857,-0.008758287347733663,-0.008758287347733663,-0.014106614853903285,0.015705314368571498
2023-01-06,0.023373257614875687,0.015074217493683933,0.013528868324375042,0.02153743390034224,0.023249459158050576,0.015113917454077454,0.013186095993786303,0.021770358780006344,0.02399224989900126,-0.004573708033581157,-0.004573708033581157,0.01889291761555459,0.01297105011282271
2023-01-07,,,,,,,,,-0.0033150493784421474,-0.0035033165048022896,-0.0035033165048022896,-0.0029930453287255127,
2023-01-08,,,,,,,,,0.02215294241808401,0.01860790612103578,0.01860790612103578,0.022235976649130115,
2023-01-09,0.004700037490849591,-0.016298476263996983,-0.02832363368573204,-0.001289136990732342,0.00017208903132034817,-0.01653603324070303,-0.0288801546863341,-0.0034120465845383923,0.027339779788495805,0.009722695083734188,0.009722695083734188,0.026462567644919444,-0.030416619447374525
2023-01-10,0.00735110865966385,0.0024116979498330494,0.006938604847606738,0.00633141416550648,0.007616604974202161,0.002295589459428792,0.006786266695020386,0.006470943059582741,0.006023627086972294,0.009863564169173146,0.009863564169173146,0.006006741218428867,0.006391199588311175
2023-01-11,0.013105328625998681,0.002652061589924551,0.00397358957831218,0.009837289801480522,0.00985384963869968,0.002618154905956796,0.004034624534521923,0.008211235458458394,0.029362723562493698,0.02924368714924018,0.02924368714924018,0.029912368109143432,0.003658059410125844
2023-01-12,0.010156315980829734,-0.002832761951152691,0.009963656614238817,0.005804632664651547,0.007037757028810942,-0.002760183640694704,0.010003066383406298,0.004352873025694173,0.025749110740923696,0.03572245350305411,0.03572245350305411,0.025836835413188177,0.00916899869659029
2023-01-13,0.008511948595626748,0.002724065678642241,0.0019387403313871543,0.005510311647216306,0.003431146425461702,0.0025434919088014644,0.0020281206577889266,0.0030727926760678553,0.03391595944645198,0.053382841567111615,0.053382841567111615,0.035642609079570974,0.002419285156939009
2023-01-14,,,,,,,,,0.034338832142037486,0.0445863487393784,0.0445863487393784,0.034363112871372226,
2023-01-15,,,,,,,,,-0.0026764894860901167,0.0003696907864957887,0.0003696907864957887,-0.0022328147138639125,
2023-01-16,,,,,,,,,-0.004590647914346924,0.008782571411852607,0.008782571411852607,-0.0031450654059513392,
2023-01-17,-0.0041944376698762305,-0.006713888517777641,-0.011422349954924603,-0.005348462279906937,-0.004052224805721268,-0.0067078172072635635,-0.011602047140043276,-0.005297736292224442,-0.004905501990651051,-0.00473342028893063,-0.00473342028893063,-0.0052099009138139646,-0.012305357904239842
2023-01-18,-0.020443878262173084,-0.01750939491566453,-0.015583743650694435,-0.01895390227723419,-0.015965505018307232,-0.017393510259796893,-0.01557358660664038,-0.016931595648370587,-0.042835744481502354,-0.031035068190296142,-0.031035068190296142,-0.04150855410098234,-0.015520989241200593
2023-01-19,-0.0022733494822116656,-0.0014752859328526725,0.009052918597254723,-0.0035295964930607323,-0.007476202030265404,-0.0014971245946954013,0.00925996752401275,-0.005903156434371713,0.02374091325805703,0.019338880241677233,0.019338880241677233,0.023525289244183942,0.009191859679514108
2023-01-20,0.023514059303050755,0.008739345303843873,0.006849696750424271,0.016620626017031247,0.01531290783669132,0.008662905122309683,0.0066410693282747055,0.012918697531564185,0.06451981663484793,0.0630630551550012,0.0630630551550012,0.06304086046127694,0.0055656470481428785
2023-01-21,,,,,,,,,-0.009632871913905806,-0.004307765166697502,-0.004307765166697502,-0.008906871863572346,
2023-01-22,,,,,,,,,0.00994362955139263,-0.001851512075437733,-0.001851512075437733,0.008093263516652544,
2023-01-23,0.01302064324129035,0.0025679550907486306,-0.0027174739520943055,0.008603817836548948,0.011435710954858267,0.002560151700379632,-0.0025717937401437694,0.0078036377466804115,0.020945304673450772,0.013064743666833646,0.013064743666833646,0.021324926681941136,-0.002307972390914804
2023-01-24,-0.00935320579502124,-0.0023439374973848338,-0.008416433985268396,-0.005570593094308508,-0.0028834216294746054,-0.0023939560856342766,-0.008488627277055238,-0.002622914043384347,-0.041702126622754424,-0.024451631227894625,-0.024451631227894625,-0.04006254637058296,-0.009094266291526636
2023-01-25,0.006658235723298152,-0.0007401653471544071,-0.001491898106085984,0.004067225479931062,0.0018486905394841722,-0.0011095160030058005,-0.0013152326506828483,0.00187576932268777,0.03070596164236805,0.02363876048636339,0.02363876048636339,0.02987373529070276,-0.0011220776237395199
2023-01-26,0.006728874633475803,-8.2161807473799e-05,0.004035904513691511,0.004971879876475803,0.008422064284225662,-0.00013734694010404268,0.0034363566464954655,0.005815024265230427,-0.0017370736202734992,-0.0029274111669434035,-0.0029274111669434035,-0.0021093752674535985,8.807442760364916e-05
2023-01-27,0.0007719281474348102,-0.00556455664367154,-0.01390812111242607,-0.0009244305693382266,-0.0012064818542402754,-0.005795826548112373,-0.014042263425839164,-0.0019292254562051762,0.010663978155810239,0.013172536926435711,0.013172536926435711,0.011541751417259043,-0.01391102927502737
2023-01-28,,,,,,,,,-0.008871756409081723,-0.004317431047177015,-0.004317431047177015,-0.008294248012206563,
2023-01-29,,,,,,,,,0.03185076197963703,0.023833477807626798,0.023833477807626798,0.030089708320962312,
2023-01-30,-0.016294006955992348,-0.003663874051252542,-0.004406311278336063,-0.01076871401170745,-0.01014423915496513,-0.0035922488191062595,-0.003909159163947415,-0.008021886136172367,-0.04704284596112843,-0.033292121664655464,-0.033292121664655464,-0.04507127895044691,-0.0021800767034811258
2023-01-31,0.013220029608013516,0.007814684766795926,0.013948375121801365,0.011722133810470162,0.011922802217140906,0.007787368079487998,0.014046665452901213,0.01116324402885263,0.01970616656237656,0.007693816028820213,0.007693816028820213,0.018322868256300723,0.013643716164801981
2023-02-01,0.009731505056982968,-0.01740295892229424,0.001432694543097351,0.003398310375415042,0.006518284067217187,-0.018031806866487983,0.0012665426146368393,0.0018570047767031926,0.025797610005811867,0.018440043097996326,0.06505817054444685,0.02470670121673205,0.0008043684834546539
2023-02-02,-0.0005500485124867096,-0.011819630330334962,-0.024549617387773864,-0.003193054555652147,0.00015704536703527584,-0.01194621462990391,-0.024809791622973094,-0.0028881099545302125,-0.004085517910096637,0.002959308125970991,-0.01745696486389614,-0.003427382883735717,-0.02468515341805605
2023-02-03,-0.0083410692489316,-0.009031199664139643,-0.0007781529379779148,-0.009808626504410575,-0.012768350780830776,-0.009301678880703235,-0.0011191949860742396,-0.011875959723699137,0.013795338410564273,0.00392248905947409,0.01297736774401037,0.012070732416604887,-0.0005895970488215097
2023-02-04,,,,,,,,,0.0008217074966740399,-0.004584581476614363,-0.013568398221254108,-0.0005074494446667952,
2023-02-05,,,,,,,,,-0.021485676165057387,-0.002354738293615906,-0.021860112148011424,-0.018940465154801994,
2023-02-06,-0.006746947547876076,-0.001299567666925348,-0.0012155021442512963,-0.004071619565050123,-0.004594982931553284,-0.0013346487614777755,-0.0010175878197131775,-0.0031854398341814175,-0.017506770629490034,-0.012575782260010156,-0.004108504899374643,-0.016739220579704794,-1.989607611095837e-05
2023-02-07,0.015576413927813292,0.008426374900068761,0.013119627802890606,0.011044921096800072,0.010953461048114671,0.008514959732373827,0.013300749852961688,0.008964046923953176,0.038691178326306426,0.03531810522213979,0.05064633759502146,0.03808658023259905,0.013593321322075736
2023-02-08,-0.010476762630954598,-0.007627619209833239,0.0014285181682349801,-0.009630473510426714,-0.009564990182089908,-0.007629521354651194,0.0016951928940259133,-0.00930449804099968,-0.015035624875278054,0.007216189678028483,-0.017042373713516246,-0.0121586135807965,0.0014789588849260977
2023-02-09,-0.017697535698175306,-0.0016895341138889923,-0.0033819904229753454,-0.012338450642872301,-0.00969477310696571,-0.0014154583117920857,-0.003248772499243091,-0.008536813478255311,-0.05771134865422327,-0.05932983381993122,-0.07165935277710556,-0.05748708692939157,-0.0030938103628763026
2023-02-10,0.006180523038854832,0.012328073760016477,0.018655720085075614,0.009311838775640813,0.00760192629547806,0.012221859443301545,0.018651091923300354,0.009916627994654948,-0.0009264932442613171,0.005616715290184803,0.015535727451284176,-0.0001126376540462756,0.019278754659065304
2023-02-11,,,,,,,,,0.011119083825479525,0.00832612553311543,0.009636212208593342,0.010436550733407341,
2023-02-12,,,,,,,,,-0.014240155531741516,-0.001076131810892872,-0.02154824826711632,-0.012663859748063593,
2023-02-13,0.00676179159726665,0.008031808474253518,0.008527502410781268,0.007323042779824525,0.00875099441629904,0.007923128950141325,0.008550955012997819,0.008134155886043095,-0.0031842224978953057,0.01928536406376642,-0.013788372299263774,-0.0002330054257419766,0.007985820388379592
2023-02-14,0.004442089540639553,-0.006972391559054631,-0.0008581880210656197,-0.0008020468217794042,-0.000643929332159083,-0.006982849582755207,-0.0009803656047854329,-0.0031693042361200436,0.029872183904632737,0.017695907476051334,0.05010687812879122,0.02855169907865468,-0.0013046248784713116
2023-02-15,0.011134968990990214,-0.00016028994665457768,-0.010505501732896308,0.005271060437807827,0.0002892134172157811,-0.000445625780547917,-0.010435954087901144,0.00013507736406458246,0.06536374685986238,0.07024573354679327,0.07428056312082587,0.06569248284140902,-0.010974410401012888
2023-02-16,-0.01891393728273206,-0.012940928453557201,-0.008332267467647507,-0.014950062953183046,-0.01393944574150931,-0.012853095294731616,-0.008337208250810697,-0.012555027292636323,-0.0437863949888458,-0.04731233720203896,-0.037385963914877585,-0.04441028413770794,-0.00846177227968202
2023-02-17,0.005827864390259856,0.013173131846753304,0.006998288796859876,0.004943330105213388,-0.0027721399648127053,0.013206320059571402,0.007567167550791615,0.0008620733788028234,0.04882788616562266,0.049374126917876834,0.013716798704812794,0.048368576218788796,0.007001656495782796
2023-02-18,,,,,,,,,0.007887810379065562,-0.0018465957934344715,-0.00516064779968739,0.006694781434728661,
2023-02-19,,,,,,,,,-0.010708115017883579,-0.0016382963206325162,-0.022322771620033932,-0.009930502769720649,
2023-02-20,,,,,,,,,0.025052763815127686,0.02216377741509972,-0.016639274966712803,0.024872263597453342,
2023-02-21,-0.017782639383102143,-0.004787516642140377,-0.008865640554951095,-0.015115053530265987,-0.017502776074307804,-0.004632546618723654,-0.008748430032008949,-0.014961067561924023,-0.01918195592707385,-0.028122212975239227,-0.023257446926101544,-0.0198993063388738,-0.008452969979836538
2023-02-22,-0.005864817854914084,-0.004703444240079194,-0.004493633991060501,-0.005872066292801328,-0.005551258644505817,-0.00460032593403438,-0.00427519633589658,-0.005730480033786709,-0.0074326139069554225,-0.0038480350208436897,0.01610771061613625,-0.006841995040181485,-0.004573164099272204
2023-02-23,0.002609834842077689,0.002128965240980073,0.004353236443629802,0.0017729889639041924,0.0054789650955139645,0.002351683074225027,0.004656436913031269,0.003010900482620927,-0.011735816425103697,-0.0016533139291820967,-0.00553389738500798,-0.010664825418292615,0.00574774678251169
2023-02-24,-0.01372627903693873,-0.006785090134859109,-0.006125096630094035,-0.010179826828385027,-0.00947722361510689,-0.006745125934831344,-0.006022716411197515,-0.008247402824949502,-0.03497155614609792,-0.026738513488776487,-0.03312734374955939,-0.033634948324072024,-0.006203059967112058
2023-02-25,,,,,,,,,-0.00247534121806664,-0.0007499253713400948,0.01865926796891082,-0.0021640213236791446,
2023-02-26,,,,,,,,,0.01773477469464306,0.02206782479672994,0.021360696263248435,0.017895849212623875,
2023-02-27,0.0007106336017079125,0.00021555562143302123,-0.0008308601930903332,0.000531361503119438,0.0017761100564900143,0.00027883131191155686,-0.0009831644048642885,0.0010247624135530267,-0.004616748672202597,-0.0017645691035792764,-0.012271667302745759,-0.004326637369738923,-0.0009242925529454053
2023-02-28,-0.005696637618743372,-0.009889744697810019,-0.012988639840125903,-0.006207684907262396,-0.004292925502667183,-0.010119460161150402,-0.013516282209426952,-0.005559286598119675,-0.012715198199124325,-0.008787815447071525,-0.0031237104315078312,-0.012010175259606407,-0.013473546437922404
2023-03-01,0.0034743615811126615,-0.00034329363848669965,0.0031798828568181574,0.000610778151062009,-0.0010580319937396523,-0.00011734517208156194,0.003232115869953687,-0.0015151692943690188,0.026136329455374235,0.014402382337144696,0.0420595843026379,0.02439710582428864,0.002733870687614847
2023-03-02,0.008291230851856667,0.0061771994507159944,0.004099783995810725,0.00863141359087233,0.01196363459680069,0.006097655644567928,0.004000417582774178,0.010371391777587814,-0.010070787872863439,-0.004062910336585281,-0.025378374013351856,-0.009846292705280138,0.003908986859849367
2023-03-03,0.0071001747402618985,0.00449677697475766,0.0052547338427065505,0.009021913931134015,0.013041698662887865,0.0042837667329415855,0.004854644302424265,0.01192973812653783,-0.022607444872867956,-0.03815308716322034,-0.04942686978242139,-0.024620935472620228,0.004301036312790446
2023-03-04,,,,,,,,,-0.018808995630489187,-0.005713036675473014,-0.01390891048398546,-0.0169330158533161,
2023-03-05,,,,,,,,,-0.001995698481330155,0.007576342266316847,0.007434362001059958,-0.0009262494232571044,
2023-03-06,-0.0021608539506573357,0.008438669574112411,0.025454821531059945,-0.00014404891733794706,-0.001808663736776781,0.00882941837461785,0.026352059114866534,6.54422246891491e-06,-0.00392180502006011,0.0016630315343191967,-0.028130426835810463,-0.003180877469004694,0.027514422980674812
2023-03-07,-0.01578749718484145,-0.011099876102073811,-0.004985050813394199,-0.01605010698106501,-0.01716608729068231,-0.010954174193361473,-0.0046309075809696345,-0.016714292484033822,-0.008894546655637114,-0.015347340982933557,-0.012822923932799712,-0.008957830851061901,-0.0037395380908189185
2023-03-08,-0.001875277968040321,-0.0065169047607138535,-0.017728208963383753,-0.0013325698223611688,0.0031917270516937163,-0.0066439366719545185,-0.01841969324842581,0.0009065942402748084,-0.02721030306671051,-0.01665695255535289,-0.04076818087507672,-0.025051024744414386,-0.019094158041984926
2023-03-09,-0.024536203840409703,-0.011630602332944303,-0.00941582239892055,-0.019700234678156413,-0.01731871782501915,-0.011523184411211236,-0.009129598828988452,-0.016047358722416524,-0.06062363391736244,-0.09569455600897891,-0.07311215791417303,-0.0639704206584843,-0.009046433739736948
2023-03-10,-0.011593807963097256,-0.0033386808104013425,-0.002328536031232854,-0.010611198469785876,-0.013042274760361034,-0.0033423158827699286,-0.0020998979926852754,-0.011176401618536511,-0.004351473976778365,-0.015919742650505317,-0.06475649707694675,-0.006123957549616439,-0.0014451053512767745
2023-03-11,,,,,,,,,0.0018321938898936076,0.030212287359875363,-0.028639858932851148,0.005144624304814951,
2023-03-12,,,,,,,,,0.0674362877377666,0.08816794496792191,0.09475222264664329,0.06881950173516813,
2023-03-13,0.004382789544936424,0.006518675309074362,-0.014035092552141531,0.002662536037212578,-0.0035160180638044687,0.00622438104380944,-0.014282241103915697,-0.0010884209124848402,0.043876827588640886,0.049608638814774335,0.07150192564824298,0.044502832235104615,-0.01446187638594582
2023-03-14,0.015481833902104157,0.007244813793364971,0.015012245958457073,0.012902010465563607,0.014545495217757273,0.007216578333083065,0.01517685808047826,0.012488322573457831,0.020163527323838592,0.003601364827228517,0.03158012202994853,0.018368539647461858,0.015759895750058033
2023-03-15,-0.016728436592273462,0.004160877285157514,-0.00851243200429186,-0.009887505082094052,-0.00968814247115212,0.004262211415457953,-0.007730778750692091,-0.006632656472152717,-0.05192990719788017,-0.024627445726947826,-0.0939221747045087,-0.048045506961098015,-0.004905305698617777
2023-03-16,0.01486903532780614,0.0016439480024116645,-0.0005214176817326733,0.010744127782807242,0.01420064899894593,0.0015415934717207373,-0.0007699084728297658,0.01039843693086311,0.018210966972107202,0.006330392622419323,0.03435117285183642,0.016833382190481083,-0.0009788653079086664
2023-03-17,0.0007420631691404371,-0.012342855838139054,-0.02617440023133751,-0.006502315390130747,-0.012241012240181462,-0.012740470967704452,-0.02636082107853086,-0.012526192292824001,0.06565744021574993,0.04889144192000496,0.0815746864874678,0.06337892989414069,-0.02734260379942023
2023-03-18,,,,,,,,,-0.022695728368747784,-0.025923721087143095,-0.029456248616930858,-0.024133249867773515,
2023-03-19,,,,,,,,,0.028497063352154364,0.018901695677583936,0.017501674428568315,0.027761631400798324,
2023-03-20,0.00375146243901129,0.013065624505834464,0.020021772330363813,0.008527724307342594,0.011381656021337803,0.01319980573030101,0.01986125872058211,0.012007999531025888,-0.03439950547262127,-0.02173661753069283,-0.07119636678013097,-0.032050955375651516,0.019660201140410002
2023-03-21,0.019658805021547755,-0.0012468669138380824,0.006149969522982132,0.011126787392236433,0.008352348230895297,-0.0012361777278817399,0.005840901474854269,0.005724402351652996,0.07619108897481006,0.0283275629422849,0.05496746216144088,0.07282039276257801,0.0035664046524470235
2023-03-22,-0.02484603845247792,-0.015054478203093266,-0.014806146885878085,-0.021881500607889487,-0.01994875486296806,-0.014997418449950686,-0.014569617896299562,-0.019260308911742866,-0.049332456400027216,-0.09285123633855726,0.05585926895338811,-0.0536294973831153,-0.013990275159270265
2023-03-23,0.009246312215876316,0.005710499167739296,-0.0007809023145435674,0.004774924232523286,0.0017877909140547074,0.0057637965019162515,-0.0009437502209999925,0.0011202803227178993,0.04653891872498438,0.07928334693385573,0.07262296505113253,0.049713664447467006,-0.00035800534947587055
2023-03-24,0.0018179527117647087,0.0163174141149695,0.006050587102243678,0.0072715355943912836,0.007631212702629167,0.016247709829405193,0.005978800207729934,0.010096289459204188,-0.027248347242557584,-0.028251587523788865,9.502036301856087e-05,-0.027623465596891696,0.0063701558211889785
2023-03-25,,,,,,,,,-0.0020463756958890474,0.0035223430126145048,-0.02271650188943919,-0.0005590718131558373,
2023-03-26,,,,,,,,,0.013712003864556753,0.009868486807294222,0.021227579041304123,0.013142874857239157,
2023-03-27,0.00037268379532808254,0.00535523580238567,0.016087371541177467,0.002929377851000753,0.004297343942389522,0.005464591544102421,0.01644550128157353,0.0046537244401995345,-0.019250616939979114,-0.014116244371195895,-0.04574511112013879,-0.017485758228475166,0.01604320970417114
2023-03-28,0.00631299467802165,-0.0009399309551482193,-0.001842340938227641,0.0039482705655144905,0.0015994860897350029,-0.0011488637789537053,-0.002508065789588938,0.0017058380816018228,0.02988053761945489,0.008912356189072558,-0.0012045034923762188,0.028118657876159418,-0.003857006494818713
2023-03-29,0.017745844831308602,0.006764827174049658,2.8572823954773154e-05,0.014739934844168268,0.01557046620206545,0.0066887378438234,-0.0002237531760238675,0.013671806539685909,0.02862273797752435,0.009655113813021598,0.024706950107140857,0.027313543608861637,-0.0011360710700770772
2023-03-30,0.003797618035491044,0.004532915942531808,0.007459897443803578,0.0038746351224401045,0.004909293457587829,0.004634342865907797,0.007569295231572442,0.004330479023701903,-0.00176075907499288,0.0036545733177982304,-0.02498140714967767,-0.0007850718253610809,0.0077619298591725125
2023-03-31,0.01412909388152939,0.007171644647949179,0.0067098812041512055,0.012388224815109027,0.01245554165487161,0.0071320050169646826,0.00648379860254651,0.011627669606506057,0.02249685501481828,0.013013730482133602,0.007009182869084141,0.022049367513995752,0.00680791543767626
2023-04-01,,,,,,,,,-0.004093416876705502,0.01076531138952199,0.0033493739755480305,-0.0036459439942953913,
2023-04-02,,,,,,,,,-0.007162079471210981,-0.018245285448134228,0.004211533697992993,-0.00793729752322844,
2023-04-03,0.005473537217209086,0.010127286288415164,0.02326584841818691,0.006582849987323011,0.006940014431519134,0.010361370644771462,0.023234434149750533,0.007293168277187755,-0.0018588488543411661,0.0009043590700202242,-0.017005326319824335,-0.0016066754308494877,0.021956583475496685
2023-04-04,-0.002758518085318804,0.005603033346201758,-0.007600430440877692,-0.0020674706740910417,-0.005064090563162217,0.005594981728069548,-0.007439274085564263,-0.0029963565408253363,0.008769344303898264,0.003666153120909535,0.0025094090006884764,0.007726103956923589,-0.007804322538492018
2023-04-05,0.0038483831842119694,0.014930689536242376,0.020517077032441086,0.007107446687084954,0.0037000673038339793,0.01503586868652151,0.020764206410155837,0.0070340492195387445,0.004589962586101925,0.003933676884640547,0.002353629594353603,0.004672470457067912,0.01982399930244223
2023-04-06,-0.001632453040931714,0.0003359877639085165,-0.0031822436121760438,-0.0003094820674983325,-0.00016101982917674727,0.0002911239338239484,-0.00303671888050561,0.0003263807601396674,-0.008989619099706548,-0.0019444973065597321,-0.013231564860088531,-0.008389325541643268,-0.0028165687082609987
2023-04-07,,,,,,,,,-0.0007157523707202245,-0.0007270077398288788,0.006484147747181066,-0.00039400611494308947,
2023-04-08,,,,,,,,,-0.007581287504680157,-0.00012472424874964338,-0.010671422652920717,-0.006896383441371414,
2023-04-09,,,,,,,,,0.008575166111636202,0.009078597653180791,0.004737148203020058,0.008536783935694823,
2023-04-10,0.0068584890585663754,-0.0013826260533909597,-0.0021569992094656663,0.0036165427976782303,0.003514247817485643,-0.0013693508887956051,-0.0021286670673897326,0.001991530559512088,0.023579695263970035,0.019987728160800224,0.030634389026168957,0.023234603522087793,-0.0017040272355495047
2023-04-11,0.0027781488234734186,-0.0004222302898653177,0.00036483192037751815,0.0024208720032082216,0.002569206481788522,-0.0004950975031123512,0.00035238741984714946,0.0023307875078334996,0.0038228605318978985,-0.004195368314295565,0.00248946910348363,0.002689939305675612,-6.647884561256307e-06
2023-04-12,-0.0026424747146835148,0.0008708145572986918,0.003199317769102624,-0.0016418492394963638,-0.002221933994919998,0.0009418653611840632,0.003330725689765151,-0.0013486715724799557,-0.0047451783135010975,-0.015714508784797295,-0.020326434720327538,-0.006222790757544708,0.003399565303789648
2023-04-13,0.009702366753600434,0.009038933274186584,0.012083646368794923,0.008390590022306294,0.006972895720065671,0.009113216668154572,0.01220094124155519,0.00729287100983391,0.023349721921274248,0.005660259047429907,0.01703617784438897,0.02129006064013785,0.012041343002849854
2023-04-14,-0.0022719367063586088,-0.004481243781663375,-0.0006898905640477922,-0.004324001990622623,-0.005796901834398556,-0.004413415994657541,-0.0007760057400848161,-0.006005181204375069,0.015352888933841126,0.011414809950631535,0.022284273866516727,0.015408824286499454,-0.00040344181673526404
2023-04-15,,,,,,,,,-0.0004410469546381692,-0.004328159768721224,-0.00016971796093191108,-0.0003930271063748418,
2023-04-16,,,,,,,,,0.007813593645352734,0.006057453456479762,0.021634079077009385,0.0077216545877196235,
2023-04-17,0.0001852270661380701,0.00036488311085779406,8.997569670478205e-06,0.002292797426931731,0.00501314190495388,0.00036075845037846323,-6.607083058855247e-05,0.004536919578446291,-0.023954347127940978,-0.016946245660471378,-0.017423152016942264,-0.02337229158395087,0.0007360858613457213
2023-04-18,0.0036803527513123322,-0.002072341082207851,0.004930982435563359,0.0009618136569450873,0.00031857017390728875,-0.0020280819564826033,0.0047506737518256525,-0.0006492386444457955,0.02048926563833755,0.019561983324547075,0.03589892548726184,0.02082320952311492,0.004816044236906307
2023-04-19,-0.009925908423353686,-0.00026236121301033167,-0.0015407630422325255,-0.003310195025985968,0.00215018613987956,-0.0004042522856435642,-0.0016358123804563192,0.002260973617123599,-0.07030638123951992,-0.026346009360182707,-0.09761994630049275,-0.0659991779133728,-0.0013354978755214842
2023-04-20,-0.008568364002944072,-0.0056746036423110284,0.0012839872630906822,-0.007794963715141569,-0.006963271769652834,-0.005408480689320056,0.001262770708887891,-0.006988805826432499,-0.016593825169400268,-0.01074272880422721,-0.015098232560074509,-0.016289678442146863,0.001723341791779448
2023-04-21,-0.006889445400750232,0.005659406057117553,0.011863456238669863,-0.0020549200801688676,-0.0010172047667623982,0.00563844004141704,0.011923782831303357,0.0006980006117668385,-0.036250648570689395,-0.014723227973399873,-0.052852338971034626,-0.034241230100683195,0.011641481717113508
2023-04-22,,,,,,,,,0.027746816801226506,0.017850753799826126,0.031950959565147846,0.026501792640419748,
2023-04-23,,,,,,,,,-0.011357535930528784,0.0036903133237652826,-0.007918013415534815,-0.009659541931459459,
2023-04-24,0.0004305062900748464,0.001791863685580159,0.0066708529828000155,0.001178730975903138,0.001757089349559311,0.0017671390897746762,0.006621461032004344,0.001808252403274487,-0.006202409007347477,-0.006666357406257156,0.007092400382558552,-0.006069121800298174,0.006291530355050756
2023-04-25,-0.009650637567961994,-0.0009033827790149772,-0.005850216656693301,-0.009222579579809221,-0.014954209205319131,-0.0005185475967142177,-0.0056235119041106296,-0.011672385925114237,0.016867220618823685,0.005363497014507754,0.025842209321687275,0.015870926992324317,-0.005803589312312192
2023-04-26,-0.012523996324433188,-0.01941878066123003,-0.02136785649392222,-0.014366973082725117,-0.012476823412631973,-0.0194409075040431,-0.021464163774177394,-0.014364444920536842,-0.012759860883439278,-0.006603955357037663,-0.025504443685827344,-0.011789668542632923,-0.02183023592312262
2023-04-27,0.01470703557001306,0.004402980504510006,0.009366812272678294,0.012519235625612855,0.01466191302179606,0.00461823009310955,0.00940514272299805,0.012542515231949916,0.014932648311098052,0.016781500208706376,0.013909678334466435,0.014944134353753446,0.009686758953472702
2023-04-28,0.008524585878158259,0.0036812452346554076,-0.000761000339096325,0.0071060594342656925,0.009482238561268223,0.0036863961235563242,-0.0007819272427749793,0.0074526375662146965,0.003736322462608444,0.00856454009573185,0.011894881584476966,0.004306890581723222,-0.0007861033760413081
2023-04-29,,,,,,,,,0.005886241885930077,0.01300148826973878,0.00743188479488774,0.006647206763423157,
2023-04-30,,,,,,,,,-0.013803832708956977,-0.007003160470050804,-0.021834837133685628,-0.013020517320154046,
2023-05-01,-0.00570146063816566,0.0009925759992829273,0.00286207403433663,-0.0038712920857555105,-0.0034225665792960943,0.0010705452517679635,0.0032427004891538696,-0.002807089238570135,-0.017095930932513506,-0.0011157333281629324,-0.02266752150255092,-0.015652467443452646,0.0030206900628381344
2023-05-02,-0.011728617620718739,-0.008064779923895399,-0.0002791232279992234,-0.013173894755546662,-0.01668205447422317,-0.0077739183167349814,0.0002863416678026906,-0.01547715339980114,0.01303856664680343,0.01380489846754377,0.014913615861667274,0.013297344942691866,-3.9980916528202515e-05
2023-05-03,-0.009008965374414554,-0.00902798490849859,-0.01491803934459887,-0.009257357432273836,-0.01221749617771301,-0.009093069859671458,-0.014255933795130103,-0.010774864741118186,0.007033688642077719,0.00337280622995182,0.005612236371371815,0.0065311366103779096,-0.013804416728260712
2023-05-04,-0.006213969164150282,0.0005022367968101579,-0.010323581148313544,-0.004422214977023584,-0.005351289952589209,0.0005149969161812117,-0.010294671036147365,-0.00401854511753291,-0.010527365221955643,0.000358911667652166,-0.004595065855682345,-0.009416090491302693,-0.010503913666117222
2023-05-05,0.01804464903028992,0.01089801648741523,0.01122425694044281,0.015910098511097585,0.017515249613176284,0.010867442212352899,0.010901576681151728,0.015611580592354539,0.020691646115858102,0.02231824005149533,0.009095084033685936,0.020859468738856062,0.010942427497603076
2023-05-06,,,,,,,,,-0.029721123498456306,-0.013346192854545975,-0.044374596574292324,-0.028069312729748552,
2023-05-07,,,,,,,,,-0.011481109989431838,-0.014187787710111333,-0.006953773681808852,-0.011585545439410946,
2023-05-08,-0.006554959489218449,-0.0003306184871303666,0.002150828534069367,-0.00417946147569766,-0.0006943661313251728,-0.0002896661928713129,0.002361500729873827,-0.0013590005149051302,-0.03585792627868483,-0.01758114040816961,-0.05724351940574213,-0.034123936430348806,0.00240592811805278
2023-05-09,-0.0008714536635478388,-0.00452192081347871,-0.0033370537609947433,-0.0024252584003108205,-0.004258718762879401,-0.004525734145880218,-0.0034873818580622167,-0.004052494804256278,0.016064871833109975,0.005746906543147029,0.01781287733729412,0.015486249500923954,-0.003435877211585967
2023-05-10,-0.001754988869366697,-0.0005984557240040668,-0.003545233776278297,-0.0014889764937098778,-0.0017783329876314969,-0.0006310536769437354,-0.0033416324935159527,-0.001506258543711397,-0.0016382682780426987,0.002774241398369923,0.008575198645171176,-0.001645198909233834,-0.00349389716559712
2023-05-11,-0.010958382402106738,-0.0022251939612842955,-0.0033628098959157166,-0.00871371017106366,-0.008972948417903201,-0.0019556193665991334,-0.003347373036798369,-0.007811864383140176,-0.02088555232312441,-0.022947197424767335,-0.008065410581601519,-0.02056394145701032,-0.0034387684554529124
2023-05-12,0.00040646252329820854,0.0013357247015056079,-0.0031475117883536033,0.0004163073646494302,-0.0008388740546909412,0.0013609545183303016,-0.003174847903515631,-0.0001682940435204716,0.006633145413243956,0.01144922247122806,-0.0013499956279245749,0.007166312926404373,-0.003206560417349381
2023-05-13,,,,,,,,,-0.006690148368844429,0.0022245393082268128,-0.00433085743300361,-0.005982512059881288,
2023-05-14,,,,,,,,,0.009488724033330365,0.0019745938350832284,0.02626845149936362,0.0090357055723869,
2023-05-15,0.0051931715604700895,-0.0029466835540358145,0.004881688396218447,0.002760579944038114,0.004566875681341904,-0.0028859925299683092,0.004713391224971528,0.0024529324834744013,0.008324650956111014,0.010751453878287291,0.030079164905013087,0.008458335367879093,0.004783811726377015
2023-05-16,-0.01190408038703456,-0.015687781382220958,-0.007353899471449059,-0.014616855829489545,-0.01596931677803586,-0.015389383519133326,-0.007204949535766858,-0.01662638512941525,0.008422101567971952,0.0012483796977064434,0.025807343450044446,0.007712197712369927,-0.0073238931834326264
2023-05-17,0.01275165832915351,-0.000995761090546012,0.003831514837814205,0.009632129490818908,0.012319075380388223,-0.0010555755128547988,0.0034365559788425365,0.009350616611747294,0.014914573072979954,0.008912146671247298,0.03401434519028355,0.014282516282716248,0.003664344518620172
2023-05-18,0.002966872803571791,0.0009920240405938943,8.800771391896543e-05,0.002114666481315748,0.0058853739811349,0.0008393469926414888,-7.45685862592045e-05,0.0035110962973762872,-0.011625633084243761,-0.013382247511075144,-0.0210819993496471,-0.011779471677519932,-5.3854518551217255e-05
2023-05-19,-0.0015144502784157738,0.0001601393501253596,0.005515138925400078,-0.0010486458112888952,-0.0024750102388178584,0.0002424492196344712,0.005722040342423917,-0.0015562466305573638,0.003288349523594647,0.004618477333748371,0.011784310194128022,0.0034911557380557616,0.00581759499455407
2023-05-20,,,,,,,,,0.0049119396708774635,0.02120932532951005,0.006597761703852126,0.006497428710450957,
2023-05-21,,,,,,,,,-0.010665021585102118,0.01840754199541992,-0.007755662937675599,-0.007676395403112919,
2023-05-22,0.0019826777328277086,-0.005517253788942257,-0.008228676376545023,0.0005696282841121509,0.0006733174629292172,-0.005640460327902918,-0.008185980574473032,-0.00015895097387113756,0.00852947908232017,0.028206030447634305,-0.006868274939269439,0.010177466314703376,-0.008087934373288974
2023-05-23,-0.0045412686415083345,-0.0036636507992721438,-0.01162244341241642,-0.005343485948227474,-0.007158860298573353,-0.0034701759352055222,-0.011781737385077526,-0.006676362580829733,0.008546689643816751,0.006819061635618688,0.008762264438691105,0.008324849281114174,-0.011543539076771267
2023-05-24,-0.012587796060454326,-0.00672633619414794,0.0009504965312151474,-0.010471792469870641,-0.0092430297574062,-0.006733280633383277,0.0009220966434744307,-0.008871695746958763,-0.029311627575694967,-0.023839545861962564,-0.04961230533558784,-0.02871904140684701,0.0010287918786275546
2023-05-25,0.0001796215698891928,-0.013175834923598154,-0.00983289327402192,-0.0055050588009791035,9.278741905413855e-05,-0.012961302424445379,-0.009740671463148286,-0.0057227864724665725,0.0006137923240644661,0.0010562649600812089,0.005401247963112888,0.0006786507865610853,-0.009747316580657913
2023-05-26,0.009530105655791186,-0.0008572991517057686,-0.0038070590613479443,0.006016784730797642,0.008663674683658413,-0.0009090604119937229,-0.0039108911167557575,0.005673747868321429,0.013862260516455062,-0.008498537536352876,0.013079921140473872,0.011453743484849843,-0.003905746808872857
2023-05-27,,,,,,,,,0.008685536718812826,0.016845858062701106,0.012322315522667108,0.0094267664036324,
2023-05-28,,,,,,,,,0.027256993493929824,0.015902235533615732,0.03304465103853103,0.026111532961062858,
2023-05-29,,,,,,,,,-0.006321640644553051,-0.01448255656148628,-0.0015012089475528517,-0.006991017184397086,
2023-05-30,7.578433379529421e-05,-0.003590164029723182,-0.011186326497480355,-0.0017637906328058662,-0.0018190711166541518,-0.003565811158970751,-0.01133039478036934,-0.0027551344275420684,0.009550061586042526,0.0022439812569500814,0.020007297037512924,0.008857977988505305,-0.011300994609702497
2023-05-31,-0.005713966401747791,0.006839769633289689,0.0019199530208569952,-0.0022792604533162244,-0.004663092855496197,0.006822186017312205,0.0021602115303902413,-0.0016840371368166693,-0.010968334133005764,-0.014329755172407985,-0.016955982180088886,-0.010920016076284926,0.001970802492523962
2023-06-01,0.0031227568803515173,-0.0021901149395937,0.018268332912090637,0.001880435082571193,0.005148317863618266,-0.0018683083158512386,0.022773136497100378,0.0030008144306075944,-0.0070050480359822205,-0.010217224644772593,0.014517316733533094,-0.007167509750240721,0.022499964673679446
2023-06-02,0.021328520412707674,0.010732831972395813,0.012000919868988713,0.019107029757775788,0.0195001976644241,0.01157263590615124,0.009212384674072628,0.017571805739661817,0.030470134154125517,0.06798912933054943,0.021454741456575454,0.034119032063792194,0.008933369470871491
2023-06-03,,,,,,,,,-0.0032645391579624763,-0.008678791010837858,7.90120592943761e-05,-0.0036916744731310784,
2023-06-04,,,,,,,,,0.0019090477931811847,-0.0024544241712400397,-0.009322152565898124,0.001343735285269447,
2023-06-05,-0.01417536110529351,0.0018954232208775494,-0.009627113941297599,-0.008310199568070133,-0.005896949385171216,0.001652920760041083,-0.00578642884434993,-0.004014071759135793,-0.05556741970590499,-0.04244311620780069,-0.05937689931144573,-0.05427918368097208,-0.005060267341700819
2023-06-06,0.009414201121807915,-0.006433347446199639,-0.0038869705754388936,0.0042204849444433335,0.004403184679716094,-0.006441336902027808,-0.00801474585232363,0.0016575617791726093,0.03446928333226702,0.020569488179570095,0.04150397023614057,0.03318304833662837,-0.009460244808544195
2023-06-07,0.0012151655515494283,0.0011512267045534071,-0.00730151080021988,0.004648975069164425,0.008253330916676531,0.0008562062989099201,-0.0066456080135175715,0.008127884627294838,-0.033975661274086084,-0.0243492719542719,-0.026457216021605424,-0.032985899177415755,-0.007784889829322172
2023-06-08,0.004640053398329462,0.006440488175276363,0.01257822793019295,0.004677922856046554,0.004105881849056212,0.006306857144700891,0.012322677360429728,0.004434704956432715,0.007310911144695709,0.007625615531330876,0.0006880110930358346,0.0074138270809330714,0.013040863268502357
2023-06-09,-0.004253699654141783,-2.7739006420082432e-05,0.004978801918595871,-0.003886341697685646,-0.002802731516898365,1.0732613640316296e-05,0.0031837618138366042,-0.002877178665119804,-0.011508540340358876,-0.03981564764210804,-0.00022434008378572197,-0.014483783541602051,0.003294261156056805
2023-06-10,,,,,,,,,-0.08270980281888682,-0.03306935401715432,-0.08402196802350598,-0.07821604327789075,
2023-06-11,,,,,,,,,0.0016502033140609273,0.007069397780178675,0.004320509501994656,0.0019227211309835051,
2023-06-12,0.004438536941679719,-0.002545110146725708,0.0017583248934117217,0.0027343887886458946,0.0052286646422442075,-0.0025683157205038465,0.0008230372838176789,0.003121217319865798,0.00048789843885728174,0.0061532918976700945,-0.0008487224017944305,0.0008904010667714651,0.0007957018968723338
2023-06-13,0.006482162867490409,0.006198433444336421,0.006826163548810912,0.006036678561881151,0.007318719029048488,0.00631314463529152,0.008800633986194748,0.006426622487993049,0.0022993820597000175,0.0069046220917161,0.00030656799191522074,0.0029979496180415287,0.009248816907304998
2023-06-14,-0.007089354769267448,0.0010486041105747526,-0.00866794182074993,-0.004431456238737172,0.00012724349296770352,0.001479700940189028,-0.0019349962528858893,-0.0007146865962174659,-0.0431723460804432,-0.02130174755926041,-0.042967961787031494,-0.04094921299380264,-0.00064452740000642
2023-06-15,0.009301110782040432,0.009749705186398472,0.004398915468865743,0.010154107567406192,0.010003512200136698,0.00959832349305042,0.004579513069711811,0.010633111056440544,0.0057891036915591046,0.003266406021586713,0.017176136347071873,0.00541820181666338,0.00434692970768954
2023-06-16,0.002319840849433656,0.000834237813612313,0.0017935525602086728,0.002114475778180246,0.0005502064556709698,0.0009226740219695596,0.0030363226294669167,0.0012755656125771756,0.011168012818247086,0.0077001942212369355,0.022228059811536277,0.010938314932267894,0.0027772374422544593
2023-06-17,,,,,,,,,0.00953205851289305,0.013467109534605415,0.00988533495321009,0.009788559357103892,
2023-06-18,,,,,,,,,-0.005460914609440515,-0.014305920069307828,-0.001995963430015801,-0.006349873840706879,
2023-06-19,,,,,,,,,0.006550246328475962,0.005962413946833416,0.009222985604518464,0.006235831953246128,
2023-06-20,-0.005993356231431425,-0.007839183484240814,-0.0031267263130226926,-0.00817205432843982,-0.012622406708579165,-0.007766745443329508,-0.0025378826028860913,-0.011609302394277451,0.027151896154307277,0.026924773867847696,0.04239290827119209,0.027076435029056864,-0.0009605326265445593
2023-06-21,0.008886569154665692,-0.0018183483570439086,0.004944569860516451,0.004423788743854138,-0.0031648906733249046,-0.001649685990378447,0.004053935913145106,-0.001753756794540327,0.06914386829461867,0.03905665674815504,0.05793417388260094,0.06835524168833755,0.003667104467036724
2023-06-22,-0.005267702939070902,0.007608444880926333,0.0044568787225397685,-0.003456688494937925,-0.005592422870120342,0.007798069532788469,0.006612180080140208,-0.003516960432609996,-0.0036441032838237077,-0.004985673000216791,0.004018586500227269,-0.0038180226340657738,0.007435225270008335
2023-06-23,0.006400617430051083,-0.005524545394319691,-0.003608287112112856,-0.0005010052467181853,-0.007259581439822718,-0.005384617645815828,-0.004266872901918831,-0.007269567067459715,0.0747016117794201,0.0212669131868035,0.0438802442504216,0.07253445647741716,-0.003970216805014415
2023-06-24,,,,,,,,,0.011652634564868595,-0.007893060599227094,-0.01142151811718097,0.011589958289793268,
2023-06-25,,,,,,,,,-0.010868836642279276,0.00782447295081134,-0.008959104917858056,-0.00946715664603416,
2023-06-26,0.006565141694990467,0.001322421415965465,-0.009925065164726318,0.0061908423353191746,0.006682503230795585,0.0009616897028609785,-0.008893012519961776,0.006267401972881709,0.005978334015964882,0.0025158941767420228,-0.008361653239372265,0.007273085418159282,-0.010077598389663442
2023-06-27,0.009790980390278444,0.0028801657304041296,0.008305346292784522,0.00646593111045556,0.007222896182025428,0.0028343846159175727,0.008368989435497565,0.005052266662567854,0.02263140143154352,0.01810309431243188,0.01045251759002843,0.02282389682827297,0.008667949594992721
2023-06-28,-0.00808080814049297,-0.003412619842911057,-0.0012495216087388865,-0.0052675634933746305,-0.0017040372863230946,-0.003668928686345314,0.002266594584925522,-0.00216940907546034,-0.03996466241134235,-0.01326900534419371,-0.03884246455968375,-0.03703732539454517,0.000985762341806548
2023-06-29,0.010228184796819903,-0.0001727146102784994,0.006297672421607087,0.007689560283129292,0.006333876012833468,-0.0005233275861428135,0.005107119262732942,0.005691113964421531,0.029699728716752083,0.011124026100756636,0.016533013724447106,0.029023637685767965,0.005051310496604609
2023-06-30,0.0226032029912319,0.006629019509480679,0.017723125918074005,0.015443865145663963,0.008314033679412115,0.006549583687406917,0.02007770282219878,0.008359142988446032,0.09404904955033085,0.02023770248800291,0.15241746017260474,0.08813995768011218,0.020328749095148237
2023-07-01,,,,,,,,,-0.0018449409424392102,0.004178853209369325,-0.026927370204285667,-0.0011598712335461835,
2023-07-02,,,,,,,,,0.005238620849933817,-0.008154321770826365,0.0196231559364731,0.004112286598800342,
2023-07-03,0.003877257598172458,0.004122375048718592,-0.009564658579431583,0.004433985086581074,0.005677130992006776,0.003651394064085069,-0.008815438113133053,0.00524285062791306,-0.005122109370999129,0.01331819165076245,-0.01671988284525078,-0.0028629055524707113,-0.008532558193401983
2023-07-04,,,,,,,,,-0.01944257981250476,-0.0089156643226804,-0.038989648479229914,-0.018074425667121023,
2023-07-05,-0.006060561334685032,0.002023040751341796,-0.0012406601105124468,-0.0033970297358939753,-0.004240653464778885,0.002013121591013937,-0.0005112103485229093,-0.0025066482584851003,-0.015160100684215774,-0.006607341937820107,-0.005050196606763037,-0.014449322537320482,-0.0010671651944813292
2023-07-06,-0.014258838320504312,-0.008204073686652217,-0.011190333337934089,-0.012836543657637143,-0.012084138933912192,-0.008410713418639141,-0.012248730907680366,-0.011747444527877945,-0.025132335253464935,-0.012094455885408351,0.0012927681000115402,-0.02379346628032368,-0.012586531759841294
2023-07-07,0.003562092659664423,-0.012248572662712212,-0.00406325299952951,-0.0004094704243806875,0.0006819149565187499,-0.013531332017238289,-0.0048901602330415584,-0.0020302323154361324,0.01796298117539279,0.017483552214408615,0.008884638488601571,0.017818188832296522,-0.006821859722057317
2023-07-08,,,,,,,,,0.001531650931283768,0.011077223651669911,-0.01469045490615319,0.0028277201768766827,
2023-07-09,,,,,,,,,-0.013726282828247383,-0.018580473173085005,-0.016759907179457384,-0.014096724518576785,
2023-07-10,0.006097554230657369,0.0014536831421604422,0.014173390908105389,0.004986364489782842,0.004779669698334353,0.0013194330206951089,0.01285796319776962,0.0043473063886894335,0.01268697689227245,0.00429725912376226,0.023953789991899097,0.011735151300257008,0.012030105727211238
2023-07-11,0.011893023138107533,0.008500106110463476,-0.000602165376946881,0.011648011121539457,0.014211688018259465,0.009033095205330776,-0.0002811917697019214,0.013015986425735666,0.00029969873734785323,-0.0010572065699896594,0.001225694454569597,8.14297206845093e-05,-0.0013568417899034002
2023-07-12,0.006143557144120818,-0.0019433917162827415,0.0018623062473307828,0.005586690607415452,0.00823735096035434,-0.002344229137815492,0.000715399241709636,0.006651750497090018,-0.004325411937046786,-0.002352127398331791,0.015513826188617552,-0.004209672080278035,0.00010506423968982727
2023-07-13,0.037260963080475606,0.002524491399216357,0.02373911053196766,0.021932838395826514,0.005613289998631371,0.0012350567678527866,0.0020649301059681366,0.004291621282778925,0.1954993284896968,0.12032035488842771,-0.001729912326953693,0.19387142469184426,0.0015019451317847964
2023-07-14,-0.015765993628187005,0.001536452498178894,-0.007572301984530211,-0.010027099989008656,-0.006609687433745771,0.0027899595820587986,-0.0021347950530307682,-0.005052994994997663,-0.06154752460039318,-0.04117008978411739,-0.03769864884283386,-0.059960991666734326,-0.0010303658889486114
2023-07-15,,,,,,,,,-0.01001040605553859,-0.001153007780096347,-0.025601047541334444,-0.00929378479750635,
2023-07-16,,,,,,,,,-0.0053807677283610475,-0.003133807551284491,-0.009549462575215124,-0.004560526672953751,
2023-07-17,-0.003649339895416244,-0.005352733692279028,-0.0011686520479609924,-0.005239289533240927,-0.0035596088175880555,-0.005190502651369343,0.001034804519655405,-0.005095900720017155,-0.004097995284557188,-0.0030516378318485127,-0.01954849292268091,-0.004217356668055728,-0.0004162162662930058
2023-07-18,0.005054130851559698,0.0012817852842212413,0.00528067964960734,0.004523881645728053,0.005936202752823029,0.0011456546449905127,0.0033629992146253494,0.004853378008605562,0.0006437713452430377,-0.00024274568391053492,0.001110137862902462,0.0011519684423698297,0.0036971192544842774
2023-07-19,0.009944158028720694,0.007712089911958307,-0.003718047299393361,0.008862744854572138,0.006037952272526241,0.007629116623473256,-0.005971207195258324,0.0065338427498119675,0.029475186809692955,0.02743266948359367,0.0010235871104439897,0.03009043198687092,-0.005351954191234533
2023-07-20,0.0014145962126503099,0.015156513641118622,0.00910799202614146,0.005223278939529957,0.0017480758015509055,0.015426574690022947,0.011045873222685205,0.005238121318605267,-0.00025280173185267,0.007658331114672671,-0.0020672990187544016,0.0005837330305474603,0.011612536941842765
2023-07-21,0.0034909232161122435,0.006061993384744465,-0.0009440223087328402,0.005058270267491696,0.004489892359851595,0.006123704830975295,-0.0007801900138733533,0.005689503230917721,-0.0015039225025845096,-0.004619498760374728,0.007559775776436646,-0.0021922577701630674,0.0007362958333133071
2023-07-22,,,,,,,,,-0.012805089144875936,0.018521922228215547,-0.019571607819496784,-0.0096234950807417,
2023-07-23,,,,,,,,,0.013126348690180534,0.0009864483816496563,0.030315373663840985,0.011722158821744075,
2023-07-24,-0.001964363174995167,0.0007632426708929952,-0.0074549205082805265,0.00022813415046260213,0.005464941830862187,0.0013305961647411399,-0.003724579332863815,0.004256816101956138,-0.039110888204281935,-0.031041845765329423,-0.039244330581485416,-0.03838475751730123,-0.004587950333708032
2023-07-25,0.002921939450274056,-0.002529446819785658,0.025749260762751292,0.0016814128688006687,0.0034160131953540483,-0.0027582061254382575,0.028435362561111475,0.0019230938487241123,0.0004515707248740953,0.0026512079449727876,-0.0019101357406704866,0.0007748117859281468,0.023950218684547088
2023-07-26,0.004385740905184214,0.002581154438769023,-0.008978542232917653,0.003319145993174514,0.0021904630775948686,0.002791518206802126,-0.011236504235577422,0.0020168179201054404,0.01536213004313094,0.014364085080598662,0.013051812860912795,0.015392852264460008,-0.010216828049637937
2023-07-27,-0.003487624126020716,-0.005939452890877908,-0.0013966549711922644,-0.0043972263851882725,-0.004634011643839128,-0.006637995901743211,-0.001933255718572905,-0.005115615337904908,0.0022443134630713455,0.0024661491881301286,0.005082528370570071,0.002264551137784297,-0.003353611030734723
2023-07-28,0.004778237695945107,0.0036014605513377605,0.0010022897819000121,0.0037066109679945594,0.004241321399844555,0.002721573520983651,0.00175929850463556,0.0032916354069683473,0.007462819176447866,0.01889925708851276,-0.005132434753063073,0.008718856564203988,0.0029688500287250045
2023-07-29,,,,,,,,,0.003363640436718896,-0.012577186116084918,0.002827830204046506,0.001519974885723775,
2023-07-30,,,,,,,,,-0.0018887354070578285,-0.023093245773815572,0.02528480215985308,-0.004552298897245614,
2023-07-31,0.000723495473357098,-0.004230344396436239,-0.001025290471185393,0.0005594009367627797,0.004314741590100032,-0.0036392612676555223,0.00025192145237670636,0.0025850300019611425,-0.01723273511035757,-0.01943803345343068,-0.012492675905096659,-0.017485193037657026,0.0005137159762571953
2023-08-01,-0.0016767673196569446,-0.005385451914679464,-0.007689245483262075,-0.0037078616239242627,-0.0036317010240047836,-0.005437539124816339,-0.008855094935412904,-0.004806826049887907,0.008097901202082248,0.009266813688917297,0.0038831245889366585,0.00806760878237119,-0.008464601273761824
2023-08-02,-0.01760722554543934,-0.009230647736288643,-0.015887003041872568,-0.01344836723435023,-0.013699281238668084,-0.008650864002722988,-0.011390257396466269,-0.01142700049968248,-0.03714694707929564,-0.02623917206087381,-0.03658237004579617,-0.035140235399818934,-0.013602478257971508
2023-08-03,-0.007005576565142809,-0.005033669144443091,-0.00038474625806254816,-0.006324362157887177,-0.004931584621457254,-0.006687380379698133,0.0028862155736736543,-0.005432313803720994,-0.01737553628357058,-0.0014459953461348196,-0.007963422361948802,-0.014277926744782548,0.0031190201996730703
2023-08-04,-0.003047998051579566,-0.0033617059656727353,0.0019637050819936996,-0.0027109850887828604,-0.002197023217300111,-0.0044133246146297826,0.003676363943805004,-0.0023509281095974517,-0.007302872222976842,-0.00408687850043294,-0.006589599777351006,-0.006121143208393212,0.003063863357471074
2023-08-05,,,,,,,,,0.004349784985149952,0.004509051140522587,-0.0008501745563446119,0.004419252908010937,
2023-08-06,,,,,,,,,-0.005434122335717784,-0.0043737082949571494,-0.008690177313324882,-0.00532072223238455,
2023-08-07,0.007853063301314755,0.012590114047028167,0.016888387453072657,0.008797817513253533,0.00802041392341124,0.012369496551734659,0.014105328005039445,0.00886108454235616,0.007016310190832321,0.004764619464023208,0.022379009073056857,0.006454675671910106,0.014052602133276719
2023-08-08,-0.0004139619684981684,-0.0020422171466633133,-0.0030108363208627325,-0.0008908637438003985,-0.003440940743932581,-0.003265914879155153,-0.0064404977912359135,-0.002439012897075968,0.014720931908673896,0.011132818452239885,0.014340299189201152,0.013989465665391308,-0.006503197457889999
2023-08-09,-0.0020039056710249,0.002191677853995428,-0.010321783228668717,-0.0005846689062897705,-0.0019255958226743846,0.002143786188286371,-0.012003567920745818,-0.0005010382376116378,-0.002395454912777484,-0.0032822901419719145,-0.003770795212599857,-0.002454091872424549,-0.013571798700406803
2023-08-10,-0.0009152087186206454,-0.0008123314876000996,1.6349505370967326e-05,-9.709385442372364e-05,0.0009644399956669524,-0.0017242482069908913,0.0036003003010675614,0.0007705340112538956,-0.010313452290058634,-0.002162442271121069,-0.010930636630473348,-0.008718824940605815,0.0023468905681550173
2023-08-11,0.0009789535037611969,0.006002759029754967,0.0017568758901713938,0.0027320373472730624,0.001675815022885709,0.006140488586579778,0.0037648607023372037,0.0031748405854359315,-0.0025053540918613675,-0.0018847172555328897,-0.0050782821952743175,-0.0025037632425886896,0.0008108828855981478
2023-08-12,,,,,,,,,-3.937036608947508e-06,0.001900795602084364,-0.0007334975879090039,0.000562172048965619,
2023-08-13,,,,,,,,,-0.006202337709924488,-0.004743976960177984,-0.002966108459000036,-0.0061113693818214045,
2023-08-14,0.00174716454153932,4.707386718024234e-05,0.014940481858656587,0.0005677830189700847,0.0017062775996715216,-0.00021929889181930947,0.016139989336706843,0.0005188448204292227,0.001951599250878311,0.00340153886849167,0.006733815170851094,0.0022434665249536465,0.01929662599518151
2023-08-15,-0.01576839806135726,-0.006370523256988204,-0.009856095494066564,-0.0131104239191181,-0.013225456282507148,-0.006130739599548642,-0.008375322765797878,-0.011909510143975571,-0.028483106955607816,-0.014755264244704129,-0.014055468356326824,-0.025888421439172825,-0.007387185767178639
2023-08-16,-0.013305220169425746,-0.0035445582183043075,-0.012047040681005879,-0.009559457016794502,-0.008186117279367163,-0.0027498233255168676,-0.004146026453830353,-0.006848562781147586,-0.03890073461971866,-0.025644263633518294,-0.04353690879789564,-0.03684758980409399,-0.004619949959301189
2023-08-17,-0.018618058375637507,-0.00636437187991875,-0.027470919924331566,-0.011518398880523504,-0.004655788275770239,-0.005578680751391733,-0.01349414578893389,-0.004543341309182581,-0.08842940887497387,-0.06075492218317178,-0.08568009931050746,-0.08268867334133732,-0.012447139622261766
2023-08-18,0.002471885241369139,0.002847238960711919,0.0046708674093162055,0.0019428184739555732,0.0017330293707238818,0.003270198659331192,0.004606268557531715,0.0016674512909814552,0.006166164594595425,-0.006517719280733758,-0.0019030330999619952,0.004001243775572888,0.004409756223474007
2023-08-19,,,,,,,,,0.01446029421699644,0.00894098927375185,0.007387956254418935,0.012843186537673605,
2023-08-20,,,,,,,,,0.016883672615801638,0.014009551589398093,0.015722056212876825,0.015751850465286786,
2023-08-21,-0.0020742084303499277,-0.002712634322814731,0.009057371659882138,-0.002370772196253286,-0.0005131283529655393,-0.0027908497149434198,0.013282448459996217,-0.0015219779053440364,-0.009879608817271868,-0.008423169993919186,-0.01237103313632737,-0.009016190096141935,0.017976292789063344
2023-08-22,-0.0064817016705362865,-0.0052113473461836,-0.010017037917205002,-0.005377413603950318,-0.0049044034665741655,-0.005641296485037591,-0.010872624664100524,-0.004650194732406081,-0.014368192690346893,-0.0060174545431272465,-0.00434393731783567,-0.012790229379724915,-0.012236315557723434
2023-08-23,0.011351836612056925,0.010316556128826761,0.023083629235118207,0.009344006036508945,0.007321780440630265,0.010552515880777694,0.022350750307752888,0.007343605184973992,0.03150211746919023,0.025932564816060197,0.02923050418915517,0.03051262130973814,0.022744809797926355
2023-08-24,-0.012212596412256192,-0.009880209960476553,-0.013989307720706707,-0.011062157660610104,-0.012228581664713429,-0.009627128766313409,-0.015414038541058472,-0.011071290970684763,-0.012132670149970026,-0.011444152550746633,-0.008226978500399725,-0.011684823126245605,-0.01379231128557359
2023-08-25,0.003910768741890752,0.002966095333704824,0.0019008921150347991,0.004256649146879997,0.004912513294952161,0.002501381106420972,0.0023576371663639405,0.004708754719904388,-0.0010979540234162925,0.000268933215366908,-0.0012014749316637706,-0.001074161003178141,9.050502230785553e-05
2023-08-26,,,,,,,,,-0.00558602193954032,-0.001664674391792147,-0.0039698283035141686,-0.004696035171959274,
2023-08-27,,,,,,,,,0.009236659750104226,0.005986495593853902,0.014572022014290567,0.00892287928087315,
2023-08-28,0.005986453806978164,0.0029169896769711346,0.006612317978354232,0.005735075514095558,0.008364884527056863,0.00313102929148454,0.010409403429055468,0.006997065546657835,-0.005905699793415332,-0.007789759927425678,-0.0151789693208125,-0.006287232384041658,0.01094740178943359
2023-08-29,0.019163789948962447,0.006834268517770352,0.02698632772580871,0.014542268900803694,0.011982477817999241,0.005613859319813782,0.015442412552944722,0.010825284827538906,0.055070350603778455,0.04688781488248328,0.08331767899732632,0.054009902980639464,0.017098268113478254
2023-08-30,-0.002387208164079165,0.000953315283149238,-0.004638958932311679,-0.0007053243772820802,0.0015849659208836808,0.001672380733091503,-0.001485431157461639,0.001362936699202639,-0.022248078588893397,-0.017857214971380448,-0.024530382588857223,-0.021503375156159597,0.00022836681021169532
2023-08-31,-0.008881755663568981,-0.004449759659554434,-0.005969074103581511,-0.006891050800341745,-0.0030555686910886835,-0.005096693407354501,-0.0016460586833954877,-0.004111187802938149,-0.03801269052597048,-0.0252446071929521,-0.030436475837957864,-0.03556395831764941,-0.0010401999601315727
2023-09-01,0.001219440181121436,0.0012123709179789532,-0.004234710937827654,0.0018020364992414905,0.004049068438607958,0.0006192647095671735,-0.0014372225889245673,0.0032475524587627547,-0.012928701106311181,-0.00872847250624474,-0.019406638215457173,-0.012097976970825626,-0.001968781904948348
2023-09-02,,,,,,,,,0.002151171943819353,0.005636944403394604,-0.005558333621983853,0.002917931698937448,
2023-09-03,,,,,,,,,0.006164628955449203,0.0019156331973634345,0.007987291219952262,0.004775267259325834,
2023-09-04,,,,,,,,,0.0031609911132003286,-0.000690575296317801,-0.002619262946096629,0.0019668019209717075,
2023-09-05,-0.007538113444384512,-0.00946161746386053,-0.011155789604478484,-0.00898233966684614,-0.008724813019335222,-0.009627045993790476,-0.01222392101652977,-0.00962031796852176,-0.001604615569630974,0.0004084923771835705,-0.004932575293264336,-0.0010511922851836855,-0.01178414275485173
2023-09-06,-0.003237180952029944,-0.0030643898065098115,-0.00881828960422701,-0.0034980256984628554,-0.00417614715166231,-0.002937172537669936,-0.009804312599323914,-0.004112051531350741,0.0014576500461318865,0.005286578453011639,0.0046058452082892,0.002146696738275393,-0.011473378485838764
2023-09-07,0.0011196778357605052,0.007822343442036845,-0.0015910727957995049,0.0027885174042618826,-0.00017340816510796176,0.006722224929895171,-0.0015909276797026605,0.0022089511695140146,0.007585107840102846,0.009308024992298868,0.008318091351064299,0.007830226691966945,-0.0013662008509693487
2023-09-08,0.001355175013367869,0.003921600647629765,0.00029210237058097604,0.0030642721598796653,0.002637923536046847,0.0037857179898029116,0.0003455348839845404,0.0037919070195687665,-0.00505856760002702,-0.005647053983891795,-0.003795119247467435,-0.005419444767918893,-6.598474609842521e-05
2023-09-09,,,,,,,,,0.0036530195165871745,0.0002494850862464403,0.002224540434879624,0.0027302515850754967,
2023-09-10,,,,,,,,,-0.01358203824648161,-0.009803486622084813,-0.0071200750824031,-0.01337053090495363,
2023-09-11,-0.0031409107050021797,0.003427686887191525,0.0022316955188857335,0.00015632687738391263,0.002865687446399157,0.003803236103710529,0.0062009049345641805,0.003262013961127006,-0.033173901462008853,-0.02541601087835301,-0.03004941289412171,-0.031461365218422487,0.0036733593631343153
2023-09-12,0.005296249437674423,0.0002742189797011933,0.0062314962037005065,0.003924633882554271,0.00230824385120429,-0.001691938629077054,0.0028934476855386757,0.0019800458145993365,0.02023627737002509,0.031226035236141165,0.04148486888598336,0.02320260228078932,0.0021013688983862523
2023-09-13,0.001012333704855991,0.0008618296448040961,-0.004059377981658229,0.0006381423935592543,-0.0009672270966173916,0.0004678365675198535,-0.00628814280308069,-0.00035961172728185835,0.010910137712222902,0.010111590443937587,0.008023496898301664,0.01103939262832029,-0.004834510601683797
2023-09-14,0.012813333441212051,0.010143952403153888,0.01270619695830391,0.012863345344975357,0.012360870706178877,0.00858912228929631,0.011817505527490632,0.01238426404613011,0.015075647116377934,0.019178454057325243,0.023528181165109706,0.0161256721197352,0.010696029058104066
2023-09-15,-0.005808530218916477,-0.007852391264341613,-0.008021186790593467,-0.006937403784497344,-0.010489077213557506,-0.008690490891308465,-0.010709603022388492,-0.009260914383319026,0.017594204754288658,0.007428049937456961,0.019904259398151748,0.016055550948397522,-0.012751183190380034
2023-09-16,,,,,,,,,-0.0038962074747921236,-0.0037679161376544578,-0.005532381525695118,-0.00387104840543224,
2023-09-17,,,,,,,,,-0.01639326751851299,-0.006277807354064795,-0.01278792250587572,-0.014571493842824598,
2023-09-18,0.00307322177542228,0.0012474831998910527,0.006552158997297102,0.0016991215042221153,-0.00024995003851792564,0.0011118748847491666,0.004931026286059795,2.9433107465183224e-05,0.01968908084512331,0.010953785526415077,0.020087388722929894,0.01825683397255317,0.004239006533810496
2023-09-19,-0.0015119805208430705,0.0011459239872790977,-0.003238619410944297,-0.001913666656516152,-0.0042135020148569065,0.000586451754805397,-0.004959879299860116,-0.003254362160073929,0.011995626949226115,0.009932871199855097,0.011786220383515573,0.011615412248652361,-0.005355247928000477
2023-09-20,-0.006164775560719364,0.0015295347169815422,-0.010047061898606909,-0.0037975949781265637,-0.005264643861468341,0.0016036577195226163,-0.010862658459299995,-0.003292472381162266,-0.010665434056974475,-0.006251814325491312,-0.006361906787141368,-0.010236588963608977,-0.011392160481307284
2023-09-21,-0.018790123872734134,-0.01413610477463982,-0.01635269050550489,-0.01720652694335902,-0.018588068789013295,-0.014169775827806952,-0.014871589608877075,-0.017067872516831884,-0.01980039929133833,-0.01963153516378184,-0.02518719355848904,-0.019538173713384527,-0.015213142250923224
2023-09-22,-0.002574682455493939,-0.002277247347529942,-0.002954852397259286,-0.0028908746148487204,-0.0033341264056424035,-0.0018670469411636887,-0.004398629041662148,-0.0032802210037642214,0.0012225372952483827,0.002425694520247613,0.0006515358761235485,0.0012308031213651989,-0.002379977195535471
2023-09-23,,,,,,,,,0.0025781426251764274,0.0020200818810304118,-1.2189902444558333e-05,0.0027232267845488417,
2023-09-24,,,,,,,,,-0.013020335411775552,-0.007872482399923417,-0.01215952477552326,-0.012091859965240868,
2023-09-25,0.003190848654452438,1.2788044498011156e-06,0.00534127238170545,0.002064106387435212,0.002086940375641444,-0.0013539848487509963,0.003649992113880934,0.001380617222832367,0.00871039004850741,0.0069115105054626145,0.012937637149972776,0.008517049268276098,0.003893762304220713
2023-09-26,-0.010548755017963485,-0.0057311274318448445,-0.0077986338016928485,-0.010410863466977241,-0.012038678588931193,-0.006323647054531329,-0.009675344871601382,-0.011192361115329121,-0.003099137163124954,-0.0005338539615936092,0.0042307772441051335,-0.0025373023007182766,-0.008812261732923763
2023-09-27,0.00037824047969263534,-0.0049866792552840525,0.0049628333118601565,-0.0018410603839565068,-0.0014106684457594154,-0.006331062636107089,0.0016211891637485415,-0.0029493426275602687,0.009322785106952891,0.00723358790971873,0.02725759853682894,0.009205021832714572,0.0011636851695308317
2023-09-28,0.0075548927291206,0.0029852785096205828,0.011185161413784879,0.004587845234187681,0.004051206390830819,0.0023673478116361386,0.009618362807770323,0.0027855478812744616,0.02507332442056951,0.02420981524003563,0.029787479474231333,0.025056582061361132,0.009374014886962849
2023-09-29,1.8517727138480354e-05,-0.004142896983398622,-0.008814219548601726,-0.0016331829986277206,-0.001064597661618716,-0.004656313934988945,-0.010093593817695368,-0.002373644646571873,0.005434094670924462,0.01048969970883086,-0.0015521674010456525,0.0063611067052173394,-0.008691438602610473
2023-09-30,,,,,,,,,0.004049637744505442,0.0005403681788584554,-0.0029965005438247995,0.003802109161398896,
2023-10-01,,,,,,,,,0.02950824562609182,0.02966921884034519,0.02394760020379047,0.02974953309407718,
2023-10-02,-0.015670879792627778,-0.008319797959963396,-0.0016279829204368633,-0.015288527736314193,-0.014277794548844161,-0.00689957849728556,-0.0042324333354590744,-0.014396961980149057,-0.02263630601154587,-0.026761246132344492,-0.006769553258572069,-0.023377006930619514,-0.006596540505376524
2023-10-03,-0.0071551507392975675,-0.0068152708637387515,-0.015301583405162385,-0.007053501096937833,-0.008623840049693498,-0.00812266789408893,-0.01176997717538915,-0.008043637574587436,0.00018829581268208287,0.008127281341446422,-0.007158840427785633,0.0007658568139219182,-0.010854100935697365
2023-10-04,0.00016981327522040042,0.004996224389227283,0.004479014351028679,0.001141049739546187,0.0014587619619191331,0.00602227013226108,0.0049703723577346655,0.001959279221027483,-0.006274930158273262,-0.005034786734010772,-0.003655417348308954,-0.006004998477920939,0.00482735083322031
2023-10-05,-0.003383397491625158,-0.006544214302695134,0.0013170610574621392,-0.0032701783686540473,-0.0018481504494788205,-0.01000405338935877,0.00307284202105765,-0.00240265121790775,-0.011059632702356848,-0.01321229608156541,-0.009891107379023583,-0.011169385846762043,0.0018897815823249486
2023-10-06,0.010446034496043382,0.004195885283033526,0.015297436369952245,0.009302265477574779,0.010572819190709796,0.004681765043195817,0.01725334874896819,0.009474431166763962,0.009812111022711312,0.00869769875651042,-0.00446920960717232,0.009520278371226674,0.018216784828445826
2023-10-07,,,,,,,,,-0.004232898693495946,0.0006193392234310899,0.0016413309827026175,-0.0032282266951699987,
2023-10-08,,,,,,,,,-0.004816313761426894,-0.002064967902782524,-0.005825296408135448,-0.00430028810092242,
2023-10-09,0.0021486729784539545,0.005192577772267399,-0.0008989378824644606,0.005372492064299639,0.00876392630362377,0.0042817860926434685,0.00019884190050845657,0.008796194401062395,-0.03092759364739514,-0.023262118971269074,-0.031522596250824014,-0.029436798221910924,-0.0005596440027597784
2023-10-10,0.005664866368411877,0.007881766090275166,0.004303915461207002,0.0066977938762244355,0.008282561086268073,0.009437982950047911,0.0059296916605591785,0.008070050437599039,-0.0074236072208691,-0.004557707196912236,-0.013358613866093423,-0.006676884712892545,0.006629302513764406
2023-10-11,0.0013104718559174367,0.0030110143989551673,0.014448553651543237,0.0025140181906484135,0.003365157629009226,0.0023811357010164744,0.015312120446977884,0.003524804526273323,-0.008962957009541505,-0.007298962549728255,-0.00044161588960537615,-0.008574578494247745,0.014959581162338484
2023-10-12,-0.008315333978963658,-0.0047806679405352215,-0.005934217185602124,-0.008099347938250578,-0.008311144835865696,-0.004528397400405813,-0.0069478854907302256,-0.008006391993669553,-0.008336279694453464,-0.010564348834614084,-0.007340503460822791,-0.008685334618192769,-0.008678713606350663
2023-10-13,0.0021009296326924033,0.00256966524764657,-0.009695875333382885,0.002828389799913202,0.0011147766253742544,0.0024669554634737276,-0.011857393663852227,0.0023428266791484407,0.00703169466928315,0.00643717443954381,0.010528739586562839,0.006977581140147043,-0.012046540309750877
2023-10-14,,,,,,,,,0.0015492963973016472,-0.0005405056634302194,-0.006926332361210017,0.0009908821814128396,
2023-10-15,,,,,,,,,0.006085723990029368,0.010250520648612904,0.009471781981536252,0.006762060624434869,
2023-10-16,0.013352363471423599,0.006229908313945394,0.00899965728730065,0.011227800747833415,0.01005749232970492,0.005857844201915543,0.0036766870775482075,0.00931679608326795,0.029826719180017006,0.03282254105896614,0.04695807248388892,0.03064860210489798,0.002746963595603035
2023-10-17,-0.0008165491795922446,0.003910670453734992,-0.005608650308002278,0.0010391244577106845,0.002793269700487219,0.005003011732961798,-0.00393201259736157,0.0028795647423472855,-0.018865643579989568,-0.011009934275959326,-0.012610518028045017,-0.017207428098421105,-0.0010714133544232345
2023-10-18,-0.013069182735187833,-0.008278058372087258,-0.019620240807887136,-0.01215708764735962,-0.014298523672335571,-0.007611289688742566,-0.021370379659576385,-0.01287300580703407,-0.006922478049449166,-0.0005074253495808892,0.002816649926994451,-0.005905767414451453,-0.021167893616742844
2023-10-19,-0.004911795990365634,-0.005856444332369535,-0.008066539478901256,-0.006890496701198663,-0.009313396223776079,-0.005317544086323529,-0.008278842472241288,-0.009114276734820976,0.017096205176686596,0.008414850220320813,0.013285422014406596,0.014632185760831275,-0.008197186467834674
2023-10-20,-0.003891431941462769,-0.0002545754889619114,-0.0032023565407208626,-0.0045032302442397955,-0.008972743882415861,0.0003075510322263132,-0.005701849430105094,-0.0070928176550869885,0.02151512776330269,0.02200272780079884,0.02810177805757351,0.022185511330426944,-0.006187973475421908
2023-10-21,,,,,,,,,0.018699108965846388,0.012976151026821479,0.010996005384156574,0.01766590541356034,
2023-10-22,,,,,,,,,0.00468562831336562,0.0022620347162105657,-0.0053870678628873915,0.004222562654588165,
2023-10-23,0.004044908075954013,-0.00410514827745503,0.01249294100147583,-0.0009418339572550476,-0.00659698441956091,-0.00425755968164137,0.008616453431853386,-0.006557478031426324,0.057254370553528625,0.059000391086289544,0.04630798022706877,0.05755856887930178,0.007527215708532212
2023-10-24,0.009045168664367689,0.013613335694949283,0.022677021047396013,0.010155725617474468,0.010865236461424664,0.015276550200906668,0.029505928737889976,0.011036763116917203,-5.517032091718671e-05,0.0086578399745591,-0.011940813256367975,0.0012681709920386469,0.03416057710559726
2023-10-25,-0.009453075722180175,-0.0031774813403180916,-0.016721553034883936,-0.008165767701562176,-0.012071946699170874,-0.0020137952922216953,-0.018007187324483302,-0.009668331000135278,0.003641279162773314,0.009778955661241881,0.00858473061187396,0.004906207801278782,-0.01793509660571938
2023-10-26,-0.0018253131376461283,-0.0026658178593139785,-0.01676761333807138,-0.0013282499942340591,-0.0020912306436232254,-0.0025847807612450506,-0.014187277217701477,-0.001400624671449842,-0.0004957256077606444,-0.0018300180919318559,-0.014886552656027636,-0.0006138954203472885,-0.01488723620257396
2023-10-27,-0.010215886757690746,-0.017766645309252423,-0.016522896663369615,-0.012413394719734256,-0.010091752733279386,-0.017359522562806026,-0.01740370105838757,-0.012486286380925804,-0.01083655687974755,-0.003860597161296237,-0.012751141653001381,-0.00954178403248123,-0.018332988085710156
2023-10-28,,,,,,,,,0.012065201809833436,0.0067918063654877625,0.01328421138440845,0.011265431330804883,
2023-10-29,,,,,,,,,0.012478492769189997,0.0101802526287787,0.007755490696493483,0.011912819211546093,
2023-10-30,0.01035294554855504,0.0058189344836956855,0.01688325247705086,0.009386993539900815,0.010000411649502996,0.0054527356029303855,0.01858481475394719,0.009224428937659323,0.012115615043815276,0.005706283847756364,0.00850597301852709,0.010387613441609172,0.020587657210895085
2023-10-31,0.006494664734265533,0.004991188592451516,-0.012464523554818953,0.00552750061083164,0.005876567388702727,0.005329162201151256,-0.012200390120878172,0.005230185510845506,0.009585151462079566,0.009116566425890312,0.0096962269175209,0.00902026399184568,-0.012617566770885078
2023-11-01,0.007473146689076639,0.005667069840176578,0.00623896742540068,0.006008223019174568,0.004883111660390648,0.004561509998102285,0.004503443199625043,0.0047044990812310375,0.020423321832506593,0.025638575406814856,0.016300732253266885,0.021593594770343543,0.005998713365395206
2023-11-02,0.019716930895427785,0.014814234487459766,0.006306883983503998,0.020412764511201872,0.025794960167503007,0.014935631931579315,0.010138211154772736,0.023132214239039557,-0.010673215464948316,-0.01129444353661922,-0.019420217730916033,-0.010849124375479026,0.009936977268016876
2023-11-03,0.011609533501200536,0.0026778937869787957,0.014710808151828163,0.009974333345956668,0.012794021607402126,0.0020043739224460937,0.013967009665679053,0.010567913783279669,0.005687092970192598,-0.002602902627145457,-0.001275563926030226,0.003596742001171358,0.012901533701688872
2023-11-04,,,,,,,,,0.00926673148983166,0.008806105157825862,0.008132932802556425,0.009232185593691692,
2023-11-05,,,,,,,,,0.022180669055755532,0.012245490297917605,0.01179985210481698,0.0193536589943596,
2023-11-06,0.0012650560466206792,-0.000868845912745767,0.0189981408209975,-0.0012919999962083815,-0.004456576056500964,0.0001722718548593492,0.01860457363118124,-0.003692591333942475,0.029873216562228896,0.0075910201659996615,0.02052875776826154,0.024483443453729724,0.01677436381150263
2023-11-07,-0.005656820637751129,-0.00017306134109740053,0.0013761156432950084,-0.004400052724097878,-0.0037390629774691317,0.001217029734279587,0.0013551804369575106,-0.0035389820809855394,-0.015245608939161114,-0.006599877326945894,-0.006091211114222714,-0.012934467590311527,0.0014938939419680119
2023-11-08,0.0005373236373398131,-0.0001076935032110677,0.010553454196926867,-0.0006064136839265958,-0.0011798844009914004,-0.0007695128521687356,0.011708909956516609,-0.001391380505835577,0.009123363828995878,0.010990954778319139,0.00859502448964836,0.009559983936257512,0.009784631157730182
2023-11-09,-0.004262813716021547,-0.010440617884919718,-0.006302272931294298,-0.007964935508098858,-0.008903880726641446,-0.01066454334687562,-0.0041659875110087626,-0.010105024688735496,0.018942521337077956,0.043822520860855245,-0.005503987982430732,0.02449186559758779,-0.004339326917196836
2023-11-10,0.011558798455876486,0.006632297079728145,0.01725564732051136,0.009896607270526814,0.010646732594233557,0.005064005799192881,0.018035737801141902,0.009014999538307313,0.01611912776409111,0.030205024922287157,0.020778828586833827,0.019609680052358202,0.017020318377176755
2023-11-11,,,,,,,,,0.00038478683348709415,-0.00020870426620450016,-0.0010623479464749856,0.0004089694035108385,
2023-11-12,,,,,,,,,-0.0006957615929076177,0.00023235404231537754,0.00013491872610058361,-0.000422258896324902,
2023-11-13,-0.0034629506400296493,0.0019942011950173505,0.002858629009579026,-0.001957577061737173,-0.0011335907036108964,0.0029059122172628896,0.004641050771051311,-0.0006780276843785558,-0.015109750322123416,-0.011965127270183225,-0.006029197856433719,-0.014959868184396107,0.005162688652896354
2023-11-14,0.015143199718425284,0.008395838053105831,0.010009336434269746,0.016901202388475055,0.02459404341561296,0.007681189402663672,0.012597261456748355,0.021136571145941658,-0.03211101876751308,-0.03526996214180471,-0.033566867148624835,-0.032283769818717625,0.011283563905556977
2023-11-15,0.011433957330833112,0.0027153306976509172,-0.003732996815684922,0.007423378431473644,0.005349194798091736,0.003144301485530788,-0.007232539505121997,0.0044063337972444026,0.04185776999454001,0.041636830998053716,0.03492940245417545,0.041864437710820865,-0.0060360493952236706
2023-11-16,-0.0049298375794798255,-0.00783155534626746,0.003786960138848057,-0.0031270183268482413,0.000763167978912289,-0.012657912700496288,0.0052585089011160605,-0.0005113307416630005,-0.0333948653714404,-0.032779424389646865,-0.03103413388509657,-0.032909948616888396,-0.0008778674377844832
2023-11-17,0.0024150821575656565,0.00050914378571573,0.0004945688409697281,0.0022927196300258617,0.0031683198127045098,7.026256916532755e-05,0.002686906756891318,0.0024929558915588535,-0.001351106118128609,0.006492642137743391,-0.0003729965998860709,0.00017475117606192037,0.001775995024744344
2023-11-18,,,,,,,,,0.0010200089476241625,-0.0004749114289833438,-0.005000444803054046,0.0005868251155314374,
2023-11-19,,,,,,,,,0.01752721150821428,0.0163670392385122,0.015654917909287563,0.017048654622607993,
2023-11-20,0.0016107362148039155,0.0034713642323814346,0.005286274698271786,0.0026376826376080372,0.004432305553655234,0.004241386483564487,0.007242432988072477,0.004041047928493633,-0.012497110479452678,-0.008795595784628076,-0.015248447220008645,-0.01176920454090342,0.0073139270572554664
2023-11-21,-0.010749734228255231,0.0014624360538739287,-0.00830582978361688,-0.005369539006367811,-0.0023448833096139056,0.0029170450000661216,-0.0033221367347949535,-0.0012541830443250424,-0.05277398882146188,-0.04990294789647592,-0.0459780413528809,-0.05213941058335956,-0.003138197193677778
2023-11-22,0.009313950446122763,0.0006585755114973481,-0.004324997234978713,0.005177203835038933,0.0017220553186484743,-0.0008164085516839441,-0.008696959450631977,0.0014152474180548795,0.04727342608349422,0.05264515088360942,0.044265575651419455,0.04821692051517707,-0.008953936616184406
2023-11-23,,,,,,,,,0.003197785503091077,0.0020459113331136106,0.005531369550751959,0.003012741040832015,
2023-11-24,0.003816234040107991,0.0041625858974167354,-0.002347873759952012,0.003361956618763201,0.002442867504645432,0.004373600299968633,-0.0020006815057769783,0.0026053272501682383,0.010683066717420787,0.015153371695978912,0.011440403420400851,0.011847331202127942,-0.0016735486683951758
2023-11-25,,,,,,,,,0.014944736662485992,0.017513415927514802,0.01217209952440464,0.01567222433595397,
2023-11-26,,,,,,,,,-0.010789537345764112,-0.009745452618606041,-0.007035445710396269,-0.010632392609905776,
2023-11-27,-0.003595268554405201,-0.0006771113319856818,0.0007293286542263863,-0.0018265311196169651,0.0005314905739881359,0.00034862543513467626,0.002466662048808302,0.00026070663070750264,-0.024229064196371886,-0.028584573528847915,-0.023703541610597595,-0.025213017820939907,0.0025770545440032986
2023-11-28,0.0035147730414762253,-0.001222514984894295,-0.006145815191579528,0.0022732383633383146,0.002042655700020208,-0.0009664119263202639,-0.006843939431658181,0.0014905445054912714,0.01087535974875631,0.011797757236273678,0.008297760583015694,0.010925753687265366,-0.005735291896497406
2023-11-29,0.0036377976713231897,0.00010696870178427241,0.001172916486887951,0.0032533000685835483,0.004678034968830294,-0.0011225093849391687,0.0008498588411806171,0.003666412713905355,-0.00156338881621233,-0.0011957818302669964,0.0005057899795691532,-0.001395439918285942,0.00018795319638485655
2023-11-30,0.004697903801838477,0.010028258370618898,0.0038430477914107907,0.0067588931815508995,0.006384512229031318,0.00953351245758556,0.006817118305069582,0.007595062378094295,-0.003735138334125721,-0.00034645016344107035,-0.004410416551408645,-0.0030780051405838596,0.0051588499981732126
2023-12-01,0.01043124393858339,0.005437532481840348,0.0047682327035129595,0.009372262394903385,0.009225927380084266,0.003909064043255785,0.0018964483744915534,0.008592801492780588,0.01645782673107902,0.013427916433414051,0.007604461363572423,0.015765502745179426,0.0009663504967396424
2023-12-02,,,,,,,,,0.01966302971088343,0.018684402831305787,0.008350439358063283,0.01938056980509337,
2023-12-03,,,,,,,,,0.004459218640063989,0.0056842333892229485,0.0038919773548380544,0.004704476060442394,
2023-12-04,0.0025456703170938827,0.0022281664376168926,-0.0012315882931857203,0.0016108734638258656,-0.0018134092183667125,0.0013179060583331113,-0.013597187526205286,-0.0008875168108082496,0.02434106799439686,0.025027721679307155,0.0336782441225118,0.024879873420363685,-0.015927414481540052
2023-12-05,-0.001319656518620301,0.0019078985393237383,0.005226521278516276,-0.0018107619137711437,-0.005261485729965479,0.0025934342785444383,-0.001419163131677682,-0.0038100823104570193,0.018389489538105593,0.02201841062501283,0.006363645102032309,0.01942717932185105,0.0012625418670644214
2023-12-06,-0.00037605267178299846,-0.0011456816830210756,-0.009839312259577824,3.835032818795656e-05,-0.0007160063436409096,-0.0022911166977065897,-0.007537993902994455,-4.7689565179655365e-05,0.001323715687506553,-0.002245955585851291,0.0008280358256080719,-0.00010958105397082486,-0.009807476800992013
2023-12-07,0.008122624623117193,0.0005880273726384245,0.006206152044567301,0.00482509066986373,0.004900293951280299,0.0006551722244403516,0.005987234799018841,0.003151737454087673,0.02423427798230167,0.01755506674920827,-0.0011661904630234695,0.023024382250258945,0.009924840163028121
2023-12-08,0.010514856207447796,0.00034304955334782394,0.012649865510470407,0.006097337398977967,0.00322869369613636,-0.0016347066778517726,0.010243420226790667,0.002342730441533188,0.04694566876400497,0.03186446909106582,0.026584428614147525,0.04317556841788314,0.010952918853814065
2023-12-09,,,,,,,,,0.006388985528143444,0.0017927940744430126,-0.00496174309727148,0.005559826745981913,
2023-12-10,,,,,,,,,0.0019439946326410106,0.0052431184632540885,0.004139422415958124,0.002704658617691834,
2023-12-11,-0.0053279500923371255,0.004900792793590937,-0.011545422372256657,0.00020427229591337738,0.006783475745804727,0.006598867022607981,-0.0014066916476796955,0.006676039122927722,-0.06588507928304639,-0.05542438511289828,-0.054302064573605986,-0.06338877489295551,-0.00025940047295527864
2023-12-12,0.0017231795737992588,0.0032252728781780016,0.013020034687221675,0.0014589851049109886,0.0007978025859253553,0.003882579077299065,0.014950034509831883,0.001138900119284993,0.006350064513168773,0.0034334569938803006,0.0015421891098544823,0.005783829836434851,0.01432543724624542
2023-12-13,0.022446754372463178,0.015687727934960663,0.006251707447620372,0.021071005040997234,0.020902411458579087,0.014943769013324526,0.0018232652496762538,0.02012218180941243,0.03016846894188363,0.028671073521717817,0.013701562443743483,0.02969855541555068,0.002018832964503193
2023-12-14,0.013057907022419529,-0.00019375092395913104,-0.0039033833691549473,0.010239995868871851,0.01449340725484245,-0.0024696338603232963,-0.004887792857913483,0.010449271861503124,0.0058804058603049054,0.009351778585775695,0.011014505528178717,0.0066041779135153295,-0.006592460692268532
2023-12-15,-0.009188801625396455,-0.005965673152052812,0.00236814183636818,-0.007355659654610905,-0.003011783157942525,-0.0045209114198147896,0.009183712894375456,-0.00396623908672737,-0.04007389396266611,-0.039556637137326434,-0.03804694934369636,-0.040135029758480795,0.009607805848860307
2023-12-16,,,,,,,,,0.01889895317922652,0.013684312381611313,0.010554266714343591,0.018006024886811158,
2023-12-17,,,,,,,,,-0.01908536977025386,-0.016562921370128273,-0.011878561656451396,-0.018411724088205936,
2023-12-18,-0.0007028288814304657,0.0034058629087440327,0.011986754019047847,-0.00019423503350029714,-0.0013770380177555875,0.0036374590602271774,0.008876214178478819,-0.000477104247715227,0.0026682168001951447,0.006166336638841253,0.0014387125318388572,0.003298710629214295,0.01130910310798224
2023-12-19,0.004482053154236631,0.004170867188155559,0.005304014004133994,0.005325409212951381,0.008156436334441006,0.003976678333264458,0.009127834091144664,0.007182301167647876,-0.013889862746785242,-0.011371388472071677,-0.007176011236891886,-0.013225371069969885,0.007148760108416671
2023-12-20,-0.00909504004685458,-0.011454082989086633,-0.013146942767857567,-0.011012111057271626,-0.01475297813585756,-0.012925229705051364,-0.0212588834973407,-0.014116412906394607,0.01919465039816033,0.02178343629538509,0.022252769737711932,0.019750040527230173,-0.02208197475664735
2023-12-21,0.011473601741572397,0.008200862435320913,0.01878219474944595,0.009264092409383265,0.008160532810200164,0.007849010694317643,0.021230163617613693,0.007628750084230107,0.028038946398433566,0.022019037346430067,0.015239681868454353,0.026881067537428437,0.02010607329638827
2023-12-22,0.004576504945732433,0.006077572260118372,0.001959227418175221,0.004440423614166947,0.0019599641329174915,0.00642032560054604,-6.020446643337227e-05,0.0031901124904985686,0.017659209009807143,0.014859021701240784,0.008724895675626593,0.0172519851634873,-2.706188328501754e-05
2023-12-23,,,,,,,,,-0.009033084431587101,-0.002071190521881764,0.00010489149482926499,-0.007453719026952755,
2023-12-24,,,,,,,,,-0.017737058550317875,-0.015284959059047658,-0.009767936145666217,-0.017314874092487286,
2023-12-25,,,,,,,,,0.03047235648036244,0.013293642683742606,0.012384223949211194,0.026082430959764258,
2023-12-26,0.0016754512805441288,0.0019613638037110238,0.003374173655979824,0.002828669194635054,0.006506457589898613,0.003027188361071651,0.008143722148530898,0.005338331226078088,-0.022479580266228292,-0.0230580123007751,-0.027312292974855927,-0.02220945558217191,0.009376173858787366
2023-12-27,0.009970524194693391,0.0038821097132673236,0.014404770149067703,0.006316699511364465,0.0014553578874705298,0.0034985882776143082,0.0032953541253369347,0.0018102824757832443,0.05254635573080771,0.04188407605937462,0.05427310363738938,0.05061501545525179,0.0029618800497544337
2023-12-28,-0.000381196456502031,0.001956277666390272,-0.0015625914319285588,0.0006856782006408493,0.0012242203691481567,0.0021025446383278364,0.0012628025534478602,0.00163103910100523,-0.00840828058475297,-0.010030002599817065,-0.0034049809378413533,-0.008976728265942768,0.001022663703818611
2023-12-29,-0.005624265916081816,-0.0006581484927240604,-0.005270845643666034,-0.0037055785913544187,-0.0030351187391592354,-0.0002000847288470431,-0.002776767709149871,-0.002244935520310353,-0.018570001800694725,-0.011221779113001342,-0.011072243902069533,-0.01684775590270727,-0.002134009914951812
2023-12-30,,,,,,,,,0.00732226086147536,0.0016711462515396466,0.017389190729502704,0.0060545637811618815,
2023-12-31,,,,,,,,,-0.011748167139113263,0.0003034969879104223,-0.0039212916607532945,-0.00875977440900913,
