date,Comm,Consumer,Energy,Financials,Healthcare,Industrials,Materials,RealEstate,Tech,Utilities
2020-01-02,0.0,0.0,0.0,0.0,0.0,0.0,0.0,0.0,0.0,0.0
2020-01-03,0.11544833333333333,-0.06817095238095237,0.011983333333333328,0.06496666666666667,0.1363554761904762,0.11497299999999999,0.013411111111111111,0.02035,0.10158134615384616,0.3612
2020-01-06,0.06274700000000001,-0.15987089285714284,-0.0664075212121212,0.09298444444444447,0.08621333333333334,-0.09117099999999999,0.044540000000000024,0.1058,0.0893541456043956,0.08034000000000002
2020-01-07,0.07906970760233918,-0.06471505576441103,-0.04030499920255183,0.041322856140350875,0.15649292731829573,-0.015892368421052624,-0.09577258771929824,0.04577333333333334,0.049768587622903405,-0.03515960526315791
2020-01-08,0.1257967125506073,-0.0032816313861577114,-0.02311807614607614,0.07876187078272605,0.1268213504530557,0.014412247252747262,0.06397869905533064,0.02032157894736842,0.10737261348267116,0.07223999999999998
2020-01-09,0.09598528634290794,0.03959493759005606,-0.07342910106165554,0.18286057690282334,0.11306697176651677,-0.0635892857736759,-0.15770995351804595,-0.04666350202429149,0.11918306754856517,0.1710277192982456
2020-01-10,0.033951888745560585,0.058988605852817545,-0.04276138305263374,0.14059835344284882,0.07400430473619947,-0.004675551285431954,-0.12205598808237023,0.05097345971563981,0.10323143202456952,0.10912566801619433
2020-01-13,-0.01753139387003965,0.08338403673653709,-0.10738897284047214,0.13397117746134304,0.08956254405696333,0.015185394508612475,-0.12916985149530907,0.009022070561017935,0.14189092997711245,0.07297727301072587
2020-01-14,-0.009773756373057446,0.06343352889528556,-0.047441728053237896,0.1364697987195755,0.08168900704211231,0.006627829658260972,0.05697942657661549,0.049171636716852846,0.15060392520309412,0.03622546806772675
2020-01-15,0.03391843704901501,0.045442352527917944,-0.014765641008074292,0.10244202724033749,0.061340166324899484,0.09062252627165229,-0.07313864560029751,0.03211559080095163,0.16854361332956458,0.08027141142073252
2020-01-16,0.013616820951838757,0.05042227905670993,-0.005894472379858349,0.08175193678861331,0.12464375664129901,0.02562651377024794,0.06493061062648688,0.01882128351917761,0.11449150083347567,0.05672341916104389
2020-01-17,0.034416681451537486,0.06054244852420569,0.061248408514437934,0.1025520604821206,0.12742302626287397,0.054559840718679156,0.05911479823295614,0.07079941483178,0.16230423788874893,0.04834278015974977
2020-01-21,0.03870393178340035,0.06434211837787665,0.03103598384261734,0.1378340443406902,0.11849797847757877,0.06612917703270946,0.08246747281705237,0.017022884791728792,0.13692954225351783,0.04033922416314591
2020-01-22,0.02062050563963279,0.0756779270136889,0.0382058039046772,0.1389190077727625,0.0999112646936067,0.06456198880872065,0.05244003378402481,0.09851802861504329,0.12977752090922742,0.019874632472983433
2020-01-23,-0.018178965969570058,0.08027838494791888,0.043324101590014714,0.05902621862493631,0.11815913518482549,0.024077770103849403,0.02935481062263059,0.05791250621831771,0.11710322637059929,0.039804707551119714
2020-01-24,0.05060132615468079,0.08900482829110876,0.03674904788609348,0.0865542454684968,0.0951573852297314,0.04541740582299479,0.01792796260388724,0.19418400486922963,0.06642665248326947,0.028471127947078862
2020-01-27,0.04351309836646611,0.0757308215717857,0.03679581992820683,0.0514833955497064,0.09580691120902654,0.028914802080226145,0.12337226932517958,0.1776442710289683,0.06352145774977735,0.04612776127190209
2020-01-28,0.027057627665151518,0.07352494383792904,0.040969111975403,-0.0019049772543597253,0.11514361137537917,0.07242552612599266,0.09042776193612109,0.09165236227827554,0.03519363197425221,0.01526740467386384
2020-01-29,0.017990236972354433,0.0769762429253282,0.023337354035906196,0.022215053134995992,0.07743801705012546,0.07303415339963404,0.060571011763026164,0.06887786077332976,0.024616571097617935,0.0015938585839485537
2020-01-30,0.05967920820872415,0.04688277686011545,0.013940647762558218,0.022421440211561196,0.08755026744570324,0.07045589917522438,0.0633437466330586,0.07483108460893372,0.06144453089305751,0.0045009805285983265
2020-01-31,0.024493472525626836,0.018562724024498167,0.0029265079504821006,0.043300201864177414,0.0745020657977633,0.07259615287428069,0.06393011141784086,0.07546932741746527,0.007636579346303511,0.03429511130199205
2020-02-03,-0.06015188037573425,0.037465954838556824,-0.0013009282015349905,0.050258302041857,0.06420360602227639,0.04808409345670196,0.02364991328490729,0.1468251714919306,0.05820397940805554,0.033338279093174474
2020-02-04,0.008105761234905699,0.04263906493022007,0.010598575935061721,0.0935296557551756,0.1002340250867366,0.0756060175647244,0.004489700614280145,0.11051154700600949,0.07746534919659102,0.04390778404609057
2020-02-05,0.07467512209247044,0.05695491755100377,-0.006894105331699081,0.1530846167581581,0.07523205334644242,0.06879637819383529,0.059793462896768027,0.08582537521495276,0.045017613731664116,0.05242597348711001
2020-02-06,0.054840040029469794,0.02931861980070213,0.07617296184333419,0.07776706908334546,0.08221431021105832,0.07022439024789022,0.05708077279647619,0.07176972491193027,0.08885730556008796,0.06083299027144327
2020-02-07,0.051369471079302696,0.06472982255967019,0.06363459718474956,0.13293289056989865,0.07888703814065043,0.05871154884627894,0.059052477439593035,0.09241169340858138,0.07060051749489359,0.03393114992487517
2020-02-10,0.0432780555374006,0.10802821898152565,0.0757466492758614,0.07984056579252702,0.08055715511616553,0.04098331819684848,-0.01197856878195847,0.04552791193447783,0.08494595051688196,0.06363755243234068
2020-02-11,0.06539052896307306,0.05867078100408045,0.045682582144234665,0.14732918276295778,0.06827638068234386,0.05494546949509025,0.07721044089311531,0.08927724459003394,0.09676741562757411,0.0701249081248957
2020-02-12,0.011670216039219299,0.008893419000501442,0.04483568276677162,0.17648532247395232,0.047766032640731405,0.0045443650987743115,0.0672287384110091,0.10007131053267822,0.09017168914102952,0.06160545587414573
2020-02-13,0.04625751547612513,0.043467403061214854,0.03553723389070603,0.21867333656307014,0.10844128782420412,0.07650540360718247,0.08390233865654634,0.08488522293900541,0.044520649015878856,0.1168626014958229
2020-02-14,0.05658939419170622,0.029927855211590738,0.01205815665434368,0.189774435666177,0.09062057897154666,0.04314207647870951,0.05232958942571277,0.06801687742600093,0.041381939321935055,0.10916341553069359
2020-02-18,0.21980642999694458,0.006559479666923902,0.015350448451180066,0.21230150732998898,0.14469143246880603,0.08568274707839038,0.014855297239024673,0.10389883725572141,0.022760378612198227,0.12137664721058108
2020-02-19,0.06978951968395022,0.021785233150987886,0.008210589336545488,0.13887667930727493,0.11874163527783518,0.06477521155754813,0.028221370842603614,0.09958097503537931,-0.01843586963593299,0.12567463183786537
2020-02-20,0.12483345745905518,0.060512254685467184,0.023537954404044624,0.14999118789648513,0.07361553853311548,0.14456204510309048,0.03726123574020653,0.11934420159030912,0.0016566598838721747,0.08592219226632865
2020-02-21,0.09899818278848249,0.03276351321871535,0.03968237121900225,0.17321962259782958,0.11416167153007833,0.11726916079675875,0.036674896295796004,0.1343836003617615,0.008433271796552105,0.07619533078988774
2020-02-24,0.09738129257567317,0.006155991497906502,0.012216817561850123,0.15798667056827184,0.09128510163591799,0.11484066926522658,0.053738907115409296,0.16650729084612886,-0.040242147228334045,0.077762013536565
2020-02-25,0.09033365473958514,0.011960814985660748,-0.06927920075597264,0.07540455102207969,0.06459679677972105,0.09507699390060848,0.037546458806455886,0.15962608084415442,-0.025133258054301146,0.05997700963072674
2020-02-26,0.052042317302423834,0.06578037764137852,-0.09218546383347116,0.12459775533094934,0.026365925265437528,0.02185275246652177,-0.017354158244232476,0.08540533699958719,0.006993462944003293,0.07471401368712985
2020-02-27,0.024336457176289232,0.046074131193018376,-0.04511634028048313,0.10042156473675797,0.03426492576115327,0.026804601178564414,0.005579542407156734,0.08192014363558356,0.0851025922620777,0.12005543708746319
2020-02-28,0.03241487997793304,0.03983949378708797,-0.017578717582391278,0.04712198638074535,0.04967193490251873,0.07346762130256801,-0.011273135231912569,0.07347607631651475,-0.010212244985585778,0.1180244954666028
2020-03-02,-0.040476501911067345,-0.024686612666877984,0.004088009039993526,0.022480235145223033,-0.00030947795835470636,0.0435608577192158,-0.1081271989865742,0.047736805029479745,0.07676781992579916,0.04449311705852595
2020-03-03,0.010926269351564124,-0.005643495338712307,0.008061517439487341,0.017414483744229603,0.03878172800459202,0.08422349701939734,-0.04328376233934797,0.0591765575143243,0.05055545154680634,0.09264489737533672
2020-03-04,0.02729339446770251,-0.01353122013297621,-0.026822335272520474,0.0006632206065393595,0.03513855888706578,0.045180974112053775,0.033866528728396364,0.10348776097547276,0.035869395823646295,0.0530332607916335
2020-03-05,0.02706884604217969,0.02367030281869737,0.014541913879000895,0.01555414707123296,0.07229203934849263,0.10134945733668572,0.04737636044864633,0.23768747222275355,0.1059132774849512,0.20373219626005465
2020-03-06,0.03858502343452161,0.01876173328174098,-0.024683507495980066,0.017473875067282412,0.040356575983347076,0.10122713593949939,0.022485350340251332,0.2184033310870311,0.07614984392078467,0.149182577275911
2020-03-09,0.007994284759707794,-0.026714195895783745,-0.07131504683568282,-0.01751269854492745,0.03932687728847408,0.02568341856106649,0.00429486965453188,0.06291407055793667,0.0382381946635242,0.12410504907614311
2020-03-10,0.02326750718669489,-0.007304444981450528,-0.08270426063651723,0.023096138302881805,0.03435770571214033,-0.018695007012150662,-0.014707167321162125,0.1485644086509293,-0.030961877059830133,0.06926516964035315
2020-03-11,-0.002119962542928791,-0.00028068132363842993,-0.04663726488913474,0.051822977663587164,0.09061700204208738,-0.0015530984027148753,0.03552708230544386,0.20096615281380492,0.09129042564176267,0.07110896488511259
2020-03-12,0.007063628908174227,8.105362396178088e-05,-0.04691597147458094,0.0938169893144998,0.04971775747937517,0.014791876713546877,0.023474697898611774,0.19677219350796465,0.044210836289558554,0.1136490664315129
2020-03-13,-0.0273834297003282,-0.008270879410522482,-0.06571380462402313,0.07743634014793306,0.02002717099196586,-0.0371421013990587,-0.009165202346143363,0.16226632768346988,0.05037341510616537,0.057739505899088994
2020-03-16,0.03924739633232563,0.00774723806341996,0.01565468364948449,0.05371589200645686,0.05458691881637597,-0.021125910839631723,-0.034550876199063725,0.11993069303530861,0.12308106785819731,0.05092549423873281
2020-03-17,0.018765287754443277,-0.021819280840980036,-0.05875196963887623,0.018899919757153983,0.042517945717858045,-0.011756614006641011,-0.022858066810137023,0.08745903523601854,0.08782017707151935,0.03736143307689265
2020-03-18,0.021397964422446715,0.010508495491812502,-0.10805815314133012,0.023158280658785734,0.05341454051495055,-0.012172865122762215,0.07111242951914121,0.0745915883312915,0.12298906342773208,0.18334651242254216
2020-03-19,0.013079479552852217,0.007219939891281528,-0.08678506354519613,0.013715520989447089,0.11486894074089404,-0.004660029525542722,0.04461093845680924,0.06962772679880921,0.07054588297008829,0.2196685084812684
2020-03-20,0.018290259224645007,0.007593765477875193,-0.027504786354245338,-0.046403195525344235,0.07350263558677084,0.01169911125765827,0.09425626686242786,0.15387724242312775,0.03841336625661336,0.13680323518993504
2020-03-23,-0.013751306860586794,0.025037230021667613,-0.04557770386913973,-0.022363245626123348,0.05523866314603075,0.04869480463582513,0.08068192325775064,0.10325946412479588,0.1037978001199086,0.11044332195467144
2020-03-24,0.030344086770218055,0.028733551679830625,-0.060450321530321836,-0.023252163636380562,0.06095112181524373,0.029266787956610106,0.06353734543237909,0.06284425284653994,0.17513686713925133,0.0892215797716823
2020-03-25,0.06005222186084648,0.0576994227381867,0.005952675326688944,0.12068855783555224,0.11138342332336389,0.08811370786707759,0.1817887265067792,0.08233378341792351,0.21266243609306706,0.12003150508739151
2020-03-26,0.07437014775800048,0.08634367867015214,-0.010721979337835202,0.08959342767271818,0.10509767833090991,0.08255488610855154,0.14383910763493607,0.09100309898244208,0.15476593398705335,0.18145774682957533
2020-03-27,0.08674068935023184,0.11835411911771072,-0.00874804277542052,0.07799023558146977,0.08902047201589045,0.057418547743967714,0.14783974771141783,0.15628173016340613,0.2245756053139603,0.14953693771890805
2020-03-30,0.10279948608157498,0.09944744693282122,0.04070875028454747,0.07241437926597102,0.11849346105347237,0.08287943389445443,0.14967749669993577,0.21247298310709387,0.23299651466737145,0.21738246021523366
2020-03-31,0.07466558861371589,0.08956851432922373,-0.00789350007060617,0.006589808369512817,0.1271430194409055,0.07330161935786783,0.10651659716415096,0.19758143218507776,0.23892656537062812,0.19631875394083936
2020-04-01,0.10620920745573743,0.05616567621710557,0.0371893334012321,-0.024571044324634753,0.07732054511862954,0.070908855526133,0.15385095562632733,0.21583136536260755,0.1638090435401778,0.15115833594976671
2020-04-02,0.08919901766467624,-0.001252512157858894,0.0051227300103771954,0.02965150967788408,0.08127237546774951,0.042681390435267315,0.10977503186855159,0.1854786204470488,0.13738936233801238,0.09135811547821797
2020-04-03,0.07213768091440234,-0.007126674771514204,0.07629440986692931,0.035603006451843076,0.09905731338441238,0.047331706374203884,0.08636977283240828,0.14467486433994803,0.04197900433758393,0.04060387331711981
2020-04-06,0.09657632725894756,0.028531456678799975,0.03433714618191732,0.013982242397772704,0.12773994917219197,-0.0016335303470683786,0.11875382100254789,0.20003163259029055,-0.01370415435963886,0.04832206971939407
2020-04-07,0.08916599216038787,0.049335698503253936,0.04581219800149429,0.05210146126406605,0.17224462536330526,0.022812647695795114,0.06692451300735,0.1442570708331547,0.09959471590340217,0.15715828451365407
2020-04-08,0.07852391900511846,0.08148573166307253,0.0979007510843471,0.07223786306388266,0.13501799585551283,0.12097309957195716,0.1824381362693483,0.14075595356401427,0.09419781060061665,0.14838427300906754
2020-04-09,0.06343233488203101,0.042964433377511484,0.12093807218333381,0.05697121606818569,0.13297508027407376,0.12610230503973588,0.1794948679637163,0.2696492969854279,0.13923130230579045,0.11936227584327232
2020-04-13,0.049110820328570004,0.08512661397867685,0.10395634175939103,0.11283258849141369,0.08983895582767609,0.09656221130372641,0.12916810825244968,0.2549981868684337,0.1357008682032024,0.23398191381231204
2020-04-14,-0.01324118452023058,0.03757002159540496,0.06718457398610753,0.0766315842459945,0.042351779479820786,0.07468721478460516,0.06481960050371766,0.15718907006704047,0.08605419641510509,0.12174141476247469
2020-04-15,0.03639278175481331,0.0882906810636986,-0.032925676104753845,0.09994812190363554,0.08008601354927528,0.10503332840887192,0.04460436425661212,0.26251611585317475,0.25967662876077796,0.12545522888917077
2020-04-16,0.02523810449892535,0.05234662575960347,-0.03681557381025017,0.06874376231228244,0.04294078905977019,0.04683777439361492,-0.003799339175727274,0.05471757768554971,0.17804525250643413,0.012375569258882653
2020-04-17,0.09056331968363945,0.11235988019296575,-0.032952332757689634,0.057878767467421224,0.10882965302751998,0.058621728381299434,0.03056232548104189,0.01089437403410621,0.2077435387080701,0.0076941295058740615
2020-04-20,0.10704776867975546,0.08815560693162879,-0.03605370332014927,0.0709346934631463,0.12960928495960766,0.049978207356163123,0.1197669603699532,0.19771126108507664,0.14273100199564787,0.0754544196706822
2020-04-21,0.087499401664381,0.06980992843061098,-0.09405732740457126,0.08004749405485254,0.09752386845995552,0.04312789958260655,0.06874193912437285,0.11222224431085193,0.15004233466372668,0.05717478883388259
2020-04-22,0.08582296981068577,0.041585057392184994,-0.15054085319124982,0.04151832936984474,0.09732194405320323,0.038276232492510234,0.001921030004975471,0.09244554172647557,0.012836000886713448,-0.03122160160024539
2020-04-23,0.09023613802365307,0.06740010362094387,-0.07312023545988465,0.05670654455505912,0.14866297694783373,0.004299436850950306,0.05255740425781885,0.06815764590861392,0.11885328630550332,-0.04720931138312151
2020-04-24,0.057876175348072004,0.03879305897961244,-0.004645582898412897,0.08196680769858833,0.15590629018721106,0.06030052739142361,0.0411372725638783,0.013532881912205285,0.14712068293383757,0.012170181300175767
2020-04-27,0.04767014426930043,0.025895705986410427,-0.005184155699313621,0.04485575568474121,0.08605384035844205,0.0019079862981782273,0.03488457326409902,0.036510064954860616,0.12685875500314514,-0.0454043976137308
2020-04-28,0.06903951745650928,0.06023543362057392,0.0019417751429912631,0.07246908298154141,0.0958072963463784,0.048783002063691586,0.07034792541663179,0.052402909814754484,0.16895804344441995,0.02089997027021708
2020-04-29,0.053798854721212444,0.05531469427574587,-0.037725134014510074,0.12452772198771296,0.0719163565385232,0.054864782078410924,0.07911050229923675,0.03866879950026731,0.12556656788019271,0.06474048939737846
2020-04-30,0.06568436404021243,0.06678987976435818,0.004878369959423484,0.12515109243625117,0.06502482476251302,0.06715965013483301,0.15332500414228062,0.0621127412297819,0.1624050500150076,0.050068113539442925
2020-05-01,0.06831927347233077,0.053625058731790375,0.027326419799848622,0.08635495051305236,0.07856925465516042,0.028951390680607498,0.126106108246601,0.06606127194872762,0.12262236667666779,0.07403310722373158
2020-05-04,0.023432331497003085,0.07331159471008333,-0.020102746588430368,0.0491838558975856,0.09878303835673764,0.009121347756330144,0.1678876013713444,0.055651376702314015,0.036304688895552994,0.03278040481581938
2020-05-05,0.047991539962526676,0.06920837449536801,-0.010105486847627718,0.029016570598389448,0.11312270933189957,0.035660263585898064,0.1191598825296543,0.046301753741955026,0.12123528279311642,0.04294122943221078
2020-05-06,0.08849761155948999,0.08410513855246768,0.03137435556964519,0.02004326928781546,0.10262090208179557,0.09539091646733311,0.1353013814756316,0.10000950252428008,0.16040646145935375,0.04064065283978381
2020-05-07,0.02797739111263262,0.07967440151729852,0.07935020309890124,0.03934495730298813,0.09153245323970971,0.06539858477914175,0.09489621859839528,0.04146998655190123,0.15148791875068082,0.035383907925083176
2020-05-08,0.062162427408468,0.08546626939289262,0.10295161145815741,0.04361130486865804,0.08565094510872173,0.043386366687804545,0.0833432659941235,0.07290687688640682,0.16720640936162512,0.026614320457659747
2020-05-11,0.11746488338820747,0.07579051725759936,0.09374051874987335,0.07762809213466107,0.08434325202695063,0.09565538527903772,0.09987189955163783,0.06849408011791261,0.27500627059933985,0.003091758074091327
2020-05-12,0.10755276407440664,0.0695441087272884,0.040716234722130665,0.05064250586755191,0.07805999410491855,0.11477144562446769,0.07287536786940378,0.027472733417892387,0.19841633619766202,0.022627838716060868
2020-05-13,0.09213461824378076,0.08634287604147839,0.029021045370306316,-0.021542710374013223,0.06967016182959754,0.08761918638689227,0.07817528868961555,-0.06005509459730998,0.12232766857621895,0.020828003588485043
2020-05-14,0.017319621220909336,0.07298358913834829,-0.014231077978241444,-0.009995958431160306,0.04816413242419023,0.04371957801932792,0.08980671704185786,-0.03265895195228662,0.08890374270559584,0.05907815191049821
2020-05-15,0.055543598706695396,0.06564502674582699,-0.036637940874386196,0.027809416601448776,0.04468275494946004,0.05819442828292161,0.0749894794161495,-0.012599397217080633,0.09379008258328861,0.06400244497207849
2020-05-18,0.04801962046232592,0.05818547462067477,0.009208039417079011,0.011185960273981705,0.02468835178448677,0.026709093359616642,0.06584331803440832,-0.028608145311529137,0.036447348288608364,0.05039048116963089
2020-05-19,0.03790907989879162,0.07445214547361226,0.04604765061667733,0.03809249732551162,0.04080045674521375,0.11083054708827107,0.0903365175783945,0.12614040312999086,0.045098263938437314,0.10136672139771459
2020-05-20,0.06895171971599748,0.04116973800804917,0.0655824503820414,0.0396929029789125,0.09484041560792177,0.00456636603893576,0.07188617561793424,0.07505045414232749,0.05067423081141104,0.0584559354489015
2020-05-21,0.07500959124384685,0.03278518248155659,0.05674960570606595,0.13485304643038615,0.09968912039326232,0.08878240990716944,0.11766322974869985,0.08136172651503652,0.06523993663147087,0.12253200360262709
2020-05-22,0.06288106022635312,0.024774869129118533,0.04029529269293284,0.10643891984247963,0.10149674603358867,0.0194652901240036,0.07620829675629648,0.015658447577709553,0.033352920717276864,0.07657692477581632
2020-05-26,0.07341570685494321,0.02239540377250526,0.011694861795288464,0.1116433297804949,0.09470838624461447,0.017082567213020258,0.05899151947774037,0.06715434312006167,-0.0039871639662598735,0.0841936606881172
2020-05-27,0.08910980464683384,0.06700285977602242,0.04301752691114481,0.16068780465193383,0.0843569241630763,0.08938398921977052,0.1086586013186362,0.15737533908936432,0.017162263705033105,0.13370088290677587
2020-05-28,0.09795061054679574,0.05382420449714627,0.03355457973872859,0.19223767929176544,0.017906787547628356,0.13752123090840887,0.09923714973194231,0.10538411818810606,0.07189484247002206,0.08514696278125457
2020-05-29,0.0802125686414075,0.05997480299809751,0.04449046334376896,0.12359795286117695,0.021140806096016485,0.11329231796010382,0.071268683859384,0.13273369409347024,0.08877529180541155,0.05790494614240615
2020-06-01,0.08600799579647525,0.06673317025269992,0.05305497556251264,0.08742596857411797,0.06290891946561267,0.07137910746088805,0.10316984432530771,0.06343346206571353,0.09443433729978092,0.06886620103385666
2020-06-02,0.06886135798790848,0.06076275305522898,0.03188572288411431,0.10090397904941198,0.08649207803907115,0.08563378331717088,0.06230314995396938,0.15781317662377534,0.09053426014588835,0.0946691340225711
2020-06-03,0.12259073225657298,-0.002854720185402895,0.08550658702486667,0.08909050455145984,0.05859820910653309,0.15232641110033981,0.11907308873829926,0.1424627575703161,0.1156608400972589,0.09497062476598046
2020-06-04,0.06253831442644983,0.02881002781290601,0.16302736088879732,0.11266841573271927,0.0710983827905988,0.18682596488815026,0.10809594804769831,0.13093603857041253,0.15384798199132083,0.022735756203192094
2020-06-05,0.05865387628446491,0.025088317808837912,0.10567288967741906,0.1361144993773684,0.072718445669923,0.11522513368182355,0.05974362475108954,0.15781416441188584,0.14226144914713107,0.016660739733746623
2020-06-08,0.08504908279170727,0.03226659966089279,0.1340711251048114,0.19480688847380112,0.07363191007739898,0.21706292507059738,0.15770069719550447,0.10291111300880762,0.13015947701181027,0.07497821396540988
2020-06-09,0.002444995434116587,0.042736036082957556,0.1272969722920965,0.12827173517301027,0.061113903401895764,0.18315214612549563,0.22922564677276736,0.11275314940728776,0.1451211253823564,0.29925400266512436
2020-06-10,0.013763512671254299,0.07670467039602291,0.1855737593058421,0.12481782344867351,0.056835522398357895,0.11865200178033722,0.24161709784851154,0.08582851751639367,0.15740186136601536,0.1471588046268435
2020-06-11,-0.036228188239390356,0.03845279055330104,0.04354717287056142,0.14296214772762103,0.060367929502168904,7.149589568225534e-05,0.24161709784851154,0.07775973315899333,0.12454990986669791,-0.025408224177799213
2020-06-12,0.0061702081156153905,0.02930587912788612,-0.023927440308514618,0.09928752650296702,0.13203569806916204,0.13599999541378086,0.14628877260511547,0.19130613531808857,0.06167983098768362,0.3162905765025916
2020-06-15,0.0179502989242372,0.026591474974146302,0.022940039794323585,0.11640900551023248,0.09520704139064355,0.08493589184287786,0.16133394975330625,0.28042917742552664,0.0691212762140113,0.18040336877578964
2020-06-16,0.017264603643155962,0.014886134831249048,0.03742735606161988,0.08394258264099175,0.0924717305324126,0.04036746329954925,0.15584607542387607,0.05586538647495202,0.10654890636489642,0.11571086543178234
2020-06-17,0.0026563698396568644,0.036119517413717085,-0.018483420894718706,0.04634019398288339,0.0495099152212384,0.122897598252947,0.10389738361591738,0.14568985463347783,0.11576802090993094,0.04164836078718924
2020-06-18,0.04482035767253175,0.08025838524384148,0.00058611632703968,0.03909404473877418,0.03910475905857859,0.05664019008513887,0.12500479737524192,0.12232502658532118,0.10816618060662063,0.09838531692810461
2020-06-19,0.061847145936434034,0.06676308222605305,0.00748352199580423,0.020504175314336133,0.08530039492794128,0.0362190156123148,0.0838904869874192,0.15437470476760282,0.04191912040441374,0.10664594167812873
2020-06-22,0.037061986179630815,0.028007091854405735,0.0023820677813497604,-0.005924289342018836,0.045884586594670734,0.09466318074426791,0.03633481139959509,0.15437470476760282,0.03907218987388116,0.05027753995443994
2020-06-23,0.021114672055205286,0.027707894569603826,0.045121815125771896,-0.026327304005790336,0.13666060115381773,0.0958678786627551,0.0791171962182821,0.15437470476760282,0.06195225356671443,0.0821383288451583
2020-06-24,0.04937542512444265,0.07214681860195811,0.018488816572994685,0.009190130662806443,0.04940089871620358,0.10290554112530423,0.03959115919800028,0.04804646541105434,0.05119028686977774,0.045366698762266414
2020-06-25,0.03179253930855099,0.0550606012901943,0.00557151373981573,-0.005136004074523424,0.0421033769219135,0.06360591630575838,0.0381791992222939,0.064032701937896,-0.009137030975703734,0.08499157527733307
2020-06-26,0.03457596694535429,0.06586164530457397,-0.0013256575067895134,0.025531437899192995,0.0838911701586263,0.046636341701816277,0.03519675563928416,0.064032701937896,-0.08804644958740528,0.020611050184888718
2020-06-29,0.08045908903062753,0.06680547595468331,0.017317498104353762,0.011062116952503857,0.03237641280920207,0.06382676628262295,0.12358925535040109,0.2633093300067147,-0.06562099301310304,0.05453987380734802
2020-06-30,0.0643786734083518,0.05419816345696835,-0.004044371505532376,0.03538085574611369,0.06887878951399015,0.09254036376224295,0.11636200363327615,0.1785395533378098,-0.08658996558203798,0.010151172159444026
2020-07-01,0.03181144008125763,0.07394255341575669,0.01419886427004918,0.047316372229037,0.06523291859435988,0.06453091783662773,0.08125053252355062,0.18395185710327333,0.0037000229453080097,0.15575440384238734
2020-07-02,0.05144507654052377,0.06106432132479016,0.00852509033474227,-0.027782667007266264,0.07525916928326493,0.07051809443949307,0.06363841392760267,0.04825511828802972,0.033311463752803805,0.04106714726766951
2020-07-06,0.018433654951686602,0.0846335475498601,0.012531789376416646,0.04635522599858904,0.04647787882296563,0.08644386605898968,0.05597590234850058,0.15381790473551557,0.10737886240856415,0.20768609546194244
2020-07-07,0.0694183142833869,0.06576873011260516,0.031620399266817444,0.07727775272933644,0.06684766245773176,0.0349524079385463,-0.01321543272332339,0.11192860315701039,0.050669152156473496,0.11860115539612841
2020-07-08,0.07484276507778456,0.07571948529149375,-0.01620777908296145,-0.03193419836501628,0.05561324029666005,0.016358012914515517,-0.06347144226207013,0.1954384993464585,0.012953472118245626,0.03203013260466362
2020-07-09,0.06778280542557959,0.07705916440137883,-0.015216833773349819,0.05327281265817145,0.08064116813428131,0.02081101309423833,-0.04456256191918493,-0.10031194008142026,0.03345583714500053,0.03489685190749369
2020-07-10,0.05804446029966419,0.0671345619818716,0.0391513842115456,0.06336821769804023,0.09433321219940217,-0.006222182855227222,-0.03344466805215019,0.07953032402836226,0.062237801494638804,0.08607567904944025
2020-07-13,0.04080747024838519,0.0424349460831525,0.04429067036104365,0.08003292384713759,0.06751159764299705,0.006826437023949611,0.02737531828808708,0.09846155526509266,0.07519557136679623,0.0820533082134986
2020-07-14,0.06250689862620155,0.0313975513570223,0.00911598796549142,0.05875617145364729,0.07179939842866472,0.032439472164719665,7.787011398793092e-05,0.1579500776241008,0.11202260517030074,0.06635796039856912
2020-07-15,0.051319925237077756,0.04083852630150693,0.03339946620896711,0.06633963181761601,0.10673293228577649,0.05236817960420344,7.787011398793092e-05,-0.06687462672094684,0.07895257011353383,0.05849025995643153
2020-07-16,0.08004106126916169,0.05738654134386177,-0.06192953314808908,0.0957409008901977,0.15488361397353187,0.07151878640280229,7.787011398793092e-05,0.05705822359294369,0.06495588007568923,0.09596246997533457
2020-07-17,0.07337042973499643,0.08213248258902954,-0.042450622569760836,-0.0031402525128064233,0.16519972623801363,0.06553094346730476,0.019115269902318374,0.05705822359294369,0.05646780893934837,0.07444131277914053
2020-07-20,-0.12982957714994678,0.0737431365408345,-0.05027660426820607,0.013516226355307623,0.13975259526978687,0.041827603442101985,0.10708716419990057,0.05705822359294369,0.023607153431018435,0.10351665332237092
2020-07-21,0.03184995657788986,0.07734810907587755,0.005414114219128313,0.06049210192994329,0.09410120640087867,0.11881665623921296,-0.002897543095147642,0.03888760869181973,0.05534294751634089,0.020807398511210242
2020-07-22,0.07976902922408732,0.12298200163540984,0.0022507932808026763,0.08705763335756052,0.11013370765522723,0.023500074834296423,-0.002897543095147642,0.0439148113604959,0.0921033538997828,0.05747542768336351
2020-07-23,0.04976322135564804,0.11129733442360656,0.05047275107609067,0.05275092223837369,0.11707190782789478,0.018831634266845063,0.12382859987382727,-0.013572111621021288,0.13140324203960022,0.05747542768336351
2020-07-24,0.08587860474755225,0.0924845691029172,0.028787287336521222,0.045865971396055805,0.05059524237148465,0.06972938854515329,0.044553328805280734,0.04454820226501531,0.12976945313605143,0.12295028512224235
2020-07-27,0.044437732988748514,0.05441676829083368,0.07231748642947569,0.03692263210594386,0.037233494914323095,0.04472366614738174,0.014457850356784088,0.02927653792832988,0.05383126024327026,0.17085847764326478
2020-07-28,0.07044929612311207,0.03773995885700911,0.00922054650853935,0.048510226959518135,0.05544220933495733,0.06796626263155625,0.009759423277413543,0.023840338908247934,0.07276960025306121,0.04076019571611411
2020-07-29,0.08761953074874138,0.05386516866799886,0.05077380766953857,0.038924437020631135,0.0476312879184239,0.024772627216628984,0.1055912925913388,0.023840338908247934,0.05958291759365589,0.11000025426143296
2020-07-30,0.0565695175138567,0.05564474207496221,0.023207362914048152,-0.011280137224341152,0.06663804813563119,0.058936687238277094,0.06633547901973058,0.058783866174507884,0.11082148939912845,0.0700904189022829
2020-07-31,0.05310060689921019,0.05528338360553037,0.003139898593787208,0.0019230318107906128,0.04052306827575211,0.06556337579274646,0.05599371103307312,0.06813150879742992,0.06992291212467149,0.09114990531913814
2020-08-03,0.06281362858318873,0.052290350975115474,-0.01521881889156529,0.03904494750718795,0.028604692313816845,0.020999139417386525,0.1573412888605565,0.05674713815586212,0.12432302794784475,0.08919306556415443
2020-08-04,0.04004967888283622,0.037996469277527964,0.01467048126393986,0.009696872862704452,0.050289192189206966,-0.009000078772247363,0.22553579002188295,0.02359606332207599,0.09654650082243661,0.09710687742334416
2020-08-05,0.05747303378513883,0.07850589534326781,-0.004783641729584574,0.009075137464025194,0.014997518288317097,-0.004390247308708656,0.10714512677414867,0.07405717048612065,0.13677938438667492,0.15976348708418853
2020-08-06,0.08094279400996351,0.0758942439543354,-0.02753285790815056,0.04079990249505367,0.08005711362016116,-0.011110151201237992,0.06025537658159049,0.1061208177033442,0.10924990412863433,0.06075552961790722
2020-08-07,0.10569091590001319,0.058473718191779156,0.05206148542815552,0.05039192120036011,0.07901682655115815,0.04820803823316652,0.1386806707531862,0.008469964655494891,0.07768118142053278,0.011365995298033574
2020-08-10,0.05391119914918338,0.0847400019963624,0.043120908039766724,0.04012011036398239,0.06424670029435464,0.004575860307876257,0.1386806707531862,0.07374301008084544,0.1237461052132794,0.06635419423651558
2020-08-11,0.12171468896629682,0.07851360091727878,0.04090762795279018,0.058538354528558004,0.04081987447313859,0.11988915463178777,0.07579601000962602,-0.035053667069264605,0.09747334541729868,0.04470970485647627
2020-08-12,0.10996385627644678,0.06442687258809822,0.05767983575399609,0.047982052404046585,0.09490470369656051,0.021930007583131742,0.1443409585407131,0.14373916162551725,0.13158363294542996,0.03561712605015011
2020-08-13,0.07825837361359013,0.05528241913756069,0.072314192592858,0.02792923863973476,0.07383422973869684,-0.0003950595684830936,0.1443409585407131,0.1009927744170115,0.07545356410533369,0.019580681431984565
2020-08-14,0.11364811321921359,0.034108406944994264,0.021481144662493196,0.017672458211596447,0.00022937194789057758,-0.005054410135787641,0.21972730569380872,0.065411849611341,0.0582967821909142,0.005965142564603931
2020-08-17,0.06406050991775585,0.0016448813891804144,0.14405586622498145,0.05955937653014748,-0.009424769213753952,0.033718868346950884,0.10523714068968561,-0.01295774827647784,0.08059722814154155,0.14365205602228895
2020-08-18,0.09144693605188745,0.03021953132127646,0.020766556705485523,0.024046436676550282,0.008109550527094247,0.10387185874838867,0.1807572947715801,0.08485247614368135,0.05533648542769436,0.10578963597150517
2020-08-19,0.11275240181236941,0.04053328873799383,0.02767076002587924,0.06234068000658908,-2.064098803351034e-06,0.09126890840692467,0.07795651669683877,0.10417456640756066,0.03703543472957402,0.022067462159968656
2020-08-20,-0.005696838713189107,0.07024098037078377,0.0499416558362085,0.0929933618309798,0.02674281147970961,0.11694213818582933,0.10975473480865952,0.04849334271050873,0.06153225159255625,0.022067462159968656
2020-08-21,0.07217272715234771,0.08316732024718917,0.027598468817783942,0.08976718729894424,0.038655918998789826,0.11517809212388622,0.07539547181871513,0.031838161563064064,-0.030819453287649817,0.049595048016811735
2020-08-24,0.08652343727811489,0.11605499127590391,0.03393046201239121,0.14350939524901662,0.06876839025456977,0.014175735722553196,-0.07243097208970418,0.16476338834972254,-0.00011443582369432149,0.11247872709844675
2020-08-25,0.0642159742625546,0.09224094656488831,0.054943843134326716,0.1806767305773362,0.07888564050535565,0.05448512427728276,0.04234407600075426,0.07933279077653724,-0.01793401158373335,0.03956084588218098
2020-08-26,0.08028578069595642,0.0933980402329073,0.035677489289457825,0.1260780707023691,0.0748555959508,0.029368568452204508,-0.09642064805980279,0.02634187868563811,0.07562554568013713,0.11214819840002813
2020-08-27,0.11642470269904784,0.06197385867634781,0.07064409886120603,0.09481055028765942,0.07372094471440314,-0.04506021018537725,-0.06428043203986852,0.02305775876873979,0.06345840307029367,0.1329020753881144
2020-08-28,0.04702236701788163,0.04052277796737397,-0.007915476638214439,0.0506130171872346,0.08174218536515768,-0.000357120537985281,0.0061547931092873626,0.05669406139704782,0.08744131857474023,0.04645675657920605
2020-08-31,0.04451550626690588,0.013402532878216683,-0.018221408919379803,0.08145401161914975,0.06948012357677177,0.024567832652369764,-0.007617172333503008,0.10118950365805568,0.20319198431653068,0.04645675657920605
2020-09-01,0.09919708762063702,0.023180270323001483,0.011004360850463163,0.07507934107943318,0.07690821452937581,0.017475686444202523,0.0443859306673991,0.11379945750818879,0.14429832610818283,0.06094184631627939
2020-09-02,0.08782583619153578,0.03977108256676706,0.07521221696744188,0.07429844960851101,0.048816701528996,0.08984043237634291,0.0443859306673991,0.023195688338321304,0.10454680073878855,0.07061159381428221
2020-09-03,0.10909225967017207,0.06173543121340279,0.025185840721473077,0.05747026377952633,0.015070739277624926,0.11129264828408829,0.021952237536325487,0.03280800108386835,0.09375096453698402,0.06818068958583978
2020-09-04,0.04309250821772032,0.0754010889960315,0.005389678290900499,0.05528935809421318,-0.04000616589483645,0.09037587947504025,0.052011802518840064,0.018872000722578903,0.09181221706021554,0.11614834917073653
2020-09-08,0.09092736844222449,0.058847282790945844,0.07821515975838654,0.027270016507253237,0.055303793045151595,0.07176710294107629,0.005467715304339607,0.05043754864701896,0.05579685350592421,0.04528293058412542
2020-09-09,0.05369802308185571,0.04238284509295379,-0.00713831399682833,0.01942167767150216,0.011340767342994735,0.017367075271378353,0.060089497761718444,0.06562212223305373,0.07218609678172726,0.03227937753700868
2020-09-10,0.11243935989856402,0.06664759966599729,0.13020663783192757,-0.020912385895648578,0.08200569888674265,0.05165723093677465,0.060089497761718444,-0.10358533285161405,0.06634698118781816,0.05110511200564305
2020-09-11,0.014012857895102381,0.10219866439170192,0.012014178522879716,0.05941674273623429,0.11655202872418319,-0.004998065866340093,-0.02796415663105333,-0.10358533285161405,0.054449102526907066,0.03103288168633445
2020-09-14,0.07691969032459832,0.09067678219637687,0.023824987356359153,-0.004487306517755345,0.04087034764748019,-0.061437102830064795,0.04325075705254067,0.03720055453385866,0.017573231044375217,0.010081368420079553
2020-09-15,0.10095781225237412,0.07400645957459076,-0.004734976747582713,0.02430104400915057,0.08106606751377907,0.06091770932642145,-0.00943938988368069,-0.0041235552344093635,0.04879844573239153,0.046450626029709105
2020-09-16,0.0718207021694701,0.10831826563225215,-0.0987510956094996,0.02344020727080918,0.07071015612029716,-0.004361552967973123,-0.00943938988368069,0.007321327043397455,0.02490174159937214,0.0431823729154372
2020-09-17,0.034248986631498585,0.039739351031777774,-0.022203508184110852,-0.009924332555929498,0.0441181644525253,0.037192222427242023,0.054765094936603614,-0.018536951599933172,0.05951661948866535,0.05341809424161028
2020-09-18,0.03821784293951757,0.08751030476722428,0.031125315521156452,0.017998778296047006,0.05229091563413748,0.0597640437579251,0.0086853863861054,-0.12742016894478084,0.0039154370659160295,0.05341809424161028
2020-09-21,0.022401968303330473,0.08978076834146216,-0.010616456319229035,-0.01810255904670171,0.0571595553045548,0.10959633749363171,0.0086853863861054,-0.08194677929652056,0.05444841258073982,0.05841767644555911
2020-09-22,0.06201598105656213,0.10072826624220257,-0.0478820137895212,0.003859426430346839,0.028803280743381995,0.08624335938560239,0.05836726847180276,-0.11366280047405426,0.07647087862644358,0.04151178429703941
2020-09-23,0.0413523194234636,0.07917490789638744,0.0905882221747278,0.04721334760091789,0.13207100123589774,0.06906188778193208,0.05836726847180276,0.005267094745360188,0.08672133337668596,0.03457452286469294
2020-09-24,0.038972703025236546,0.09971154425579375,-0.02433221223317443,0.07920007310464142,0.15380434668559878,0.05152121851711398,0.03493471744247717,0.005267094745360188,0.06008298057310512,0.021315192247364192
2020-09-25,0.061699333949336924,0.12754182315465615,0.06837471765110811,0.12604692373642762,0.03940130713453071,0.07217049627553891,0.17789691129710186,-0.07577520031603617,0.061753849829750976,-0.0038374607191049848
2020-09-28,0.04080627317564365,0.10212927099199301,0.014292979752412574,0.09089682582297352,0.12039082074915503,0.07972343565138497,0.1672715700338602,-0.07577520031603617,0.040273399886500645,-0.0038374607191049848
2020-09-29,0.03854610568680155,0.07655647600484783,0.020106057816126895,0.12679839721260142,0.036127297334742584,0.07266431657804749,0.04279006079773735,0.03993063147644134,0.0370725443687782,0.06828540850598253
2020-09-30,0.06444333433989437,0.09665881469106259,0.08728152469569332,0.059328624279940824,0.0703108336128376,0.1000968025499415,0.04279006079773735,0.0900853754423823,0.050811640531210754,0.020474301272150483
2020-10-01,0.02326281957749291,0.08920076823560016,0.07188340695683758,0.05539128869305277,0.07444699679731792,0.08540164614440544,-0.011320749168992629,-0.02264453347379385,0.06797045277971611,0.0633259831657327
2020-10-02,0.03085597969466819,0.06360151753547981,0.03365729803539099,0.07972074480701483,0.06314869230932305,0.07450762157868074,-0.011320749168992629,-0.02264453347379385,0.08220111470762857,0.1526408005654002
2020-10-05,0.031347840131199525,0.074845096957959,0.041878831835211495,0.051329708554937035,0.014889099238615965,0.05099789385991137,-0.011320749168992629,-0.02264453347379385,0.03618349929662251,0.17507648124268957
2020-10-06,0.015551690091888589,0.07540077009610238,0.02573942955680766,0.06485133942238729,0.025475223330137648,0.09300806855991936,-0.04039716611266493,0.09024694732286283,0.03813069184463858,0.28755285580684453
2020-10-07,0.04292071677524674,0.07895569858258678,0.02316300790030339,0.10905812651309732,0.019578488550495984,0.04588293875389824,-0.04039716611266493,0.13886016686328104,0.027042683451981273,0.0550281386430538
2020-10-08,-0.005509018925542487,0.084786625539651,-0.03107813287398908,0.052867938337265295,0.03091641300191796,0.016713308939091905,0.0469303145565387,0.13886016686328104,0.07197739303169409,0.040768759095369214
2020-10-09,0.003884307248665892,0.0839884766889287,0.06919287042841939,0.13549256503552634,0.016582006816093453,0.01886941063165991,0.23191438002257347,0.13886016686328104,0.07537434961181531,0.10798204386824034
2020-10-12,0.049914058954159866,0.08102374636404772,0.06919287042841939,0.10668709309006105,-0.01852176288035507,0.12307937561157711,0.15460958668171565,0.13886016686328104,0.12283352382452477,0.17791414435690756
2020-10-13,0.016523809474635543,0.10329232663586088,0.0371455472680226,0.15228251160716108,0.0073774827844411885,0.0799562916178997,-0.0432134717047129,0.07544507866268156,0.12380846032746096,0.2278755253490587
2020-10-14,-0.004993650826433449,0.07053061541805929,0.05259524438439617,0.10859785994159872,0.029345405189627458,0.060284759434671396,0.0368868763710258,0.07544507866268156,0.045468366963171615,0.15621701689937245
2020-10-15,0.07952718291995493,0.10344691273268518,0.03126794070070855,0.09022927124845448,0.035990684125194454,0.09875767753567025,0.017033061753775995,0.07009340749479157,0.05162705945692923,0.06739935456737434
2020-10-16,0.055157034627312404,0.04694083293573445,0.05579290190740556,0.07946172414988376,0.07345082836454567,0.06785321121984203,0.017052054501895,0.07009340749479157,0.09970192250217098,0.26931069185445483
2020-10-19,0.06600669070317004,0.1006450357519077,0.04067920209542134,0.16433114943325583,0.06270910199788247,0.061614339058105726,0.19347305778781043,0.07009340749479157,0.05140894000554879,0.26931069185445483
2020-10-20,0.13532140141124985,0.10563490738335775,0.04096163089099723,0.1540924329555039,0.08200480021952232,0.08847365552973444,0.046920113443645856,0.029165387656904077,0.07916467166672678,0.20990712790296992
2020-10-21,0.09815202279725205,0.10643278190991531,0.09009890506632044,0.13105073866529732,0.11587870585078854,0.06953036530393623,0.046920113443645856,0.1167674551143183,0.0950149305425464,0.11486746734557607
2020-10-22,0.028963784238180176,0.11878774746375308,0.04812686180295629,0.08375882577686487,0.0844486559010218,0.09849012347161668,0.17166032512283144,6.735996196893107e-05,0.1141031260207268,0.09344295679479248
2020-10-23,0.0632902274261585,0.13696238750469278,0.07652358743688316,0.10930469337505277,-0.009052704957706426,0.06298820401305393,0.04397780700902144,-0.022329744181079837,0.10113040581573865,0.16882082746089877
2020-10-26,0.020009185435612153,0.1690654805586841,0.13039628051347765,0.11337501929127689,0.07686552688265037,0.13464753477518157,-0.015630084752618272,0.004341048871986192,0.1160786038771591,0.1740222260843069
2020-10-27,0.08420362059531297,0.12448698703912271,0.05709837872300981,0.07829645903482238,0.038199313674415425,0.11919951893211025,0.01588470300126333,0.14579665695799807,0.1130240943030968,0.11181945440223237
2020-10-28,0.05981441492103155,0.1382463246927485,0.004511098033390458,0.10036488754330582,0.04226208306508428,0.07509251404590825,0.01643977719413114,0.14579665695799807,0.09402818191635026,0.10426775636123856
2020-10-29,0.08295393131845434,0.05356271462259202,-0.010127639082343511,0.04591633124194718,0.046179166487833954,0.07670474673767622,0.01643977719413114,0.06511018601377651,0.06917756770613827,0.044575387854724056
2020-10-30,0.11298637214371357,0.04931506371664865,-0.010315517984373745,0.05869042854465459,0.07395133321411153,0.05903383115845081,0.10790832720356958,0.04599012400918434,0.07326712847075885,0.0787058141253716
2020-11-02,0.15511365712065703,0.12112704170893429,-0.01128492846026402,0.07363732877161246,0.07662114156651537,0.05724969406691505,0.10790832720356958,0.07170418361821289,0.07347357237670327,0.04726358976000109
2020-11-03,0.11487949508585607,0.09980932410225249,-0.015272770487644787,0.05861843120503167,0.10349239212167485,0.039070763589352464,0.12701221838856622,0.053382648394032894,0.03789135921966341,-0.01941812523433717
2020-11-04,0.08697721894612626,0.09003612083007309,0.009379376295757394,0.04934028474637883,0.06498603919222767,0.10265890214764609,0.09104603610623417,0.04075509892935526,-0.011737217122350607,0.1891960336497106
2020-11-05,0.05253121729296517,0.0670353464333977,-0.0074993553264652915,0.05990776000673059,0.11814272572198914,0.14621149032065295,0.08073382743131373,0.0678683765504909,0.05895822011127849,0.03258735956871332
2020-11-06,0.032363013616602244,0.05708358269527395,0.00203788361392052,0.049691173337820395,0.05775366840563648,0.09455443851686056,0.08073382743131373,0.05541390018991971,0.06606295870666429,0.07872572837071862
2020-11-09,0.02385614306466293,0.06107965036827787,0.03793846872442328,0.03185900173405005,0.06799382649045241,0.11296137641240034,0.08382440156351169,0.035732214997226695,0.04364876571865661,0.045277611579222464
2020-11-10,0.08591285728120386,0.06273476691218524,0.04893709287038718,0.03764415591793813,0.09408258672795264,0.11832360436368095,0.08382440156351169,0.14650281771862028,-0.001829941180776843,0.11559093505473761
2020-11-11,0.06878690485413591,0.09938189223275445,0.00997628413581367,0.0550183261675143,0.1205510578186351,0.0890186404777514,-0.027649782310113568,0.14650281771862028,0.0005617058794821061,0.1308262266534598
2020-11-12,0.042910802646611484,0.06061462542760598,0.04312551887395553,0.08143888411167621,0.09559398944619464,0.07269195063357212,0.015521577332776572,0.2446441033864756,0.05838824686784417,0.06362291892758176
2020-11-13,0.014430118431074324,0.07208106115473063,0.0516953078713069,0.07025130735650208,0.11033676413035155,0.04221352264460363,0.04190067212190651,0.2446441033864756,0.0864168929963445,0.03675248067708616
2020-11-16,0.02120411513935287,0.09853744124522829,0.11403196671310029,0.04156337157100139,0.1384977228048985,0.07273401509640241,0.0889390106085085,0.23409988934829368,0.04112712206472087,0.03675248067708616
2020-11-17,0.05318653458750383,0.06927512816644783,0.10295607114281952,0.06915558104733426,0.08206446087815789,0.06159384961818018,0.08002673742990025,0.02750325473166659,0.09084864814804944,0.022445166780218868
2020-11-18,0.022329255978785476,0.11583885737412311,-0.024309386484751783,-0.029621312883970047,0.09100898590428697,0.09818365545498602,0.09184962914756853,0.02750325473166659,0.10787316536209816,0.022445166780218868
2020-11-19,0.017664888130659757,0.11461067318510278,0.07986966168493863,0.0061564836753685015,0.11857265726952465,0.06196105633047159,0.09184962914756853,0.23940849039398918,0.16924469631373065,0.03478011726614027
2020-11-20,0.02858021909866112,0.02025599250128374,0.05092135766320949,0.03082362296329002,0.05286533507096057,0.03663512782643944,0.10022679626423593,0.023103946797019454,0.07209229754248708,-0.023645743298793154
2020-11-23,0.019650667314993327,0.054728288695744406,0.04041423844213966,0.037678415308860014,0.053527961223083655,0.05672436130949752,0.10022679626423593,0.023103946797019454,0.04066871858759415,0.03181609574716579
2020-11-24,0.016046578858664208,0.05087877064047661,0.012383348325687703,0.03582300133591165,0.06579653767972465,0.06409966353598413,0.08628677647747479,0.16260566026265946,0.0745950464925373,0.059055174942554974
2020-11-25,0.0032840107729821093,0.047006946081459444,0.05031488516016954,0.049004254294108006,0.10897650577587364,0.05073715664303705,0.03639568298008319,0.07901868800108493,0.010367036927128792,0.01817926818645496
2020-11-27,0.12895729984454393,0.07225480866968265,0.02487408073734268,0.07128475985299777,0.029272314592971124,0.12862865998424694,0.024113441333432416,0.07901868800108493,0.07333531290048476,0.11321298834559058
2020-11-30,0.10356190360595736,0.09248137916001317,0.09059544831534444,0.14565346787589864,0.024335276878251433,0.1364836757863878,0.14721058488873578,0.0990243571244819,0.05846572322550502,0.07062411919397998
2020-12-01,0.04947276891006389,0.10732032448171766,0.05164688657922016,0.025815500710801634,0.025377262860368472,0.04041532387983944,0.05202418300828505,0.10171965700767234,0.011772102219600017,0.019533586301231816
2020-12-02,0.07976242052780314,0.11230454377763621,0.07938570216392454,0.07573376109089698,0.09483512109856851,0.039663330765723565,0.13474334845741046,0.13625910783560338,0.045598068146400016,0.012263253200648805
2020-12-03,-0.0054937765909572195,0.06763310934120868,0.07156688742713421,0.058394949090032414,0.043158740011658446,0.029213360263432468,0.08089874451370495,0.08558686230004725,0.06215079543093334,0.03413220203489141
2020-12-04,-0.009356944631298355,0.08282416323683972,0.02923859386656466,0.10024368443654018,0.06968590306124821,0.08110237368355507,0.1007070565924905,0.13606118337552595,0.041156365528171784,0.03413220203489141
2020-12-07,0.01865034933573886,0.056533614563930315,0.044216426397248015,0.04255268489705747,0.060390481194044866,0.08188074912237003,0.1007070565924905,0.14631515903804596,0.11182116112746815,0.05878826952875104
2020-12-08,0.07102307945078469,0.05062117341710839,0.07375768074224187,0.05620290104248275,0.05432259975904788,0.07421930565611073,0.10447415842728554,0.10444343935869731,0.09130207038127507,0.09137247036711992
2020-12-09,0.0869875469666317,0.06697615264844263,0.07704632092554874,0.06432186239473629,0.0635478291858874,-0.013809400588335491,0.152382772284857,-0.11380917553145953,0.08444165803196116,0.05143032664898498
2020-12-10,0.0874730583128159,0.03548069108078866,0.040467547283699154,0.10277624159649087,0.0366949446361976,0.016672858063506626,0.09621327629244916,0.0849900629108424,0.10543888313241855,0.08414214203723387
2020-12-11,0.06444556259259027,0.0652037125712132,0.061133875664738165,0.06942316106432725,0.054725846059012116,0.008153905375671086,0.08352567657104755,-0.06083945035430635,0.1485439776438346,0.058583650247044816
2020-12-14,0.05019815814841537,0.061492954579639214,-0.041185793307767796,0.06083655182066261,0.10194907745867543,-0.029844507527330387,0.04688803614421397,0.05348623783088864,0.10293459620700084,0.1407377719243694
2020-12-15,0.08153201628282883,0.06029708083087058,-0.008403237297510068,0.07496646304405721,0.10351271830578361,0.006803536734657615,0.04688803614421397,0.05971449889987318,0.08692584191577833,0.027710035392543315
2020-12-16,0.06993361828320122,0.0589699586491518,0.03364096955946869,0.060125818780105866,0.08729296686936105,0.0191070074916887,0.10015683900815868,0.06146603490483437,0.04828770692436634,0.027710035392543315
2020-12-17,0.09069980387545755,0.06988619465499009,0.017195368888073145,0.1260464260606649,0.10070173919517972,-0.01739718019072605,0.037401717952748555,0.04661639273895532,0.03539180461624422,0.002507095071690377
2020-12-18,0.0733540359169717,0.10546979643666007,0.03913498019940955,0.12802425279115814,0.11760798693729288,0.024182886480373086,0.13976207626073345,0.13264301434769715,0.06591735005869959,0.0019433412123545987
2020-12-21,0.12487926569441653,0.11047475317999562,0.0585682774998024,0.13831651988750795,0.07506575745338646,0.032863964849884256,0.09611828296673611,0.0906915078013759,0.05072198337246639,0.027892673162776115
2020-12-22,0.08959706352792762,0.10567861323110819,0.03817655352186811,0.1689797407221416,0.1510388398008513,0.05290360881888275,0.06610925024225502,0.05478831678337878,0.06853017284287853,0.06045153756161692
2020-12-23,0.09293278424737149,0.08158507548740546,0.00048220234791207273,0.16166903550155884,0.1136438996050728,0.06826217882217078,0.09177152315361507,0.05478831678337878,0.10807004887886114,0.11125785473901162
2020-12-24,0.08412777745487177,0.09436905032493696,0.0575601274896534,0.17744471264906977,0.08875137710439258,0.1045372858814472,0.09177152315361507,0.06565092988579664,0.08483206811467399,0.053617737333041406
2020-12-28,0.09942598415367526,0.11022192782190668,0.026947418500124304,0.16855930687623277,0.23584486064972235,0.1627827764373675,0.09177152315361507,0.04794612000679261,0.11691026763200489,0.053617737333041406
2020-12-29,0.15600040116362388,0.1030613679489647,0.09931421633587878,0.17542465187807235,0.14009307492195225,0.12380997696948831,0.04492563931166545,0.04748511457838928,0.15171850123363725,0.07437745289937994
2020-12-30,0.08669339301891175,0.11532450455856905,0.10568963678331758,-0.015779920563516635,0.08508072629127489,0.12240974409858736,0.0474093929509372,0.03769007638559286,0.09260300750212626,0.07437745289937994
2020-12-31,0.12341346408709594,0.17105653641412275,0.12586090659726212,0.08163005295765557,0.1991734291794043,0.10447316273239157,0.08046924170749904,0.03194135060804154,0.099363697090474,-0.0649939682192259
2021-01-04,0.07468630368656091,0.16381866740268738,0.08888417255516184,0.14365755216358184,0.0695714695467833,0.08207757530606018,0.05837949447166602,0.0643511450602635,0.10478672571008972,0.16432084584859605
2021-01-05,0.058403832087336904,0.1163174078980879,0.06638302539643164,0.19270086810905457,0.1150753242370059,0.07018608431626708,0.03930339060386039,0.045900763373509006,0.11111200921957337,0.11760556389906403
2021-01-06,0.09226419730045952,0.09017216082094748,0.06724200455565402,0.22197314126859533,0.07853902818735882,0.11548694597506205,0.06643812971512174,0.023548061463857416,0.10806750321678912,0.09315636398531614
2021-01-07,0.09584724106879877,0.07517588499174276,0.04197133637043603,0.19228507312661863,0.07670659193448083,0.08437136945094513,0.16687288671414668,0.08364407631187891,0.13039120162845236,0.09315636398531614
2021-01-08,0.10740696903416566,0.0674840344389396,-0.018986343689634155,0.18581064398917432,0.022188313508544832,0.07846091296729676,0.012846723126726765,0.015833584752802457,0.05475971132766797,0.07448313237329734
2021-01-11,0.052134367300912664,0.10498968962595975,0.0005504051718152065,0.18520757095789067,-0.011757010482685896,0.06075246049671634,0.008951148751151179,0.03316717558233934,0.109906023905496,0.07411910212947802
2021-01-12,0.07086909774842842,0.10691868197286206,0.006533924621606473,0.09145240562512613,0.032918381831959435,0.06787779129085555,0.06884594862064743,0.14340469420832844,0.14310797427033067,0.16525916994368772
2021-01-13,0.025416172341987637,0.09737801020413024,0.00641108549474025,0.15585555296250897,0.09051357866913932,0.08438818502870502,0.0044032420969320335,0.1027025004209374,0.03978679337633433,0.14145204266056974
2021-01-14,-0.016309344206633974,0.06085556644055582,-0.010847382914521787,0.13732904919722821,0.06259378855163673,0.09440159304943971,0.02880528969621522,0.1707114772883686,0.09760775020341939,0.1014369927597059
2021-01-15,-0.0015882683105061506,0.053763522418605283,0.01620771679270186,0.14436222327434262,0.05579585903442449,0.05248426633378761,0.02691839522008403,0.10427329542022507,0.083020830834317,-0.05225342375227957
2021-01-19,0.010751400843899516,0.03966290383462574,-0.006350003588930936,0.09935706659847951,0.10999425950599433,0.04527851099022907,-0.013098190356059976,0.11746105128474932,0.08315579242703366,-0.027935615834853048
2021-01-20,-0.01777542869072196,0.04416563285944746,0.040004303687974044,0.09939265682269058,0.07750965342983175,0.03816070667322461,0.04847325518433075,0.1077352681755897,0.09358854110520194,0.0739413285064706
2021-01-21,-0.06718528348238569,0.022739147005868765,-0.033395302054909176,0.1015607331016573,0.14258299591419865,0.042127137782149736,0.0592512256930805,0.08936954039350103,0.08833680518124573,0.033204123517755264
2021-01-22,0.006627892874749331,0.02998185603459836,0.030657248260725405,0.11494437762332707,0.1104616559937372,0.057064080243620655,0.018597676881338156,0.08936954039350103,0.09884398123194159,0.05080063246031199
2021-01-25,0.05991448407172147,0.04465503667360332,-0.04320266782618307,0.12244328419099326,0.05129245995870588,0.0707010534957471,-0.04389392990746536,0.08936954039350103,0.09660876526573886,0.0063382922160769095
2021-01-26,0.01780917348274795,0.04138381131587952,0.035743729965678574,0.13019624651886322,0.07845817724380656,0.10078635180062859,0.014322323797082467,0.10280494478747271,0.09574879222844129,0.007333602839183836
2021-01-27,0.02552716046926598,0.03877920754391968,0.021370586567186683,0.09122704416074168,0.07068746778412405,0.10664955638412728,-0.028118175493865794,0.059533502004830624,0.13179098563217276,0.02895250221046281
2021-01-28,0.006203789665076131,0.006385185981660738,0.04570540848305673,0.06782446141302152,0.07121783566560651,0.07588083406990426,0.019227914392629726,0.13206372725744514,0.11607728646281869,0.052613629065913325
2021-01-29,0.03486309383708371,0.039865393829043666,0.04148743756878048,0.019282561916452313,0.11232970854084313,0.06344371825745394,0.05888164568788967,0.12431748483829676,0.052330691610027805,0.07500552125579661
2021-02-01,0.04129444055100027,0.05452838238120366,-0.07005517792481047,0.06433378480304039,0.09440325127350968,0.040158565142179664,0.01997793600194338,0.07183534333250471,0.06648087774001853,0.03348661838934528
2021-02-02,0.11859073814511127,0.04923473095474516,-0.038264234378128884,0.07017710653536025,0.13147975589529007,0.03693054400673726,0.058358172749042835,0.08452972140288302,0.11727546611239331,0.10017209920206673
2021-02-03,0.10220604765229642,0.057802042858719,-0.013903606752098412,0.12089376546801794,0.07887329602132682,0.030368054295095794,0.16235238476761032,0.06726312461080806,0.14111281074159554,0.02741777141632105
2021-02-04,0.05582598137108072,0.028274304656159106,0.01112790510400387,0.1301655658675675,0.1406111997297151,0.016810695559797122,0.011378691965501295,0.07901626643468421,0.1393443886449839,0.02452553774640932
2021-02-05,0.09238863784190324,0.05212932510861468,-0.03084398877777597,0.06497787724504502,0.08709738338386258,0.05664267382613932,0.011378691965501295,0.051774163070040714,0.10572478242517928,0.0858987107564741
2021-02-08,0.09152386540280726,0.029457327850187565,-0.05106571474073954,0.08934914038558557,0.14775484744953363,0.030623732196031154,0.05877773188640851,0.09956627819679938,0.06704145966769316,0.03386897182460277
2021-02-09,0.04873202137964929,0.04796412332869648,0.005384741273113733,0.06556015524654024,0.11894021820834938,0.0547947578960095,-0.048953421691878954,0.08302546763041796,0.1188743019718638,0.10994720466303193
2021-02-10,0.05677983518174051,0.03095076475881352,-0.09641734307294297,0.053460948709338624,0.1488881310573936,0.037113866375117446,0.11198105220541404,0.00300495443632086,0.04277502931772087,0.026986747086317348
2021-02-11,0.03394299583716331,0.07199149597862806,-0.08245652490045736,0.06611633979572319,0.1305250697985013,0.03361976012309417,0.035138785979966475,0.00300495443632086,0.03234802668143296,0.1082925180857667
2021-02-12,0.07552391935466304,0.05018611091157488,0.01978677431906095,0.09910013024827775,0.12282447017032341,0.008590951193173891,0.035138785979966475,0.07734625293158649,0.03388212472705103,0.03713510454494292
2021-02-16,0.06010469616253423,0.040998073941049915,-0.05969862889583054,0.07838589634032057,0.11198575789132673,0.06637591190656036,0.035138785979966475,0.0960836346135962,0.11177157426949746,0.025764790065958443
2021-02-17,0.08911723927335666,0.05125012865911264,-0.028026446757967595,0.04993753246544485,0.008379470033041696,-0.0030529634908645145,-0.017252338024270692,0.10936660319177473,0.09148938284633164,0.08881573896631467
2021-02-18,0.052817305719219936,0.05424953021718619,-0.08073460861447417,0.08635527845210507,0.1169772361185711,-0.04877150701402932,-0.003776788448542742,0.1354370347598186,0.09612970256337298,0.16890538097488245
2021-02-19,0.05391652138839087,0.05353289316066382,-0.007515632850436031,0.051565067662292276,0.09052671855964568,0.04679294104358005,0.03899306481778744,0.1354370347598186,0.10300938514560007,0.10949225726100295
2021-02-22,0.13167967605923458,0.09849827280748673,0.02431507389614202,0.10818852080592248,0.09462695301688369,0.041539887900469585,-0.045442059054190916,0.0727843157010501,0.12250695120817781,0.2624274039539872
2021-02-23,0.1275521854369313,0.059376004350826295,0.06269478900220085,0.07673228676220337,0.11985488530417929,0.07889276836670592,0.03549638499134408,0.08857248755770752,0.13455213413878522,0.09326152114491466
2021-02-24,0.13877663129945736,0.06178975686880482,0.09520972044591168,0.05038032080443187,0.09896259304703789,0.08600140103026817,0.04970981666113625,0.09884015033663758,0.1350507283147457,0.09149140262174427
2021-02-25,0.10799570369565198,0.06921921291253655,0.10292629007892493,0.07260743609184347,0.08488339141263207,0.08131534314952808,0.024122049292326392,0.138123690327645,0.16679294208424847,0.05163583465344932
2021-02-26,0.0570286172785828,0.05473240809449413,0.08582839427225705,0.0935825962834512,0.20098115223711605,0.08213034242767489,0.042778337708192386,0.11705700189178155,0.12236613891099059,-0.0017316657866934884
2021-03-01,0.11702913611335296,0.0649247720629961,0.04211050929912635,0.06346666772126859,0.0555323991357299,0.0900203952198691,0.07509270777910575,0.06529771647264737,0.12445300275711381,-0.00876878621353467
2021-03-02,0.03756650007111031,0.09572746115652131,0.043575408609078346,0.0487670692679192,0.06943423958008103,0.06946947507499827,-0.0009404671703188358,0.11530931821914495,0.10926278636249306,0.051008038283250644
2021-03-03,0.06623172126594164,0.08394830743768088,0.030318822269101382,0.08763300311421461,0.06794588109736144,0.07995267565327516,0.03752884466239061,0.12105594284193677,0.04540713535277315,0.022548536463881823
2021-03-04,0.019834458619810355,0.0665672145121149,-0.01811964879029605,0.05432011836402858,0.07197076038474036,0.02919640376719644,0.03752884466239061,0.024747262813261478,0.06223406798595514,0.014665796609718782
2021-03-05,0.06701880574654023,0.023501105850440476,0.0532403927098883,0.06243850782159245,0.09150821808564615,0.03058304397657443,-0.09996013437095426,0.21128276809671276,0.052833836409871625,0.027642171035995432
2021-03-08,0.07697955919345081,0.04789191543821542,0.0664713729177033,0.08568844965883941,0.04276890155542479,0.028057038906189907,-0.11140889063196102,0.08202225702810116,0.05192329285259234,0.022728114023996954
2021-03-09,0.03160903946230055,0.08123921670740647,0.06491263373951413,0.12025035506429041,0.07111650405327549,0.08414762324125905,-0.013679044919758751,0.11334319514015588,0.0933207688107958,-0.0024849842783902145
2021-03-10,0.006954934853804617,0.07506836669382652,-0.005026727302760987,0.06548340613393994,0.044990245754021795,0.09404139060154687,-0.04557527037775669,0.11334319514015588,0.0670284292071972,0.012960315909134667
2021-03-11,0.04549770579168239,0.08187451710122824,0.008545957493302834,0.06891059587670335,0.07307166277172307,0.07849641574552509,0.046099819748162206,0.07858286475013589,0.04606955634361648,0.07335687727275646
2021-03-12,0.03884485543960559,0.0777180907658982,0.07006982938944842,0.08269727931161648,0.03469450232976044,0.1298109051408686,0.07800488588106484,0.007269881031445813,0.07627061133794164,0.07335687727275646
2021-03-15,0.06347877454464233,0.05765571130424959,0.12988701105808256,0.0973540491588263,-0.011230856298932673,0.08026605032507485,0.051303535176327214,0.13577977726292792,0.04191371008115535,0.11423508900962588
2021-03-16,0.10134522469642822,0.06879642658378546,0.027354892988782662,0.0957019924525731,0.058528106258816756,0.08010768621797035,0.04076402707374033,0.1368236055745115,0.04949676713432699,0.05453189818342541
2021-03-17,0.04121572545481132,0.08804578438919029,0.08127919681099124,0.1315232792296425,0.0605568537066387,0.05407788653279192,0.14271962747025027,0.11696894693285481,0.03384862158809051,0.050680547166289426
2021-03-18,0.06523950457226671,0.10085218959279355,0.08442502009621639,0.13843051948642832,0.07786212857004579,0.029940369234871082,0.01754490111854139,0.06594646631491098,0.043875737709258976,0.050680547166289426
2021-03-19,0.07473862371044618,0.09074568195075125,-0.02285577415867949,0.059006458088856406,0.09142402134962038,-0.009583776509529787,0.01754490111854139,0.04998097754327398,0.13498277050849417,0.127945360490824
2021-03-22,0.16448825894761437,0.07710854987192939,0.06310626524267073,0.05964272583410385,0.1092590941792796,-0.0022504857907737212,0.07901777879877125,0.04998097754327398,0.09102730852238025,0.127945360490824
2021-03-23,0.11029614075736022,0.08630503324795294,0.041838513384457585,0.09095488337297546,0.034769000925708865,0.016223261707999148,0.09689065730078378,0.04998097754327398,0.10028684702833647,0.127945360490824
2021-03-24,0.07188343252052222,0.11953992916354556,-0.0046980574844467165,0.10638912814849061,0.08038455592885556,0.05255133462250376,0.04051271024664736,0.04195378786135296,0.13990928690777987,0.047548432107786316
2021-03-25,0.10416650135511563,0.09555764186300218,0.07690512237441291,0.07013596977564125,0.09568016174099715,0.02149864809756095,0.060986190464811324,0.04195378786135296,0.06841648538950029,0.047548432107786316
2021-03-26,0.09259618935308689,0.0845216218790823,0.02230850996359401,0.07649550568682945,0.11845344116066475,0.036074895925570276,0.12080564549518424,0.0544815597983871,0.014177934704111314,0.11284782563544143
2021-03-29,0.05325360963571028,0.05911405775921791,0.11764061700497903,0.10995100054061129,0.09283698228461686,0.08335715067652127,0.06936402639157858,0.0544815597983871,0.04483667869162977,0.11731603706616217
2021-03-30,0.0846492422696232,0.06012970288730046,0.13227768206594115,0.035320000360407534,0.12992819100606426,0.03122624137310811,0.06936402639157858,0.04973758683908414,0.043903619127753174,0.12197355042362763
2021-03-31,0.10772449484641547,0.06995646859153364,0.18430766837650625,0.012020983146254596,0.07217193888987167,0.047144329144497246,0.06936402639157858,0.06416747677574314,0.07076911971375158,0.03645250303401853
2021-04-01,0.07591179667802295,0.08841320128324465,0.1587321955843375,0.021535655430836395,0.09742294363341039,0.10394075305718369,0.10714498139831892,0.008216251448738348,0.01829281686225251,0.0866085635996974
2021-04-05,0.09212599538331424,0.05148713418882976,0.0476638573787619,0.06734777028722427,0.09945196242227358,0.08626180408390689,0.036752151267453875,-0.020022499034174437,0.054722206385612204,0.06301035159385922
2021-04-06,0.08651440740922792,0.09226697834810874,0.03185282287743061,0.09695958013361267,0.1172526376349725,0.08769882442327384,0.11027455637846409,0.02346834764702117,0.12419802403845213,0.04786855552737107
2021-04-07,0.03478292598427254,0.08134230774988331,0.056860227416036836,0.05909180342240844,0.09960665258752655,0.10284113270796565,0.10556162560422729,0.14988500064388371,0.08316619353815474,0.10557967839086635
2021-04-08,0.05916204146651055,0.05411885164691843,0.0035393602272091595,0.10931328561493896,0.1499445413572485,0.13411366909210024,-0.038008172461512106,0.15421223176468077,0.0374441290254365,0.18207634224450633
2021-04-09,0.06714020786455635,0.10466909157413609,-0.0037353360934141155,0.07722066263218152,0.09098862584276195,0.07044483556812746,0.047940974711958156,0.09992333376258915,0.05410125393135028,0.17324677094251037
2021-04-12,0.04235005637434623,0.12184131949557447,-0.028656181186296266,0.09140663223097817,0.024991080041197714,0.09576928088004336,0.047940974711958156,0.0666155558417261,0.10066351222131793,0.0546944209396761
2021-04-13,0.04492645563981603,0.13074869331092165,0.004196593477552293,0.10424287819027264,0.05336962766803642,0.0625517180549,0.03689832789510664,0.22317369892720143,0.045245374565570706,0.11710755380611065
2021-04-14,0.0952393228394177,0.13378690665172555,0.010935508113848781,0.11981221793881425,0.05166055184917606,0.1283747967602743,0.03689832789510664,0.0680548996803601,0.08254479583802989,0.15803010128109418
2021-04-15,0.10973030118069849,0.10567765999003924,0.0030447962951275142,0.12326492926126227,0.024540826841132894,0.11096937537406651,0.11436423120904668,0.15539879584116023,0.0695162729730952,0.1413206443946727
2021-04-16,-0.00029483462632206735,0.054713320876608414,0.00787616448892553,0.1681985864354334,0.03217388456075527,0.1053093119284413,0.11436423120904668,0.08627917375328373,0.06033376531539681,0.11496133085621014
2021-04-19,0.11692640096834458,0.09172436669551673,0.05492546502005667,0.1625847424898053,-0.015512039463686862,0.09924953714181267,-0.051416534747353984,0.014389296935383822,0.04009269670921051,0.11496133085621014
2021-04-20,0.048393225032340975,0.09680607484807571,0.060489565281006456,0.13709828070748925,0.00974594100074112,0.08709003131142841,0.044043693398078454,0.08938107898096845,0.058948899525025404,0.10470667012666966
2021-04-21,-0.00023377318494442457,0.07925621921088645,0.07833527948217617,0.1451755204716595,0.050826451172771625,0.07560372515383484,-0.2072503273021867,0.08938107898096845,0.05547256978963148,0.09593987951849825
2021-04-22,-0.04675628076203814,0.07918192391836876,0.06230352654429515,0.14876606927155334,0.06475653665071794,0.03005202679386946,0.10285468549101127,0.08782933241094393,0.0550127211248313,0.09687638647348566
2021-04-23,0.06843689481857625,0.09424678143515162,0.041633148961734916,0.12471904618103556,0.0420343577671453,0.04673335119591297,0.17842208897481876,0.11236157863628328,0.1533701474165542,0.13191199252615737
2021-04-26,0.048966818767939714,0.07432036311842763,0.03271283538602858,0.07207044696133799,0.09810052526790486,0.1355950498774884,0.15611233867199273,0.14925862831441503,0.12275349571360022,0.10126652645532064
2021-04-27,-0.010056115618907738,0.07537109175215435,0.025124112479574613,0.08178108589294805,0.07929416847570955,0.10139739590959355,0.01541336630819005,0.10602749217364969,0.13026234785756993,0.1307375657121162
2021-04-28,-0.037815008738172236,0.07302299045621431,0.0030932309210168238,0.10696252776331729,0.08298889009491749,0.07845055844008006,0.08507310506269727,0.10602749217364969,0.10373896573356323,0.13374726603029968
2021-04-29,0.010360255337142835,0.08098562085596957,0.07444514211889314,0.09058668517554486,0.07983770450772276,0.03366079906335638,0.3852364185878003,0.1512939487440543,0.08413117196090363,0.1100537329090887
2021-04-30,0.09291981252110437,0.10075257013085803,0.06363700846540034,0.1617978489559241,0.10964167602102153,0.016748353221724764,0.05954289486409858,0.12210043741754228,0.08265530511679288,0.1014544781459412
2021-05-03,0.06373435955082962,0.07954146996914686,0.047083839955162285,0.1243246095979495,0.08329424555247589,0.003807886990383555,0.06417397709564839,0.0993458073906227,0.018887662665093587,0.026227490155604643
2021-05-04,0.09665168512959703,0.08948648733762918,0.07079350550292007,0.08724648971987506,0.07864660814609506,0.021328925934507876,0.1373352902328506,0.16041232026123267,0.04445069591791562,0.06576984996167229
2021-05-05,0.12858875928422514,0.09000029286988538,0.06883001309027735,0.09535138997198019,0.1198310720973967,0.018886611014823133,0.12531623674326123,0.16041232026123267,0.11587162438331462,0.06329095926047736
2021-05-06,0.14153975529988755,0.06341863987920458,0.03716831211596495,0.14351870497459876,0.16677738139826448,0.08371418768571907,0.2815071043246366,0.0924314105110521,0.07330886069998753,0.05804594785091957
2021-05-07,0.024702890311251318,0.0780956299283869,0.08529886593919889,0.12309246998306583,0.16402976219232618,0.1106197871379343,0.13272985242846913,0.054344165583690755,0.047252700543615585,0.020086496332801438
2021-05-10,0.09914129959249426,0.015691027768044766,0.05062946651408867,0.07961234109982168,0.11348127671342767,0.10050557295641344,0.13272985242846913,0.054344165583690755,0.07171039244843751,0.09118264056357132
2021-05-11,0.0883244542644693,0.037354103287537854,0.07242736683627249,0.040726988490000504,0.11228933796696468,0.09986609450639261,0.17994940491435074,0.054344165583690755,0.021700229587216957,0.08164844627697314
2021-05-12,0.09215408062075733,0.03967117996946968,0.0747578488999833,0.01863699010587082,0.0712497052396419,0.049499293684648206,0.16836981643954574,0.39628829954638495,0.03948793929411326,0.08164844627697314
2021-05-13,0.08114049819161599,0.021861314162141043,0.08759412148887775,0.0013991616404859727,0.12954598144454435,0.09823260716663702,0.12301321095969715,0.204200019604532,0.06356029113524594,0.029043956688720424
2021-05-14,0.013931841801245478,0.0959843220875467,0.07194437337604011,-0.048514711700609864,0.06965678830880871,0.09015640565878547,0.08350880730646476,0.050390172239768015,0.025835220078930687,0.1640232217830564
2021-05-17,0.050297636231492755,0.030494205228993702,0.028353082252386547,0.009504751290612765,0.12210382360510863,0.047369182536975835,0.13046296395295778,0.050390172239768015,-0.003708389125075875,0.07678249471732533
2021-05-18,0.05998405157565566,0.03574386065672224,0.05721393930770073,0.05155086663614614,0.05271086747726776,0.07732182641819643,0.1590839540238467,0.0825903540562244,0.007536111943839843,0.06447074293879733
2021-05-19,0.020642701050437105,0.05943544336596711,0.02274311447492478,0.08633989690942845,0.1066907436469388,0.07820636464383748,0.16891729771546257,0.25091702202061555,0.06056153714338017,0.0945193370747948
2021-05-20,0.01847457919549945,0.04498122993589369,-0.00821709035005015,0.09863566527774421,0.05792036365168511,0.07830265749621065,0.11712327283937256,0.024152962481640335,0.0318578970787148,0.06411064624702373
2021-05-21,0.05562288486119151,0.062004708846151356,0.040632612736722966,0.10133322755420544,0.06583493702216281,0.158415889876755,0.0796988485595817,0.024152962481640335,0.07321699091475342,0.0667639298838387
2021-05-24,0.061700018478889576,0.0599436741366534,0.01781702006153422,0.06535043286966001,0.03459172283227768,0.11492407214075967,0.12622448202329273,0.024152962481640335,0.11022382727650229,0.09174021712131604
2021-05-25,0.08698867898592638,0.06518315416998803,0.05359426502590216,0.07018065820777752,0.05915117520943646,0.1311313617197895,0.11492703410199934,0.1246022520892136,0.05148009707682085,0.06988868863124693
2021-05-26,0.09723079140590839,0.08297444946867039,-0.008665181146288604,0.08361383450907552,0.024248356572851012,0.04585348322912597,0.08519225268782121,0.17699316805947574,0.05868551612452125,0.06680015303912863
2021-05-27,0.060776174254237834,0.10649230591472311,0.06702976202664877,0.025993369066805036,0.04264275207886467,0.1393698968155177,0.03163118739997585,0.08675317746679817,0.11046073155066602,0.12918790543151087
2021-05-28,0.09631662581248016,0.0880113215464406,0.04076965594964762,0.008009468266758914,0.02027016080662896,0.09297279175445829,0.12952159397036675,0.016762427769617925,0.08699257103377733,0.14479605043386662
2021-06-01,0.09256397276387565,0.14447699214207152,0.0600287555031265,0.05402311644218407,-0.008826939219329637,0.09272352783630554,0.11031065070872308,0.044113683731228134,0.08902004735585155,0.15469462463622705
2021-06-02,0.1387416065357428,0.15483897766736393,0.0748062420270026,0.05527087478522619,0.06000204978905621,0.09086151855753702,0.08166455130860387,0.06727301258231265,0.05483009216250099,0.12310106308611886
2021-06-03,0.11986943430448474,0.11768027082586166,0.08336296540879697,0.12703569620391425,0.10078020608660793,-0.022138980508235567,0.036158523549538746,0.02245183045025716,0.07514556408549801,0.05712889157160187
2021-06-04,0.1141349923082938,0.11599129166168556,0.12723114835343366,0.09336435302483173,0.05596997823627535,0.08976695356750838,0.03824563004860337,0.060409582782624295,0.10271324863404685,0.06986416749001374
2021-06-07,0.14577106833966177,0.08703730555223481,0.11061119355627545,0.09057090734377071,0.09923209651637528,0.11681685793389449,0.019570454910906105,0.1559036347620448,0.09279883242269792,0.22480264190345225
2021-06-08,0.1352918233375523,0.0666179259237121,-0.0032081398089659984,0.055660818788374346,0.02489792817755575,0.1673924886225963,0.03700302101204896,0.21856908984136317,0.10270652245947916,0.22480264190345225
2021-06-09,0.17943085424816627,0.0281799113958401,-0.00023198464769874869,0.08356590590940075,0.040836213609189126,0.11693123117428661,0.08971870820840133,0.21856908984136317,0.2060445039399285,0.05615568015247041
2021-06-10,0.04153032186061609,0.02722478028872719,0.006828850642945088,0.13674614453690181,0.014762743752163968,0.1294330179548259,0.03219124589952773,0.10202205524866581,0.113546930982998,0.11053354936193979
2021-06-11,0.07862512503164151,0.017657573741394157,0.020284790304503073,0.08955576692557926,0.07017364963756093,0.10668590085877282,0.10638100094674559,0.10393974690233283,0.11986357898866534,0.13985435336560845
2021-06-14,0.10835410415910329,0.022131160272040547,0.025474288209475365,0.13753997936687878,0.04775509588530098,0.10670900266359783,0.04619074894875777,0.12877423200916246,0.08882571932577689,0.08926295362608463
2021-06-15,0.10646590816371013,0.02647019150411169,0.1136831136722181,0.08893369477748736,0.08256719094520609,0.034017112886843,0.13841761161184657,0.04511535788829591,0.007135062883851261,0.056998442877230514
2021-06-16,0.05806640506733566,0.05269788585478491,0.08236952449661235,0.1334224438948496,0.11826954093153379,0.02103906230882388,0.06336036915541562,-0.01925642807446939,0.004161400163894713,0.08420281704078385
2021-06-17,0.13213927920179433,0.05999081842559213,0.084899091471271,0.12348607370767753,0.11198860016023462,0.04719738224993436,0.06191042542937559,0.053686698976508816,0.03567608077048272,0.045083670177953
2021-06-18,0.11695844458889397,0.02709379843702894,0.04906821708987389,0.06370993802734057,0.06958875667000283,0.025751886219178382,0.03446137509477908,0.10927029172474917,0.03601207305610108,0.0009217274741560958
2021-06-21,0.11166271886993785,0.1175173414852112,0.062393441785132085,0.08419759711654072,0.06767534732181703,0.008520563126020632,-0.018149573123961652,0.09164463729607798,0.037107702249629865,0.04173458535145949
2021-06-22,0.10067432951053866,0.0827977250113048,0.11715184083640129,0.11152448834270508,0.13189040762635407,0.024589634676606353,-0.01525506346741313,0.09164463729607798,0.05452031340451516,0.02007080538076295
2021-06-23,0.0669011367354305,0.07399881667420322,0.13019927905764514,0.06930958019994402,0.07651830515551089,-0.046812195281729474,-0.024779390660924085,0.16680221831113373,0.02983768654925041,0.02007080538076295
2021-06-24,0.07943658540304652,0.07820910000502437,0.21745841054795048,0.08943962798279417,0.15430857118331956,-0.02690813018781965,-0.024779390660924085,0.16680221831113373,0.04184401325505582,-0.1237454393030653
2021-06-25,0.031032723602031007,0.09699773333668292,0.10768719164823914,0.09362371925275574,0.10320735896484125,-0.014317109950665563,-0.025909590332305353,0.051636693418518606,0.10717908954082245,0.18555694800409755
2021-06-28,0.01894734294984615,0.12147126666889971,0.06618386365418857,0.06271344453975222,0.11224837687315162,0.06539130431514696,0.0020558309617813367,0.23160147887408913,0.18910412934792606,0.1706931490450931
2021-06-29,0.08103164666389247,0.09183661164170034,0.03999583483382317,0.04536871968806196,0.11971206217344565,0.0578053106067205,0.061570553974520895,0.19378987480494833,0.15027655513467789,0.20206823223406403
2021-06-30,0.06886675739163393,0.06134155061827641,0.13932388988921546,0.10365665042272287,0.11803325063456321,0.11145480943713318,-0.05201330174991164,0.13435991653663223,0.16670242564534082,-0.06002187291484808
2021-07-01,0.14435245312555933,0.007329700412184272,0.1136788854342643,0.08148959523487076,0.14864145376811147,0.0728674598172958,-0.05201330174991164,0.21272327769108815,0.13761529214761334,0.06822759971706463
2021-07-02,0.055591506553400345,0.014727578052567294,0.1466760015881176,0.11272218423030628,0.22667119934375568,0.10900330654486386,0.03270652277686518,0.17129916169170345,0.11804168294887941,0.2033526308958826
2021-07-06,0.1107060993462868,0.09118369744406157,0.18382733439207838,0.16678411844006458,0.1521339317863628,0.09991082099224129,0.05413165518139141,0.06799358502872131,0.10295679651005037,0.05195173314470975
2021-07-07,0.12146793581900114,0.08806806604996177,0.05874728541286144,0.11715545396004307,0.11321618729738123,-0.007915331293108247,0.03217597697169632,0.06603763649437074,0.11998638057912529,0.11797645468019746
2021-07-08,0.08183869700343653,0.09784982181108562,0.08276432140103554,0.12571732644955252,0.08241915426677365,0.18007956130986316,0.018973647577454594,0.15646127076130464,0.1453186981638613,0.22339243399664857
2021-07-09,0.036669573653254774,0.08935654787405709,0.044378436489579245,0.06923189492423598,0.07031001484556137,0.09401052292838524,0.0037713033788820604,0.12025540385366172,0.17143835012944433,0.2171563258420932
2021-07-12,0.09402882371882987,0.09728936524937137,0.10307851321527503,0.11496672271492137,0.07448167656370758,0.04727937840640965,0.0037713033788820604,0.0871198600566187,0.15215225386699782,0.09317894706483672
2021-07-13,0.08959291713847654,0.05541216942550683,0.04346131563710844,0.09751003736550312,0.08459524496653689,0.12704764857762826,0.14029939892331317,0.10611291745642226,0.12347661326466093,0.12620620208008776
2021-07-14,0.07632194475898438,0.09464894628367122,0.06581277500773029,0.09496310931434226,0.056292150314456176,0.0710873212739744,0.028347829011487854,0.1288491314896392,0.10562117788133192,0.11871925411194062
2021-07-15,0.060563762271132554,0.05387085307800303,0.03755975027381492,0.11671979723520252,0.0731552080723955,0.05359238981369472,-0.021991516395044274,0.07963537232786787,0.13464994770610764,0.3045410817762883
2021-07-16,0.041141633217436906,0.03839723538533536,-0.004247331130649816,0.06777313871934569,0.04311411082180652,0.022871079021282093,0.03008047207349928,0.10940977589916843,0.10621666362555957,-0.12574874296036745
2021-07-19,0.02608793320972914,0.07305172278060164,0.12815479423938933,0.14878605446133805,0.15294274054787102,0.021678806558633572,0.046992077649491544,0.06474911627486997,0.07884562193241257,0.19003768785942465
2021-07-20,0.06913940662316131,0.05198097542659964,0.037960529492926234,0.07013250241517807,0.09245091862141695,0.05058960873060628,-0.001319471403961751,0.018319621959220066,0.022095593193036955,0.08836956968406084
2021-07-21,0.1485332457761196,0.04651640039695161,0.14520590855083973,0.13248689289690843,0.08020072286315683,0.03355471473047352,0.01916277248413721,0.03239020591731798,0.02394914546202464,0.034299131689856786
2021-07-22,0.06013160331584973,0.05069019351187933,0.13988171681167091,0.1445894455178569,0.04654438009715111,0.016865902523055296,-0.022663930760940337,0.05083120739689692,0.04745121602230214,-0.04410373209595902
2021-07-23,0.08256481887723315,0.04535103399096989,0.14722614454111396,0.11273896534873265,0.04246052150190929,0.013743204678079712,0.04794702562021395,-0.00514986849835394,0.08846200558025381,-0.06341222262979085
2021-07-26,0.09343742554778507,0.059914855993979915,0.1836308136512791,0.13459764356582177,0.0600971678567691,0.12733023835996876,0.05476822154209499,-0.00514986849835394,0.08325294817536019,0.03820626625450293
2021-07-27,0.09490988819759368,0.07692032066265328,0.1930055380042418,0.05739570872486766,0.10205005157170081,0.07096411076944971,0.06391831965712766,0.1751681205050111,0.0740427507066504,0.15189080834482455
2021-07-28,0.026858872618962765,0.051507644330657736,0.12699655956535263,0.06698840899118161,0.0556052781310852,0.0725202361037954,0.08843114344307197,0.1751681205050111,0.07171751695986771,0.14762173367698722
2021-07-29,0.00042458262445841007,0.07019757671431359,0.13288856066860866,0.09538237860531566,0.03518407430961236,0.09386003697259152,0.08843114344307197,0.02151766577422627,0.08863905892562608,0.08713707412743116
2021-07-30,0.05857224268024481,0.06683170754069336,0.07245324201520435,0.11487225584793256,0.06046704214065947,0.11038043734033894,0.05127147768573231,0.06128965601188081,0.07881040147327177,0.09719157684446705
2021-08-02,0.05350742104608913,0.0654736780430019,0.08677836880112971,0.0011442636012887024,0.06769971968266926,0.10306195822689264,0.13561574923785685,0.044006799583089395,0.08467772047327893,0.0674922720803103
2021-08-03,0.021773418610703144,0.06700473493154585,0.033070304100178555,0.13939486014170105,0.06960219526835024,0.0886398402410774,0.02538339728041133,0.11866096175597957,0.051321310818427446,0.031050756900116428
2021-08-04,0.045424779073802095,0.10304291234568877,0.054745755136598295,0.16855098428610818,0.052484817412031114,-0.01701973449172813,0.07947204677007692,0.06878681842350708,0.07834892943450718,0.1797986095283135
2021-08-05,0.011656106069997372,0.04143841316184047,0.013096626646383917,0.16278537657057907,0.05301227780760505,0.13889519487607313,0.008941778323657118,0.025765994593483707,0.0441249581732735,0.12523188163421653
2021-08-06,0.05538311807216229,0.10085287198661733,0.07579132971058106,0.12708380660260826,0.07451406482568634,0.08690264168941522,0.03296643921491279,0.025765994593483707,0.053893345979289006,0.06039278149946244
2021-08-09,-0.03846032645654634,0.06579809103489206,0.047127989433987,0.09251758327077719,0.08346302519072776,0.0163593924377984,0.03658608928560717,0.04666647673918245,0.04170695287508157,0.03542356879108151
2021-08-10,-0.005896991054587273,0.08365393886662215,-0.0286863864794936,0.14143676639119615,0.09656436115238051,0.09086866180021407,0.009425654095167458,0.03257703535212325,0.044692135250054374,0.046326309334438674
2021-08-11,0.07609594044660503,0.07347717523623976,-0.05394888337651571,0.1203417167099311,0.06176498755719884,0.10414021897792047,0.03702543606344497,0.11489655588633212,0.034854307900136446,0.10183672955180682
2021-08-12,-0.027055329760859254,0.08551132419476686,0.016782526683196686,0.10626448876645755,0.08982255242507918,0.02288000822859329,-0.10011867645796685,0.10729307293555118,0.023236205266757633,0.07348974113189366
2021-08-13,0.08360526557446343,0.08051255384059078,0.03132993608301959,0.10757180461175586,0.10143880815252473,0.1777138686966546,0.03718978750681621,0.23436851282117196,0.10039163528575087,0.07493558083645353
2021-08-16,0.08319886833631876,0.09273801834986753,0.06615760013431425,0.06399760690919808,0.14306848224371294,0.0026908343830353426,0.1008969181888921,0.23436851282117196,0.061306831780132666,0.07764647149205191
2021-08-17,0.06270742338507684,0.06242572568353742,0.018057246885626394,0.04116759591407051,0.08701851675875251,0.025493527194669432,0.028291637082477138,0.1039103309997917,0.05094455452008844,0.035655289284675755
2021-08-18,0.08983496169196056,0.04612055796956519,-0.026466835409582407,0.0068994687046184345,0.027405677839168342,0.039881703402786094,0.027424643416552534,0.00924158084128312,0.045512499045233176,0.17358833881673866
2021-08-19,0.0436228383333995,0.06965080124529437,-0.049984556939721606,0.023379120768797904,0.07720449926141064,0.017831508945749766,0.12266815104226146,0.10972042501544989,0.08087233269682212,0.17358833881673866
2021-08-20,0.025078965733763853,0.0545656801706779,-0.030605227702354867,0.033930905570292255,0.031803160548505974,0.09459485122649063,0.08514094034584578,0.050147475069808656,0.0647186979883576,0.17358833881673866
2021-08-23,0.00585094475196814,0.08292855856530455,-0.08384935646542706,0.04495790357936033,0.14930769527949633,-0.09059878733836284,0.05318614140405742,0.3595526723649653,-0.0009416862855907218,0.13652510611137234
2021-08-24,0.04766816577390624,0.06111099947074254,-0.04114471489270999,0.0384948934036284,0.08158035686960671,0.01718851495500662,0.045584840883352115,0.1327476814376715,0.12722041461585815,0.095294903513319
2021-08-25,0.07572057686085432,0.04231805042342481,0.01860146662736631,0.054746983988326045,0.04488427792414393,0.003243876633034882,0.03413444281523402,0.0420316500465391,0.06036512676228035,0.0013780838236941522
2021-08-26,0.15248477987595743,0.08708515535544555,0.055374180336085085,0.07348819175552374,0.04525069464644367,0.040146126738582914,0.06309981213966818,0.01764756798024262,0.08040701720677448,-0.03806561691797934
2021-08-27,0.10573789174925426,0.05797962889978039,-0.011414536185026795,0.04465409485442724,0.06972322120112845,0.06453160829293308,0.051350843033495595,0.01764756798024262,0.07318643493961431,-0.03806561691797934
2021-08-30,0.14046206628302957,0.03819302468911976,0.05243331026180295,0.05465007203555762,0.13918995746222484,0.09224221928908442,0.09261141831830073,0.08469890390156384,0.07722806940294608,-0.041649272254585853
2021-08-31,0.11920012752201972,0.08328337349175546,0.058088410600485474,0.08407973349161273,0.1156038370665183,0.05648279150389409,0.1062786760115287,0.07637604445823382,0.10711010182418629,0.0012721121147454978
2021-09-01,0.11788366563377894,0.05227796328021793,0.040920051511434755,0.08912764796705443,0.07169648112521891,0.1069342341890347,0.10622174147480035,0.20700957227439973,0.07082622763642894,-0.010957021713036835
2021-09-02,0.11788366563377894,0.09509086440903418,0.07075576917810034,0.10944562085284301,0.056669830365587676,0.0675059672982093,0.08137527153376163,0.13534490864810392,0.04368495490149752,0.044383861834767925
2021-09-03,0.11252440805609705,0.06961957603057983,0.12381239821336538,0.12446837189711246,0.09015755682714414,0.03752959400543074,0.08053083340758624,0.13534490864810392,0.14101086802979104,0.02369092127243959
2021-09-07,0.07418767556528287,0.1079912614165302,0.06877854517445235,0.13907563087286848,0.09015755682714414,0.00786225233097377,0.08053083340758624,0.02404935728630611,0.09546313714766673,-0.00750719177913655
2021-09-08,0.08513697502153343,0.08947935295346011,0.12500807406397693,0.06356596858753225,0.05276112860986189,0.05678006482804823,0.11415210163955425,0.07840358697019863,0.09787366797177602,0.08978946763101016
2021-09-09,0.07520767283951414,0.08259567974675117,0.10213802528903425,0.05508397905835485,-0.005280358704536517,0.09458781982191174,-0.011951585127086205,0.0639900200190612,0.061199426832725945,0.1674204756033006
2021-09-10,0.009213658614040573,0.06810823094227857,0.13586832199732152,-0.0003097282468110613,0.03702285610173756,0.03864864430436859,0.11604467094198614,0.165424417377216,0.0632631537146793,0.1674204756033006
2021-09-13,0.007112392367398794,0.05885003311931461,0.12212835887684526,0.022814241312924054,0.04799289779299787,0.06167748087915945,0.0505859574532651,0.15082105484757238,0.044572935809786204,0.14720628118858592
2021-09-14,0.11052008682567309,0.0680971985207552,0.10607383114711136,0.02126088309750493,0.035347665843573475,0.03870716696819874,0.06465332225338054,0.08711518309942748,0.03752373498430193,0.1253068294313116
2021-09-15,0.11605483963644864,0.07762091012494791,0.07791989555196797,0.033946814659344904,0.026392751118200657,0.030778852052873232,0.10024871416795256,0.0519744714867064,0.03469693443397905,0.10139077047489828
2021-09-16,0.01794375058011936,0.0749878289721875,0.055290841997199566,0.03999176532845216,0.04661216635966617,0.006451099618823751,0.10024871416795256,0.035359397098466146,0.034663660265576005,0.24709042330033015
2021-09-17,0.05198485224308265,0.023972552648125006,0.023229170035150126,0.022270229510099975,0.06487199979533301,0.0071227354792930886,0.1919005767203422,-0.03030927114112522,0.038220107202626086,0.1114522206439467
2021-09-20,0.045538881157827754,0.08269637556905873,-0.00878685957054729,0.06396411568294144,0.027113632771955786,0.004748490319528726,0.08273889504600943,0.02386293880500574,0.046007849246195165,0.02476660135224078
2021-09-21,0.09728970272114353,0.08291754251720858,0.06941879850466655,0.025517346963230804,0.010520199625748307,-0.019045885595893482,0.05027735925346686,-0.004843855833433011,0.05720273283079678,0.11741545354425585
2021-09-22,0.03369489536862351,0.05436153628131366,0.049277639579905184,0.0034175646421538697,0.007780266794594817,-0.03225103252206324,0.11148145164898103,0.08371195159415888,0.07502213934751531,0.053351066049495875
2021-09-23,0.06188015607370432,0.09483991307643135,0.05033898194215902,-0.010135581818418112,-0.042495920275086765,-0.018163665600079846,-0.003036998702996433,0.01583598340625772,0.052863648453899105,0.10376737736633058
2021-09-24,0.09085010404913621,0.09842819601920819,0.07557876573921711,0.025313167582910426,-0.031150467457007294,0.02704644515550233,0.016558422955102684,0.12262398466468455,0.0305374323025994,0.24967065087227114
2021-09-27,0.03357829945724944,0.07074542620684969,0.0033700490957323526,0.044190829748047486,-0.0459153327438032,0.020829570420718656,0.009350153738157532,0.007431296367214505,0.07196051042395515,0.24967065087227114
2021-09-28,0.08915420910789798,0.07743353686558205,0.04034104035620462,0.07283338649869833,0.01037026653682496,0.041097181942933,0.050558271442945,0.10258739338290379,0.07417100694930344,0.1802709145208568
2021-09-29,0.06010406482364591,0.08936513568816581,0.029388471348580858,0.1035565433800846,0.03821528880232775,0.09299989846462033,-0.02649448570470334,0.09285835394098423,0.02808211574398007,0.05258467961614218
2021-09-30,0.013728674149708263,0.1545649984175498,-0.016944397563639562,0.03695906697232861,0.03899630364599629,0.10445411887778216,0.0180922724976479,0.1715664229307373,0.05892751162033788,0.09777535052274605
2021-10-01,0.008828396775841735,0.09503715437282742,0.024823892157813564,0.0838269311015237,0.02582588831844184,0.06918216549916217,-0.024945446183876372,0.0939582589572405,0.06156051850834106,0.09806642245280221
2021-10-04,0.0026057996220925587,0.12231048871467824,0.135087972965893,0.09301052952595305,0.02515807100569623,0.10829571871020621,0.011351493921984326,-0.011400428700871462,0.030027012338894033,0.1988422750965965
2021-10-05,0.015584051284669807,0.08444976624209774,0.10726881395074893,0.0926340965313876,0.057602400222736515,0.10663049054774042,0.011351493921984326,0.0024388393048269986,0.04514753203545317,0.03499437328753913
2021-10-06,0.019514879197120503,0.05727662193917628,0.11051043558627352,0.08843453353189962,0.04586032805868656,0.1107758825873825,-0.0481677773343527,0.09403449568318141,0.05674279913474656,-0.005771647895688798
2021-10-07,0.025210953888104765,0.08020085907056196,0.11727160492783693,0.08551487623617227,0.05593965794007122,0.007069465247950625,-0.023752581615977913,0.08519168926301762,0.021804873296858124,-0.005771647895688798
2021-10-08,0.03177970092260869,0.08088538460207635,0.1031011281354404,0.07000283313606492,0.09584910827298761,0.06068529573981984,0.02556494558934806,0.015266673262724054,0.06769539987733554,0.01629626726766257
2021-10-11,0.04075335817828654,0.0985434592778485,0.1015035432745933,0.08969188875737662,0.03179391790771787,-0.023747089175476,-0.008859140177226521,0.18172241693976515,0.06715848880711257,0.01629626726766257
2021-10-12,0.04719018619130092,0.08134161838613205,0.05119839392909394,0.09092726649759174,0.03663104948701485,0.1052893789638617,0.05831327949604788,0.1286020217553626,0.10762300291090049,0.1357276669492166
2021-10-13,0.06152817157726518,0.08524902693493602,0.04777076970721813,0.07903184894178089,0.03095668897688352,0.22977361088407475,-0.029920405056277046,0.048666943728853884,0.09955698454848753,-0.005565176842528354
2021-10-14,0.07702491905863212,0.047573712506270946,0.08911617160781846,0.12141231424354922,0.005431299772006601,0.1569951184022349,0.012396891668026683,0.18438946208490412,0.09631243414343613,0.04114224884921902
2021-10-15,0.010236453516301343,0.1050347507898298,0.12274943626206412,0.15379326505125504,0.0029853407948142443,0.150452013291586,0.009032074532157347,0.10802853179461154,0.1032136547524318,0.04729325473665407
2021-10-18,0.09077313190449736,0.08196022513613237,0.13726818875834249,0.15115783807649805,0.04316752712291491,0.1493194301388173,0.04603498103754963,0.15958568786307437,0.102909330809797,0.11587880907897091
2021-10-19,0.093454711789491,0.06758978079617374,0.09655279250556166,0.07967555871766538,0.04996379237843726,0.141585365033235,0.02100117919413925,0.14206324790634242,0.08899234248537895,0.14281919691527
2021-10-20,0.11245656287583913,0.07723780525300472,0.09027786167037444,0.04627855717889608,0.06802963854276017,0.13888766999303367,-0.07612082387723541,0.15084872034376928,0.15623600610136373,0.1341692848554766
2021-10-21,0.046856514953878964,0.10788145350200315,0.030445709560617512,0.04172604820717879,0.06736600559326975,0.0672155480794538,-0.014029072641572363,0.11453034336049726,0.1719206707342425,0.16222008423413523
2021-10-22,0.07820906198801411,0.049535778552339274,0.01812473411785535,0.013380413266781766,0.06457844817329095,0.04240647649741365,0.017819440007201297,0.10022358942620696,0.1286713916006061,0.16222008423413523
2021-10-25,0.0586398958203338,0.02479718570155951,0.047589011373205974,-0.0023624706380792736,0.05794796496039774,-0.010001295726298608,-0.015490747935144067,0.21267059197224958,0.11995251895682109,0.10628571480486354
2021-10-26,0.045934930546889206,0.06642812380103966,0.054035433034881966,0.04576654545912009,0.0421659783537342,0.0401845027076282,0.02914081648532771,0.2041303946481664,0.06760470272291183,0.15380761736631626
2021-10-27,0.10412989715122616,0.0669085269784709,0.10374841078524444,0.09541907964597325,0.021546960964262018,0.10729244624952991,0.020038195890200346,0.17867884828207456,0.07934905877181893,0.14230661034603886
2021-10-28,0.04649079375396049,0.07554762909675838,0.05252052740943737,0.06960623640127893,0.017238659829966342,0.0807171863885755,0.12160260712073954,0.14315954772601291,0.05177139783433884,0.08302651961087404
2021-10-29,0.06341884477613194,0.07043645247937111,0.07947727280526394,0.05968836694307696,0.04097834754171715,0.08082838941056547,0.03266562696938192,0.11203550896982123,0.060368809282531785,0.08436297260411413
2021-11-01,0.09740768127277877,0.05457687109735852,0.14200835663599895,0.11219804088811758,0.051918990581426794,0.13133900771859255,-0.03651112308834472,0.11738520470029164,0.02489186963353395,0.047521602559764765
2021-11-02,0.07664866899730674,0.05976599607367398,0.08314701568702562,0.14393369392541172,0.0977373972313077,0.09271032444036441,0.05846883509034232,0.09266791424463887,0.06187659650830102,0.09715969963457938
2021-11-03,0.06428601818778515,0.04922166404911599,0.07890460651532123,0.12478853404551257,0.06737899578902777,0.08342594633322957,0.016295063697113712,0.0853989713734868,0.07818947703728005,0.0445140612474379
2021-11-04,0.07028684545852344,0.06728618873115669,0.07721307747087433,0.15814101723578947,0.09536377497046297,0.10574124794191474,0.016295063697113712,0.0849819298070452,0.0916896513581867,0.057168839194502295
2021-11-05,0.0914458017342537,0.06852968137632667,0.0783419468554884,0.11781401560896047,0.08419982914694937,0.08772479389677891,0.015773489840882702,0.08038954075471598,0.09175395030167562,0.06350791938537768
2021-11-08,0.07991833209607892,0.1343947875842178,0.15258531022216143,0.0995248495249398,0.19852525261785983,0.14689817939638256,0.07376124387361799,0.08038954075471598,0.06570596686778377,0.09041828047932157
2021-11-09,0.03175786815277033,0.11414330283392297,0.07834336147645654,0.06796097580339831,0.10643506255845739,0.08200435318971885,0.09564328561462372,0.03902925676916356,0.09346631124518917,0.06286700434229618
2021-11-10,0.07281370315381286,0.09785647989221372,0.059424239491338314,0.0576128727578211,0.10000018951036692,0.0728117562931459,0.10400411167752749,0.19289633413092816,0.03300296005384132,0.045255935694093634
2021-11-11,0.07962410478933803,0.12762457648212755,0.014926749621220356,0.02384132372755418,0.06389008415236536,-0.013475148582347182,0.21208051889612944,0.19289633413092816,0.0777878625935462,0.048264882204000034
2021-11-12,0.04794755368298517,0.10484211765475171,0.01834776052903673,0.05820947169470523,0.06181209247404522,0.02668948427843522,0.059533761457946456,0.1241914200770371,0.09493957891877401,0.054213501651496354
2021-11-15,0.0343903351848702,0.04012363399205669,0.01834776052903673,0.0901558703765859,0.0725754802071051,0.05853465618562348,0.0904381996912423,0.11161295787387213,0.06655346927918268,0.1453159463848492
2021-11-16,0.062435555493756636,0.016092405117511477,-0.07161544442220118,0.09727276934289834,0.052481989317666025,0.07308213190152676,0.12317844974080168,0.11250456294892024,0.080464118408344,0.10478933837669768
2021-11-17,0.08046362584387845,0.03262267947222601,-0.008206305644585101,0.10179939096246456,0.060492283173917576,0.08370517126768451,0.0779937635894149,0.08619695631739004,0.10116315679801194,0.15346291947845558
2021-11-18,0.0485415497117521,0.042621867836748074,-0.03995221963607261,0.0595970877093122,0.06477263322705616,0.058886780845123006,0.020683488123387578,0.04108192440632991,0.0807164714356901,0.16302527965230373
2021-11-19,0.06407093476496102,0.078976959510213,-0.052987110779840516,0.09879710609192241,0.03498673058462474,0.09397775577817373,0.07616644869679406,0.14967147661274147,0.08656998478854434,0.07965172658706073
2021-11-22,0.04028822200660788,0.07284941745125312,0.04080726214586857,0.12433907072794828,0.04717523272910988,-0.007098452602353389,0.025214504502188196,0.14967147661274147,0.07223694237420156,0.1342608324018535
2021-11-23,0.09437818006756428,0.10206462750718463,0.1394265248697351,0.15614076507080588,0.04941890515273992,0.0753633867007786,0.11065754780412138,0.11821871660092009,0.07841334093318796,0.09398985727584912
2021-11-24,0.03761956218809224,0.07036417168436919,0.07431942740550247,0.12783696838053726,0.08142615701044263,0.10035976931896524,0.1477104372428719,0.11821871660092009,0.14427956062212535,0.09075199784960286
2021-11-26,0.023280847180614878,0.05898305890069056,0.05758076828710337,0.11253436780924707,0.06628973643682567,0.08798028642936573,0.12634209555004894,0.3307247008466974,0.1023023894913459,0.08118150120361417
2021-11-29,-0.0069368511227691386,0.11016204573766271,-0.011575296023663079,-0.003094140168318854,-0.01162039226488227,-0.012235189659956562,0.06744067999814769,0.08739649612039406,0.07980539579196058,0.08118150120361417
2021-11-30,-0.03904325117281545,0.08039249513823979,-0.07266842325484806,-0.007015697640334644,0.05384044414455273,0.05677433958334287,0.047301304241982846,0.13587684544644169,0.11040229038863218,0.11324299856640191
2021-12-01,0.03780879640850072,0.0700506400669331,-0.08189561550323204,0.020728146017554683,0.06816842978534361,-0.04135730651553625,-0.005946574152518287,0.08354301710630634,0.06248171211093998,0.0933853338472786
2021-12-02,0.036744249064067105,0.032206974222459175,-0.03485120954275681,-0.01632706932163021,-0.0331017605390968,-0.001388425103791081,-0.07714129981864189,0.056616770211573776,0.04329114140729333,0.06663536313565989
2021-12-03,0.014749109645851476,0.0693012844567542,0.003667209511177999,-0.01197730563814763,-0.025469247151707605,-0.006981172291416278,0.019286470638992703,0.05184567955319887,0.09717419528162989,0.05663022158506751
2021-12-06,-0.03500285094276512,0.05001058897842606,0.0004386726776529175,-0.03628379006887268,0.031532974889113725,0.09983090502959084,-0.04637864814490064,0.053028488438389317,0.06305219947428424,0.054499848277596435
2021-12-07,-0.0009277084935253046,0.06270788005765487,-0.06599082620671125,-0.020055026712581792,0.06316876979791916,0.04081454672645948,0.07173077157642317,0.015099442266771568,0.059669432429916236,0.08393541042645647
2021-12-08,0.06093389476565306,0.04887969781621436,0.006119158348373831,0.018182258494067217,0.05944933867969358,0.08045913722292328,0.0735264790251746,0.05424248960547906,0.08700641900556508,0.04130852135925436
2021-12-09,0.13162259651043537,0.08372745214418291,0.06216964900897759,-0.01167049433728852,0.10254622383708178,0.1367212301265267,0.1268016904997654,0.05043723210716157,0.06371019045180865,-0.09434622186559581
2021-12-10,0.0772381874733914,0.07533147797236081,0.021018965410209638,0.010085225997363209,0.009033656044243244,0.09384529727010837,0.07902346296071192,0.08380702291962426,0.061708495505161366,-0.09434622186559581
2021-12-13,0.09348336254179677,0.0790038490643048,0.09286175886528376,0.013196414476527049,0.050758870194570614,0.016952054835037804,0.14912287956674428,0.008944156712929108,0.04547335161327121,0.14353081033232082
2021-12-14,0.06492557502786453,0.08161741921521956,0.03819529912858072,0.06716177347116827,0.08007535790749151,0.0460204822908046,0.15248239247854353,0.030235849521021353,0.07042008930704928,0.00731288620135127
2021-12-15,0.038410313870053274,0.08342383503236861,0.01658619115346879,0.06264285087845647,0.06734023860499436,0.07352974249585374,0.07844263754977684,0.15232232010468016,0.04255839287136619,0.09313397619872882
2021-12-16,0.10864802679393264,0.11689089002157908,0.06566878734352137,0.05168037280785987,0.03683527779127287,0.03539337240353359,0.06847355390116443,0.10932919974255945,0.08359257937456159,0.08587596038948787
2021-12-17,0.06001499299689028,0.09703996378873392,2.2019356728211932e-05,0.056322331871906585,0.02116775165899014,0.05533810344318109,0.05336096622893153,0.08106331833184921,0.09233713624970771,0.03558621071062553
2021-12-20,0.05450780776681673,0.08894009506754907,0.06965978529174877,0.05600414527636384,0.02093873158279432,0.021535360898207106,-0.01866422314541875,0.10749585171506704,0.02193539242044007,0.0009086562053859121
2021-12-21,0.01986160373629954,0.10468753949701863,0.01804836319984611,-0.008360549659087205,0.04334875478943456,-0.012113884420258316,0.025897332683778154,0.13047721707918136,0.0014815949469600465,0.06543167332979727
2021-12-22,0.008120743819648606,0.09849846897510836,0.04590814947720592,0.050305459307979195,0.04972504287549605,0.056082104843647604,0.025897332683778154,0.06698995856161934,0.04648921144612152,0.14513295132166681
2021-12-23,0.02027345976994514,0.051628145983405566,0.04718953420374019,0.054954264577505935,0.08338748462023148,0.06518671122020878,0.025897332683778154,0.03636043859677512,0.12893614096408101,0.012755575180873504
2021-12-27,0.06591660374710927,0.06743325691216644,0.023057441995869413,0.06633539120687344,0.10385986928624283,0.057265916915712645,0.022552071723015252,0.07934358322796804,0.10600520508716513,0.12218835991468224
2021-12-28,0.09762533419959152,0.06759467127477763,0.04947363197457044,0.07642803858236005,0.1601241394063774,0.09627688380676658,0.06056635544393248,0.08477442196905577,0.09332015642024248,0.0833922399431215
2021-12-29,0.05269773197559926,0.10080236441896934,0.0400425780356761,0.11330998377983316,0.17129997837357017,0.07394574397457182,0.0924540271650093,0.03203768400691392,0.13025717077028784,0.06266532914408585
2021-12-30,0.020318195893709534,0.11326928461264622,0.022800451657359586,0.09524891785449564,0.17976999218518483,0.08595997149474906,0.17447949130841445,0.1584951597963221,0.0736682265238896,0.10248655640802755
2021-12-31,0.02325586478374933,0.06715767444142094,0.039587575410485354,0.1162803468017794,0.16248288470971273,0.08342288584628124,0.12357082739354458,0.13463444906435865,0.0976871352087473,0.22536096133032718
2022-01-03,0.043598390065020726,0.05154067184983617,0.09631344052246542,0.1066006305336337,0.13688940967910507,0.19182805247904547,0.12357082739354458,0.2299918625151636,0.10631623299630773,-0.01591229203026643
2022-01-04,0.007116062795949157,0.03668178123322412,0.06345734695367229,0.1073068959294323,0.1191172099615581,0.1486128873877739,0.03667496913994533,0.1326947552205796,0.1767881573643959,0.014203992154655861
2022-01-05,0.025879458530632768,0.038338230600908234,0.06338763469853498,0.14561035392801303,0.07203116524576139,0.1280734198736771,0.03944655698068719,0.23867427836239088,0.10001506313360622,0.08237637855496195
2022-01-06,0.06183943357127557,0.03142594877604184,0.034881846262689246,0.14425155251184646,0.06514161016384094,0.17459028014247638,0.1170307719833874,0.08058874728201014,0.059788107745636455,0.16681703605879533
2022-01-07,0.04084997037396458,0.05499107696180568,0.0035049372414121286,0.1149807108377385,0.1152473998651448,0.05529992384849597,0.11311096906110496,0.08408912784382377,0.06328340516375763,0.20468797248057827
2022-01-10,0.03602831358264305,0.05992282908564821,0.05012551371649698,0.1143330974126725,0.050532794451816375,0.11365812397521813,0.1438944790803883,0.037342955914873834,0.029545769617838332,0.13644453528291547
2022-01-11,0.0295945304836668,0.06813599716820992,0.09950845618684405,0.15443593759765267,0.09400615213084436,0.14967598037045735,0.15982359330386742,0.08631197060991588,0.057352560630048545,0.19595201431627218
2022-01-12,0.0011163536557778652,0.08031066477880662,0.05064230184871487,0.19845229173176848,0.0868774519431998,0.1347056904006257,0.09592965272025887,0.11727215364023652,0.09805918856818052,0.23150637059562368
2022-01-13,0.05251801354829636,0.08666255429698219,0.121068900819119,0.19986779044744163,0.07258972214303405,0.2312154673729549,0.1091323955359116,0.0684468363686128,0.10907668126767589,0.03556390968880837
2022-01-14,0.049017296667764415,0.08783336953132145,0.10853809509656558,0.15281036823480235,0.07107314809535605,0.1610903790644526,0.11751487060676498,0.10343132104101327,0.13777224253823897,0.1797477150528112
2022-01-18,0.0544313965874604,0.06192891302088097,0.16177478925294178,0.135044592254215,0.10262209873023738,0.13937708288386028,0.20660620936945867,0.022788056550442543,0.11765736804136566,0.1650177662624769
2022-01-19,0.041061180824880236,0.06885859780257643,0.1626707942001005,0.14603034067753598,0.11929162137571381,0.1485800802994635,0.13124571662346846,0.051930371381465314,0.13378499139265648,0.239291725561059
2022-01-20,0.04523945388325349,0.061315954090606514,0.13726719613340035,0.16105839030157934,0.10003841425047585,0.15433977797810933,0.07627630348160343,0.15507100979522748,0.1184895100772177,0.20455337259626155
2022-01-21,0.14789661088605624,0.06254201172178,0.16226547437300567,0.14597162528041796,0.06286827616698391,0.13103400269925855,0.040954144180004745,0.15826579117916745,0.14274673601895735,0.15779137518888206
2022-01-24,0.12052692011959196,0.05730395552693831,0.12642906624867045,0.18358354383773898,0.05971129522243372,0.10578170370672141,0.030563873897780938,0.22550588758017565,0.09287616423104818,0.15036343723602805
2022-01-25,0.13045503740330225,0.06990775342007527,0.08739347547870882,0.14941142874054397,0.03467938200014099,0.10530235700152286,0.1008290426820245,0.16066340187584252,0.08523702080303265,0.1077690495153817
2022-01-26,0.10508573054894457,0.07096105783560573,0.04568704875206714,0.14483379108482378,0.02238228567795341,0.08589726766416254,0.10819934155542923,0.1902120088322754,0.08064412497979954,0.15253992822285678
2022-01-27,0.1634004967891496,0.07577331960282213,0.10171978917043982,0.11085474961210476,0.043312446404349884,0.07900412047176056,0.06286424686170894,0.09879097617652548,0.07134885236368803,0.09968673996619214
2022-01-28,0.12160759036530788,0.05487959402092903,0.14740007312217357,0.14223826164616507,0.06702873087338454,0.11643130441547177,0.09536085466756009,0.16770046773900493,0.08353836090108246,0.1656689048558617
2022-01-31,0.05241489439693827,0.038328221378022345,0.15587402238741457,0.12964845037705267,0.11218740788384365,0.09425914913704789,0.14264721956541918,0.0668662907496753,0.10297050172799978,0.18140600032893456
2022-02-01,0.05225145340748265,0.06606817190044831,0.1456264205559163,0.1106967446958129,0.09250312906541959,0.07452693275803193,0.03800120222323406,0.1303793009594232,0.11643450115199983,0.161505624380383
2022-02-02,0.0037266832240360594,0.030186781266965546,0.10107199609026557,0.08114905201943082,0.12349239943392645,0.061484700983401634,0.08192302370437826,0.1128053095007527,0.10560367978034557,0.19527041625358865
2022-02-03,0.014044614212849433,0.025066346241469094,0.16400562247600864,0.11171403467962056,0.1154796313686494,0.07027174510004552,0.11288228714910886,0.09418261882985189,0.09366405062019661,0.1993421495703079
2022-02-04,0.006666092014915493,0.01870200860542384,0.1316950446136354,0.13539602311974702,0.12999864313465515,0.08773114748503935,0.03405854709696737,0.1962561144671545,0.11462539882616282,0.2312155734431488
2022-02-07,-0.004240827545611896,0.038295783514727004,0.14973725196464582,0.13295369487859465,0.09681909542310344,0.08903676814140582,0.024840586253202804,0.07416432420651047,0.1127672805478374,0.207717326739877
2022-02-08,0.02500122608070318,0.04536546173709073,0.1377477182409808,0.09682301880795198,0.14179738454665186,0.09569285144694464,0.22212011357428452,0.10115864415456713,0.09124867361103446,0.14648429719847328
2022-02-09,0.05108970627602434,0.0812367320671514,0.12845811069812343,0.12984460604913323,0.14547920874538695,0.07890460357769247,0.07910939407023314,0.12361265741251981,0.09556177447084838,0.11992817534400389
2022-02-10,0.05075113751734957,0.0716614245527041,0.12644831597448764,0.1268812953961268,0.17389346942535597,0.06297726395578206,0.04062761645721817,0.06910165262960608,0.06132528554466814,0.1873339343245225
2022-02-11,0.13764681420755295,0.08687132996405256,0.11759482969727746,0.08389586359741787,0.1225044240613484,0.03529731679999083,0.033424249628482595,0.11448441960667959,0.0420726903631121,0.1245283317541658
2022-02-14,0.08725827455621891,0.06058914061095568,0.11703903230550212,0.06183260607892134,0.13119183826312117,0.06455043342221611,0.014254379360748977,0.0005616072981413471,0.03052568246429695,0.11594955450277722
2022-02-15,0.07579773859303483,0.06328858051312389,0.16482667259634382,0.030124885534095702,0.08795995566747761,-0.011407575679436335,0.12636958624049932,0.1324629536276385,0.037575369506112496,0.09219636966851812
2022-02-16,0.0669685265106898,0.1010594240457863,0.10631179760391174,0.057770701467174924,0.10941275341734923,0.009737917872109697,0.10372954868376728,0.1395381254753935,0.04990226812390071,0.12220424644567876
2022-02-17,0.08111029342510052,0.1274076160305242,0.11509475395816338,0.052846373729488784,0.10915503005601059,0.031213602149877628,0.05689194578525705,0.24852378338026693,0.06283004803031289,0.05535829442436243
2022-02-18,0.09720889013288267,0.11372974402034948,0.09898445591768491,-0.006803366023673404,0.07062730519724078,0.01853068561652509,0.0669209548039317,0.14601120614636828,0.05305684683502341,0.09732839689506698
2022-02-22,0.1284587692503108,0.09689010712467744,0.09342074838956774,0.009301089317551066,0.1070427087042535,-0.010293431811205496,0.022746591156543945,0.07189857918931189,0.08023767566779338,0.042920769857516916
2022-02-23,0.08796725681491896,0.09154745236883258,0.06476539475971181,-0.016611365025494446,0.08641085342188327,-0.02427142749765023,0.06533153546841408,0.1194659191884504,0.07648868457217972,0.04784794819026235
2022-02-24,0.05691221334955425,0.08139719046811061,0.08643942622091841,0.015101451094114812,0.06806593875332707,-0.056576867250010605,0.06250342106303726,0.09157139869835193,0.09174912304811982,0.057011844783049215
2022-02-25,0.028888919327395107,0.05960979364540706,0.010626950813945607,0.04413106833943369,0.0965730059237326,-0.06690680038889596,-0.005689847350804543,0.18455078367036207,0.0846908042543021,0.10583979631710609
2022-02-28,0.15557549064335446,0.058756529096938036,0.07379051345207036,0.03541703381960659,0.053294495206732885,-0.04537076250438852,0.07042290924539747,0.04986804855015871,0.049602886255742246,0.14853745378839087
2022-03-01,0.07656153460020257,0.05671052855546784,0.06911306105797575,0.030777080086086928,0.06222812608956016,-0.0035882075802500593,0.013357286211456057,0.14178972446725738,0.042689932446502744,0.06600598694945593
2022-03-02,0.06605367309171202,0.056114003163962686,0.05950310900105653,0.004962974025645252,0.06784403825324323,0.003784519953038124,0.049721794363346804,0.10780593741474875,0.02289662163100183,0.10290474275844896
2022-03-03,0.16362535769866304,0.05751753650084285,0.07623239012768848,0.037296943001223826,0.05215318857478017,0.04724387901546269,0.230799349232084,0.11487310124740209,0.09804729998022527,0.10507544748901532
2022-03-04,0.049446769618944925,0.0547656910005619,0.06418642858329414,0.07509587866748255,0.0014491043758643098,0.046165363788086236,0.026057897968922068,0.13187405095900392,0.06047280109260782,0.11457103394405553
2022-03-07,0.057376486710353086,0.05952036542894603,0.1309860389784833,0.04630732188943281,0.05403541404865695,0.06680267695005113,0.044282051986940324,0.1984718052224368,0.046133565807770296,0.07315281548747102
2022-03-08,0.11650003865580036,0.08060068012723384,0.05194136641462497,0.038111355618596236,0.09238138714354908,0.1427479889988411,0.029894220351875618,0.13444559379595378,0.017449020062323052,0.06846564642931101
2022-03-09,0.0470074524595846,0.08477712008482258,0.06690142946160182,0.06895965374573082,0.08142370254014383,0.07114176534478756,0.0559174622947927,0.13613516719862792,0.05605002141664864,0.022054960417054088
2022-03-10,0.04512328248973879,0.047090627675596,0.07350895297440123,0.07778567827943808,0.02739002391565144,0.08723847848382664,0.03022981499053644,0.029856675586685474,0.03142466134342941,0.033913374211835
2022-03-11,0.039214119267665326,0.037530640672619554,0.04865451626864844,0.05392140456724444,0.03833065119223742,0.08769873168763045,0.030622052994505357,0.052221148219780314,0.058226577647756364,0.010191564245080284
2022-03-14,0.030872380314790174,0.02554420489285748,0.028937547882802662,0.08403676163674915,0.06234666348309793,0.07491248779175363,0.07895980522583212,0.08165929545495185,0.057570829542948676,0.12467327089615808
2022-03-15,0.07474467644728788,0.03080723183333356,0.0577953837737203,0.10361541898931556,0.06543156375026912,0.09981165852783576,0.06879324015234616,0.11048961367948443,0.06941810858418801,0.03903399081322701
2022-03-16,0.07611494861146038,0.05821037677777793,0.11830564473803576,0.031779575622506676,0.023612469766437973,0.06825630232078965,0.13922882676823078,0.13669725526935217,0.0972240714274577,0.002847533341804655
2022-03-17,0.015945008927590834,0.04185914007407417,0.11412353588596322,0.02156881249806038,0.04682339254270468,0.052520088697782075,0.18652242577451766,0.11717562944838555,0.1318351131184127,0.006880068932903187
2022-03-18,0.020734229710542017,0.041882204493827235,0.11501332968980368,0.04826907178724969,0.03134040993164359,0.02532047701176534,0.09771664163448705,0.12904993402837664,0.08884835295123059,0.023571743758624406
2022-03-21,0.06704492023601055,0.043700517281599106,0.0903968498114083,0.08658215448641152,0.041342854346899785,0.07387567530929025,0.13311718913633488,0.1052437281861525,0.09726290196748706,0.01747794925220748
2022-03-22,0.023367264290367454,0.07181667818773274,0.0692257353721077,0.07896721410205212,0.08986760883942778,0.029977406911056558,0.10377981333112615,0.1269385965685461,0.09914749020054694,0.02354130860780389
2022-03-23,0.07265396382422266,0.09312081177524117,0.09353026802584957,0.009648315912395098,0.06271729478184075,-0.03490157755178739,0.15323508298748204,0.11222637646570253,0.12786623156226937,0.14520240580515142
2022-03-24,0.10546190745974486,0.08822808720564902,0.05781684535056638,0.11476028343304517,0.029686388169000533,0.010017636295707929,0.03920692062088157,0.214714801783383,0.10494953821323008,0.0022597842102966806
2022-03-25,0.07268502163982991,0.04840810551861089,0.06472584561832631,0.1134110163733783,0.052009890844708966,-0.005948559929845509,0.08835610016723904,0.11993389860596672,0.09580731762777887,0.14621988310270673
2022-03-28,0.152207343625232,0.059386237012407264,0.08201467485666199,0.12347022701387549,0.08309019290129839,0.059497432804667336,0.21815859276400817,0.13867396068559593,0.0704593228629637,0.09952490256018055
2022-03-29,0.08852960478736593,0.06328161832573181,0.09756830175629319,0.10766935769179002,0.024216768887967786,0.06756252102980784,0.12319718471619974,0.05935578541520953,0.0974393898451504,0.13031881528124312
2022-03-30,0.05812641156915878,0.08470718999493233,0.07406547389813485,0.10943123846119333,0.022640215489564693,0.06305280962706912,0.09869069009968297,0.0720752854322998,0.11155784401547633,0.16279371854776872
2022-03-31,0.10977805433187482,0.050812534215597914,0.10765789372028575,0.06782616021718878,0.0026558562863681495,0.07252723890818985,0.08823305276439895,0.11269677621870855,0.08919250149263991,0.20957914569851246
2022-04-01,0.07827221548016572,0.05995446674547798,0.05381376649556925,0.0676580084981558,0.11545865272409092,0.13613979456104733,0.13590108579063342,0.1299564111075091,0.0864072232173155,0.07145795725947406
2022-04-04,0.06577770724793891,0.03230542525984246,0.01848106655260172,0.12494777301538214,0.10588917400860112,0.07878216155000767,0.20456538351509476,0.1146985373851303,0.082820806154201,0.017183526263069043
2022-04-05,0.09707580017479242,0.052966297200803245,-0.006514474150117365,0.08236672047179322,0.06858016152129376,0.09982450884958506,0.13625145854470525,0.15155035117415105,0.08082916316712815,0.14636268390327878
2022-04-06,0.061598540950026495,0.03966594416561486,0.017138683899921757,0.05095043494827802,0.10059655212530694,0.05301856145527893,0.10836314230515814,0.10974125284901418,0.04474179402246826,0.19855523362259675
2022-04-07,0.09323383210708755,0.05079062944374324,0.05627745068195808,0.05805558754331783,0.0584508813947495,0.056074451986666204,0.1316835296374265,0.1416313534267508,0.04308424087270439,0.19324117225816714
2022-04-08,0.07077797475125282,0.02542656777731031,0.04825594949466183,0.05290957773174504,0.014312914542749992,0.07086998713912121,0.18358864108144887,0.13666789275291663,0.04237271533273722,0.13414089537743892
2022-04-11,0.07301827372845246,0.03343848962931798,0.1186390038600294,0.06399082959894113,0.07719108125985473,0.12755465300925203,0.08264102938514221,0.10992504596744479,0.10635470633434285,0.13414089537743892
2022-04-12,0.056444397687414764,0.0518310407052596,0.14349753035113072,0.061945672113579806,0.0941261652843476,0.06448201888761709,0.0781563451003387,0.11074663873121234,0.08964883841092944,0.17238806155655415
2022-04-13,0.06966331499615122,0.06485647620156938,0.11011590200130177,0.07575555287185591,0.0750435546340095,0.06339128302294705,0.1380581302306795,0.1482033712023544,0.07307065417871486,0.24430304173366907
2022-04-14,0.06055037734356655,0.06610939856319253,0.1407120042301322,0.08840534104726538,0.0962329253115619,0.02935658099479876,0.13743191576398528,0.10874122767607666,0.07163210278580989,0.23069069588104532
2022-04-18,0.010533584895711042,0.08143682126435058,0.10383506923672704,0.10398300831722454,0.06081329092156144,0.08414795058151507,0.12583303229988774,0.12752097463521558,0.06988584630165104,0.23106153901167656
2022-04-19,0.07017609361688934,0.1107639919540115,0.12675196583540646,0.14280103151884233,0.07903334948350933,0.0846126104296852,0.15310702153325847,0.11361011840154482,0.008776453089989584,0.18624439903167075
2022-04-20,0.038876506855704,0.10505905019156322,0.16811596863137476,0.1701048781554187,0.04038446622398649,0.06324661748746832,0.14132329516967868,0.0694825318374073,0.05676607983777084,0.1381932166369761
2022-04-21,0.05157761644614555,0.06423714457215325,0.1731739790875832,0.12432325210361247,0.1077548126806923,0.10911943561256136,0.13596322560861093,0.05389670794307625,0.044296564054926824,0.08832782162576286
2022-04-22,0.09606115922186355,0.06738187415921329,0.139661185452915,0.09536827918018609,0.09338363854558418,0.12186517929726315,0.08134500904038769,0.037807901858545157,0.04189920757243817,0.20730096593412844
2022-04-25,0.06276696329076618,0.05875077324899934,0.16900466993761148,0.12803196389790183,0.13910352785808547,0.07702567508706432,0.06790265581810467,0.002495431355775325,0.05001613838162544,0.14021931062275234
2022-04-26,0.06756636885696617,0.04630380438822178,0.164807898284526,0.09671530926526789,0.13812392937934442,0.06996045005804288,0.09816855706802312,0.07298365483603785,0.04798461606394078,0.1273730555007528
2022-04-27,0.08027554997960257,0.06107586959214785,0.16176114402109756,0.09254309506573416,0.09996035768146774,0.03139006482946004,0.05110165732902774,0.06368374748365112,0.04824063293151608,0.15990703700050188
2022-04-28,0.09328588252608425,0.06304083898735782,0.1897354683872326,0.04833162869812434,0.09235023845431181,0.03859792200751881,0.11794422270647854,0.05407565217113358,0.06676819973212182,0.13211708482312115
2022-04-29,0.10541403628023407,0.06351778154712744,0.2042193598772027,0.11188919519522242,0.09736038119176345,0.06591536070342524,0.09111537599179341,0.1309160549013343,0.08032062326595193,0.1429586543390983
2022-05-02,0.08357902068751767,0.06733155566345292,0.14985014115270304,0.11178255217474237,0.12602203190562006,0.09805446269117239,0.09024547643104137,0.07526088190019334,0.03916288542091251,0.1765488451824251
2022-05-03,0.023434285336818,0.05106738631531782,0.1310824604117105,0.038986645276771335,0.1054850212704134,0.10151519734967047,0.08569115518764929,0.09436645855167586,0.07467919634121441,0.09114278281340595
2022-05-04,0.06029512878438722,0.042490257543545205,0.16372490807748263,0.056870958732505215,0.0431501273130924,0.10038385173960782,-0.04368719566027791,0.12045889812904592,0.03713636898938103,0.15097222173801045
2022-05-05,0.006143692082654172,0.04592137942516541,0.15334368610890836,0.052761961100412626,0.06203839332363689,0.097652215546996,0.016503271536306763,0.09293422565076098,0.03431032289647578,0.18334282410754552
2022-05-06,0.035591295798545065,0.03729012596598329,0.20230738168187212,0.0858315802682543,0.11950975898556009,0.08053436592021955,0.02484129702742912,0.0673430447493871,0.04128019692423086,0.1689616464958947
2022-05-09,0.03286238992157031,0.043880782390020606,0.1643284449307719,0.024108831289947303,0.06548373036606085,0.1294797500480749,0.09841088501559797,0.07853714203108461,0.04824421858440787,0.18395644518622145
2022-05-10,0.002488259947713545,0.05116012765395313,0.1481167375227293,0.021848810796600348,0.13137485205320157,0.06573096060386473,0.10262299663780342,0.08436922592641821,0.031398698429491285,0.15970638012414762
2022-05-11,0.04804577383745952,0.06915897399152429,0.1258550814773683,0.04409747108662246,0.0835866420634414,0.06851091052079894,0.10973217000476358,0.10625392839538991,0.03490639724359248,0.043783738887203945
2022-05-12,-0.013212633785809605,0.005422732661016202,0.13983769683549874,0.07056493457999435,0.08218665026451649,0.11205161981925231,0.007066338179085591,0.03467038482608462,0.0343598600671569,0.08263378435884657
2022-05-13,0.031466343250848995,0.020608063604076167,0.11269254151131888,0.034220172334795164,0.04047387795412211,0.07681364541665137,0.11402057296616602,0.09668105695660684,-0.000564220272689054,0.03671095409599334
2022-05-16,0.12429802415300394,0.024202994783669822,0.0734082224030788,0.06320285487516197,0.019474723323780505,0.08102183111437639,0.11594356108927537,0.07427930960523707,0.007420620828308305,0.08975592122261701
2022-05-17,-0.043460404945572295,0.01834021874466877,0.055213022253578804,0.0219459508691556,0.04640238130529549,0.07758239724900526,0.15817810659803125,0.07052648418126915,0.026062191663316654,0.02160373547951993
2022-05-18,0.009979341815999195,0.005889726484643247,0.10265379919484648,0.03075952280165929,0.05339824901197972,0.07695226483267018,0.05792806242090317,0.14744823089919443,0.039392779790196446,0.09768585973743156
2022-05-19,0.009276227877332796,-0.01685598426884548,0.0788496831467749,0.01033190408999508,0.06320816557811353,0.028989009888446778,0.03959615909819466,0.07231973204131838,0.0399868531934643,0.1147075852681976
2022-05-20,0.027270346727360856,-0.007895418083992222,0.14006548991484427,0.04633193605999673,0.06219227733865765,0.07587274291152218,0.04987391464189509,0.057879304255800026,0.011043082916191717,0.050308235917812444
2022-05-23,0.013368971461638578,0.007867396225578683,0.10324699327656287,0.03881734679785501,0.039968614206211416,0.069683371817558,0.09931290449296049,0.07199627422550223,0.07523302951294124,0.01282769115973341
2022-05-24,0.03981219959502022,0.014803555040654942,0.09607688848490328,0.04997988711612537,0.10346240947080762,0.07273424796801764,0.15277804743975146,0.09723396059477925,0.08554591608298004,0.09200414141768287
2022-05-25,0.07414606108242033,0.0563218700271033,0.1122636293603059,0.07701859141075024,0.13125536612503436,0.10733052370646491,0.054055088202072055,0.170186672042388,0.08348838849976446,0.11254722259812314
2022-05-26,0.07798785024542308,0.033715437160926016,0.1136746161736553,0.03701693546316041,0.09077441075002292,0.091139982068977,0.03968540903398903,0.13372840362075117,0.04894478425236823,0.04808700832259923
2022-05-27,0.08360190016361538,0.0197618469961729,0.1092856806573879,0.06670900718120142,0.07059718962338028,0.051399578845695175,-0.012628763915889045,0.04132000288578393,0.06577231230859637,0.018791825649129533
2022-05-31,0.14415657476080487,0.03131789799744859,0.09879632678746496,0.06385933812080094,0.02210188758202077,0.058660144684619706,-0.04138861584136136,0.02346671317593007,0.055598208205730915,0.15091132226433587
2022-06-01,0.09287179332425688,0.04146141347978054,0.11619466352375565,0.042206225413867295,0.10084478972704798,0.07360827628285246,-0.012064227769826715,0.12207177525337982,0.10398010176678356,0.05037401369727053
2022-06-02,-0.0009003400108728715,0.025895942319853694,0.10420858520631329,0.08707858587579421,0.05544597781423145,0.09256433389209692,0.012307483638757544,0.04257575424649318,0.1089686245128136,0.13491121641038376
2022-06-03,0.0373643112872384,0.023874405991013578,0.12657172347087553,0.04584947391719615,0.012433599067570264,0.09266597479887748,-0.06117511483870782,0.06367169304691822,0.11150801136068214,0.15328192170149857
2022-06-06,0.07128795006850415,-0.031159363067662926,0.13232637120280594,0.034801789969931926,0.02172543458410287,0.06956542977430671,-0.011138904153593886,0.05458979568097533,0.08976184884362937,0.1761596607959011
2022-06-07,0.04995408750655782,0.004036432125761303,0.11104232462146821,0.10755319033913227,0.07013221999722259,0.03495519447300254,0.015827751738230592,0.06527997390028549,0.07533512145130847,0.10722495904911926
2022-06-08,0.15192196444687084,0.019070552245182816,0.10493363733748887,0.09016568244831039,0.053982081534802044,0.07992260261181307,-0.03438983217451294,0.05278753798517749,0.06861674763420564,0.13356200885965067
2022-06-09,0.10250680216136725,0.06202700333417728,0.10756247780171216,0.09640040349004249,0.08236786637896232,0.012198088914310777,0.028907178369959,0.06584994738239242,0.03635121821527144,0.07934812994775671
2022-06-10,0.0796893248680712,0.04830134187751588,0.12117970112241033,0.10530343682046332,0.0332254860126246,0.12764994647859845,0.027320582095631287,0.14701511568329473,0.028189423565398046,0.0765601206518604
2022-06-13,0.05742754991204748,0.054366621857737864,0.10393484267960977,0.08480822347796202,0.036061435119527516,0.015160792765902091,0.0010465385359209947,0.04593031804607606,0.028964893488043136,0.08205821629878432
2022-06-14,0.07435836660803165,0.06630077820818887,0.11081912221602074,0.09034416064264923,0.12726917406044505,0.03525043374991917,0.0686929147472022,0.11829922622633271,0.038297235870335636,0.05972233386600889
2022-06-15,0.14692239737262444,0.07188463921452297,0.12273323425512495,0.03756759915859154,0.08191700318394943,0.07944228916661278,0.03777479620869818,0.10233058288649548,0.050666808040541224,0.02545932384549061
2022-06-16,0.08664182732821013,0.04711235311015789,0.1386720781752458,0.057229510550172134,0.07431711323374406,0.09916849580804489,0.12768295374471827,0.07992312167548825,0.06771087202702748,0.002260271666353874
2022-06-17,0.09122455155214008,0.07239453170306823,0.09501249656127496,0.049081895922336985,0.11790537446263995,0.0689754416498077,0.09491971061981636,0.07614526457060915,0.03925439087516118,0.02480430347497037
2022-06-21,0.06341713284053166,0.07510235446871216,0.10462221992973886,0.03297126394822466,0.12147230497159862,0.10511871417987606,0.1225719789382079,0.11967633962794473,0.04820304150505455,0.04892286898331357
2022-06-22,0.06604734259296235,0.05203974785648631,0.10513685168153297,0.025681953743260884,0.13826855461749823,0.10092988493056328,0.04960851669543949,0.12267490814869096,0.054800411053887776,0.06287317432404049
2022-06-23,0.0487170881244835,0.059925316752809064,0.06871810457262376,0.05861888187060246,0.108140190853144,0.04039658995370883,0.06135407333812306,0.12138562369539665,0.07149265498830613,0.1046975000129565
2022-06-24,0.05574723981580124,0.04148266354949175,0.07536503267804547,0.043887026121386764,0.05790801612431823,0.05950861552469479,0.0627267086504689,0.07836622370545009,0.057025658881092976,0.10521679592000548
2022-06-27,0.047164841369103365,0.056759553477438954,0.02661974400758586,0.11283846185870228,0.14650693704494874,0.12205469244610533,0.02950156945774421,-0.012939254246921812,0.03292066147628421,0.0814639580633382
2022-06-28,0.04725499868723602,0.05911207486731222,0.03407482933839058,0.08705775235024596,0.12046352251071948,0.09043139249549609,0.10916330957739029,0.031604780529264014,0.053883647333395825,0.10872123082846163
2022-06-29,0.08384916579149068,0.0818436171630035,0.0409015015383855,0.05692311869708512,0.10631489390448524,0.06958330928271168,0.18509659400237202,0.038576520352842675,0.04565493155559722,0.11257789899007678
2022-06-30,0.05496254583484583,0.05042386598745687,0.0858714298686443,0.06852027357583453,0.1298350534357869,0.07679720618847445,0.1615631015562293,0.03567490934756912,0.016544028444472218,0.14837066971913598
2022-07-01,0.08476007031910816,0.08265466523705917,0.03449583767600315,0.07167034299246476,0.12433070701038006,0.13004694743596673,0.15539765402729436,0.04888260461360047,0.008743796740759254,0.11834891795152716
2022-07-05,0.13757001830916055,0.10082677422737198,0.06890286614297646,0.05847022866164318,0.12323235887126292,0.06801841267538618,0.08441689387638182,0.04762669046072996,-0.011111516458541448,0.2197870574443359
2022-07-06,0.13890258693604074,0.04875092966403289,0.05620195641077996,0.06685394330528913,0.11194038664127619,0.0523213890587884,0.22626681163246762,0.09219772586407513,0.013232701803829863,0.1260943413037755
2022-07-07,0.04063794269762966,0.03451017533157748,0.07416887570242474,0.03557697390889136,0.08189942442751746,0.09629928741419327,0.18498620775497843,0.056715150576050075,0.02457226854661774,0.17360605991871103
2022-07-08,-0.0421677597573366,0.000726783554384991,0.07266295417198686,0.0572933159392609,0.005778917355382272,0.07590035827612882,0.1084908051699856,0.07995454482847783,0.04399884569774516,0.22025546954386196
2022-07-11,0.07232460035407573,0.018256756400179944,0.08383570733875839,0.03604932173728505,0.12297476213310017,0.06848043372426842,0.14479941102190935,0.11624464344297876,0.036707897131830106,0.18273104818523517
2022-07-12,0.06137733421110483,0.02831200426678663,0.029255215148915853,0.0325591754194843,0.10267603189825725,0.08639806692729005,0.03971621164972224,0.12243644150248563,0.05943975681804546,0.1418581987901568
2022-07-13,0.10472266725184767,0.02501503684108289,0.057807200862755516,-0.005944621812105585,0.08500973555121913,0.0943053482769963,-0.032101894343510136,0.09514511416090395,0.028400631529490628,0.1418581987901568
2022-07-14,0.0845206682819044,0.05082399281469019,0.08031313390850367,-0.02584195826275667,0.11958355385954292,0.11596217543276754,0.015062208044359666,0.15224224003248754,0.04081169086093026,0.042856035335816445
2022-07-15,0.03429732917057234,0.042501709495507745,0.0753271361698827,-0.07423710455543034,0.059997895749166544,0.12436589473295614,0.03334624195415786,0.060633189388668046,0.08292434152633446,0.04493261513105153
2022-07-18,-0.07172285482186215,0.058509947744479915,0.08501375744658846,-0.006550101436580168,0.056653430373250865,0.0732828226954865,0.05228718515173695,0.043216430676767614,0.09425075149374679,0.05437386468573766
2022-07-19,0.028393036214314417,0.06894829849631995,0.12806147321836053,0.04043738615712583,0.08300171548692917,0.1066859150286118,0.009455072035570965,0.09066407878451176,0.1504460724244026,0.05693294632381113
2022-07-20,0.026836209230643317,0.07030862756897521,0.1469769821455737,0.09319714632697276,0.07294622302303214,0.091496432016719,0.07129632831197645,-0.002743559040520753,0.13301627050515732,0.016107168684094272
2022-07-21,-0.018059773527214013,0.053178291395189814,0.11488370238276342,0.09607031977353739,0.11071859312646588,0.08814047848733647,0.10775866331909541,0.09214869840405901,0.12094048986058108,0.030578710153077115
2022-07-22,0.04553591734015503,0.045532194263459884,0.12589857936628673,0.05058862208454358,0.07635303695739697,0.04070051691579319,0.09309982316511123,0.14935610559872,0.10781168892619163,0.004021122862408419
2022-07-25,0.041073341395312296,0.06338273268357643,0.1467667801835851,0.09082658062647998,0.10362489913727564,0.05672824531816491,0.007549643570922982,0.21544036459713997,0.10859566455319129,0.0877495415404306
2022-07-26,0.031200646447279334,0.057382420079649256,0.15530717716904713,0.05084572041765332,0.12448926609151709,0.07516957219596367,0.077537387766565,0.15032339378575624,0.06773233697485481,0.11419582652930715
2022-07-27,0.02837640905156044,0.016700938990297565,0.1213764514460314,0.057365103777774616,0.12377062183878917,0.07264446461020897,0.0336568652273042,0.1471689689330289,0.060391336987059833,0.09324886238775895
2022-07-28,0.04675839123945964,0.009719986586582257,0.10551388826560826,0.05074301507843617,0.11571013678141502,0.041131095279208565,0.08371477558717702,0.14018164858614088,0.06475672492925892,0.132420908258506
2022-07-29,0.006844911911643609,0.054967851792665334,0.11375807702555703,0.03098667671895745,0.12644909118761,0.031236068607396816,0.1236590884651491,0.16459193857731108,0.060910459720773434,0.15998266899773414
2022-08-01,0.06534100200487623,0.06802642500463403,0.16410628211960213,0.02350778447930497,0.1271159204793657,0.05007700142168907,0.1437022134701368,0.13808658210347763,0.09404549741202414,0.14197066822071164
2022-08-02,0.08053512428267862,0.061470092860232216,0.1597785382480849,0.03742252298620331,0.12252737088613137,0.04614437567782304,0.042075887763999925,0.10148585910282686,0.1224490353117198,0.09937782595952606
2022-08-03,0.010011799381762991,0.05565383968459925,0.1342908310857041,0.032362352500604444,0.11725658059075425,0.00855394275957434,0.059645540822854316,0.07280249024135746,0.040448483858606846,0.23301179834043548
2022-08-04,0.07788488715438183,0.08379925035746012,0.16419450339203895,0.04882906833373629,0.16414105372716953,0.0431306820846254,0.047117840956803186,0.06840126880610277,0.07778193464187477,0.13743719606540006
2022-08-05,0.06419707160420611,0.08276075023830676,0.13784831972167677,0.062451651555937716,0.10298097400415455,0.03294722825338507,0.027666375955187228,0.15617719714165906,0.0453809098425078,0.1423774957896318
2022-08-08,0.08470221440280407,0.08573286400868169,0.16783186810528275,0.07537167929783216,0.17984170428857582,0.05895913989737176,0.1824971427317138,0.2159647546098065,0.0369461839149073,0.12753015159808992
2022-08-09,0.023601892945496288,0.08767675982017716,0.11505344896314738,0.06845954068541353,0.05428917939430424,0.07627548937036165,0.2401814284878092,0.12545986308670687,0.05471038804203697,0.1690809343987266
2022-08-10,0.06967283603087589,0.10774450654678476,0.08984751976731871,0.07034963836994201,0.019729823299906527,0.08615959724422559,-0.031758484875780084,0.10871141252392297,0.02858059003222272,0.14605895626581772
2022-08-11,0.07007228346654173,0.11679387942759081,0.13404781224557358,0.11363907713578263,0.11725613367336425,0.14550762490534594,0.12154665932621725,0.1399688623315644,0.03772219229661409,0.15792454147860763
2022-08-12,0.06708152231102783,0.05351535368888279,0.1034740970526046,0.03621563475718842,0.10764347951838842,0.05242223617188729,0.12154665932621725,0.14427240375767086,0.04880286845748298,0.25398051677529754
2022-08-15,0.08465374039560042,0.04619328341163616,0.06543245268212163,0.05518260769577156,0.09582981860936406,0.1068615534526518,0.12154665932621725,0.13738446771507126,0.10129102341609977,0.12069943013061964
2022-08-16,0.055076933461565135,0.04862355834946018,0.0903177608215208,0.08005753644817815,0.1149151124464259,0.08150437786367913,-0.012762895017696865,0.080308504247989,0.10894588862660619,0.13564416104949964
2022-08-17,0.043685613015328584,0.06266312620122741,0.08111638188790143,0.02140481207801037,0.1017794029500568,0.006002918575786088,0.06530537859359384,0.07980977837513854,0.11593837019551523,0.1610564062651065
2022-08-18,0.0071887710447289584,0.05050850120339477,0.14275258792526763,0.08489924238817877,0.1255997800354775,-0.004846844207776907,0.07405280505993496,0.10418221837817959,0.08420985287940783,0.2072230945549071
2022-08-19,0.013075341998869339,0.03010900080226318,0.0726681152641688,0.09436181946855793,0.07021475889621251,-0.01092662100864282,0.01791755808498906,0.11191944087999484,0.08997880454768661,0.22735289247812815
2022-08-22,0.00920677246399704,0.0025513338681754554,0.08277168499216488,0.11734090672647407,-0.009887938513636101,-0.032683585919499644,0.01791755808498906,0.07571639268536992,0.10471031414290217,0.05979903318107637
2022-08-23,0.0317141524581745,0.052873111467672526,0.0735903324369388,0.10377441562975662,0.01947359654646482,0.035981819775700336,-0.0015757946100072896,0.17858379663264298,0.11156917768256971,0.18860933320295417
2022-08-24,0.04094673833161658,0.04919616954987692,0.05414170310610735,0.17995569276994816,0.0653012865865321,0.02040212578241077,0.019633063262781195,0.13857079930303015,0.08060478512171315,0.0396150700358802
2022-08-25,0.0498380825281297,0.036178779699917944,0.03278291318184935,0.12034536075473701,0.06752276481251095,0.01758457062708642,-0.018267058876625636,0.14635916701917004,0.09580590716797682,0.07218425389368138
2022-08-26,-0.00046300221206725434,0.05594385313327863,0.08525658497837577,0.10297557383649134,0.07724770501416083,0.05571329047119491,-0.008763994594555513,0.13169646457301032,0.07052222473957141,0.04189950259578759
2022-08-29,0.020860099905611024,0.044092251295201626,0.10082253044685291,0.09954429544602691,0.06454314263405105,-0.003491139685870064,-0.003628341870006212,0.09461066416980395,0.07241286865762266,0.0435983641268343
2022-08-30,0.025586733270407346,0.05043137253117494,0.11578255052026686,0.06022255712041176,0.11158635471895562,0.025660842721726404,-0.08118292830814176,0.10373058790926179,0.028326356882859553,0.09267186184016185
2022-08-31,-0.06113941184640519,0.05904605549007508,0.07772146830773999,0.0781483289396099,0.0700663967262449,0.06769681181448427,-0.004342979212393044,0.09910830105328682,0.056930404588573034,0.09109608424776652
2022-09-01,0.03981196598201448,0.04777487032671672,0.13439922158765108,0.07870244526715905,-0.032807913758806,0.08845229726216693,-0.11584037416444719,0.10103747976553983,0.05043418941741879,0.054202964453151266
2022-09-02,0.011345406527908976,0.07235758021781115,0.08865030766057426,0.09387796351143936,-0.002192498061426222,0.08111257800522556,-0.026894653481156924,0.07960505115786319,0.030662371035131964,0.05452000595366602
2022-09-06,0.02981265137987857,0.03829949792298521,0.07922258605943046,0.10367408678540402,-0.0204855512741891,0.06675560755903927,-0.07049570301263666,0.04912418280324521,0.011004660055167339,0.0032383485889425586
2022-09-07,0.037821912455292886,0.07035055417087903,0.06848990163443629,0.07368550230138046,0.05954724494925736,0.06209790503935951,-0.034158148819915524,0.12233127674690664,0.03216907691278467,0.006558707332087767
2022-09-08,0.0007172956501885382,0.0809447041565803,0.0644887502704373,0.049934779312031406,0.07099454798118641,0.06010485335957301,-0.028031762306865198,0.1098958511646044,0.020888273497411996,0.010758345629432092
2022-09-09,0.037900853552582055,0.12287963881502176,0.07722472240251374,0.11543066220687936,0.07549659668082273,0.07931087446193756,0.023529489568565622,0.14855280659401024,0.01991996010938577,0.03616556375295473
2022-09-12,0.04017556903505471,0.12268031476557006,0.018444926046120275,0.07236756544284129,0.04198217556499293,0.04735538402749268,0.09550942408799813,0.07271887134868632,0.050244195628479406,0.07834077439469267
2022-09-13,0.03820437435908883,0.12250848762149116,0.07585191952805984,0.05323049088778923,0.06311878370999528,0.029655777693792875,0.0015972556977107283,0.15886216070642678,0.04802084470470055,0.06965344551904577
2022-09-14,-0.012627639316163012,0.15342465841432743,0.09425239914072454,0.04139949392519282,0.06627752247333019,0.0769556351298975,-0.04879107457240856,0.10309706516403737,0.024060007580911483,0.058892837052903046
2022-09-15,0.026204662927642692,0.15080008973653575,0.08573514875850279,0.06856505613637853,0.04570560752561102,0.06253917341993166,0.03428793043213963,0.13242114549915265,-0.0025968282793923476,0.017617528981488034
2022-09-16,0.05136265735820232,0.09224475075437644,0.08055694864710451,0.11377662264400895,0.07902574186427941,0.036691393391065544,0.013827505792818828,0.13513232552572874,-0.008943682621044178,0.011378177318094682
2022-09-19,0.08737693271192443,0.08905044375017424,0.12805796576473633,0.07359673170331027,0.08384781712135173,0.01537875360670185,0.013689396767956084,0.15210937170693353,0.011122354443113405,0.145111007100952
2022-09-20,0.05900977662015587,0.13396924821440187,0.1000232628907766,0.05139782113554018,0.06416882270890518,0.07122077040258068,-0.03507273107967045,0.12308048798751946,-0.006048134074961435,0.10844342856604
2022-09-21,0.016417870091009475,0.06599283214293458,0.09444328637162884,-0.010048238352392415,0.061806533568845946,0.059501440090694246,-0.03507273107967045,0.10886578181612472,-0.01900945339273722,0.148645143181113
2022-09-22,0.039448972169398834,0.06536785967086572,0.08448701290727507,0.006943077650998097,0.004548583965355646,0.060925153755929405,-0.004745132025144607,0.10633092204790372,0.021363736771727555,0.20117782344913243
2022-09-23,0.04193264811293256,0.10229442710369378,0.07509550860485005,-0.002697392677112378,0.024063500421348215,0.00806106051036937,0.02559213420545915,0.08470126311632876,0.05560901499067552,0.13673519932280204
2022-09-26,0.05496764050702141,0.06452017362468473,0.00347860295878892,-0.009768261784741586,0.02103661097082326,0.025291673274240232,0.043087530540707825,0.05372840501395773,0.03707129570806939,0.08610684798830394
2022-09-27,0.04915350571786045,0.10123503638471047,-0.005339959138585159,0.0323413810323945,0.029080348466457052,0.05297028868835286,0.05423802663630455,0.03857452615412604,0.0319799511069669,0.20902025940661534
2022-09-28,0.08339215570897851,0.09960502425647363,-0.005024439570765547,0.005049326602749747,0.07368578786652694,0.05888714907599715,-0.01418908526605106,-0.023122491728413186,0.0542677875104647,0.159213009946095
2022-09-29,0.03027762761550949,0.09594112728209354,0.04128423237172985,0.025466766927529732,0.10455219191101797,0.04502476605066477,-0.005413173637544441,-0.01263076503004764,0.03710635834030981,0.07604812650408013
2022-09-30,-0.007534807720053147,0.08769283088647506,0.0776622660255977,0.029477992766501305,0.11788140875143835,0.014377213677236425,-0.008835327789748862,-0.06111114834760348,0.045523052024853,0.16042287220769144
2022-10-03,-0.0028633492329506135,0.08891158422734702,0.10569730891024935,0.115156080324555,0.08397537735925736,0.061403599726221385,0.003521573319567028,0.10070900847611676,0.026954256905457562,-0.034799053044443244
2022-10-04,0.05981985476715572,0.10206419107219959,0.09343730537551274,0.0709017471957665,0.06636689902399917,0.032901108512505876,-0.011591150995245285,0.07712267231741117,0.05069825581740765,0.03912316259451964
2022-10-05,0.01739990317810382,0.04694057182591085,0.11125135158071538,0.12690582749559037,0.020547932682666116,0.0466136320584758,0.06027225518025446,0.10589557224048254,0.08790491921394583,0.014121691729679755
2022-10-06,0.06252301907743434,0.05224082566171835,0.09512191723622515,0.08294971833039358,0.06591821880603511,0.09750790007963224,0.015623796672941516,0.08258266320522205,0.09273776095744538,0.09114464634982813
2022-10-07,0.0799004911629083,0.07989166155225669,0.09913361149081676,0.06929451684663897,-0.005118330550736161,0.07037748894197704,-0.0502809084693566,0.03406788232630076,-0.00026570538328400325,0.07180315928726508
2022-10-10,0.06105878156232377,0.07045221881261557,0.12697974099387782,0.024914677897759314,0.044990480807579405,0.04119051856135932,0.10497316530173492,0.033298727106422725,0.053020262127002525,0.11989003286772586
2022-10-11,0.03586392758065011,0.06347564587507704,0.09869077971020428,0.009863785265172875,0.06966762721864737,0.09381590126312843,0.03171252540562418,0.022978908790202885,0.03551361919577946,0.17042255617226681
2022-10-12,0.10157768970103505,0.0716336123506026,0.10387069654084106,-0.035424420934329195,0.09650784671719348,0.14230567573589445,0.010851011253896233,-0.027702363389170342,0.03317286047152504,0.1143918100525661
2022-10-13,0.034492192385628354,0.07212331128786734,0.05742764640682531,0.015543783454443367,0.10621003412181558,0.14350693517030685,0.14386732072173886,-0.03075161222775164,0.025711316671446292,0.07801303949327211
2022-10-14,0.054147125447510346,0.052603374191911564,0.054981566528039615,-0.019353956210737697,0.08939011818233461,0.15461161478220195,-0.028754940919428738,-0.037638099037298235,0.02758647301905943,0.0505441498278162
2022-10-17,0.1436219974946968,0.031121508720533635,0.0960276475266296,-0.009008525529797149,0.1413390794192445,0.1630192191406251,-0.041562727080019846,-0.05370511750718477,0.02884931534603962,0.07691738741318484
2022-10-18,0.07418886182700186,0.05698437089305417,0.07347376501775307,0.07123481631346856,0.134806052946163,0.06870363284742281,-0.044581360812551804,0.0298849934588825,0.02353087689735975,0.029432187892455886
2022-10-19,0.08152648754014494,0.019634659960448813,0.09850715003938686,0.10232740627794457,0.1105551464085531,0.08300936634272632,-0.014140310109883059,0.017961452899297074,0.03854380682046206,0.07882885479568018
2022-10-20,0.08413350410487017,0.04827577330696587,0.11175388111244336,0.09733188196307416,0.07382295474855922,0.07243489045475787,0.014593780808865598,0.03810725615058941,-0.035233573230803075,0.033877249578816916
2022-10-21,0.09826464964945696,0.07812884887131058,0.1280516985194067,0.0857333387228264,0.029850858721261704,0.13153654026380235,0.010829606240359434,0.06464386696984456,0.023463451179464617,0.0533595321925945
2022-10-24,0.012372977003312446,0.06844617100284378,0.1316062117113505,0.08988778137077316,0.04188790581417447,0.10982157348566361,0.11926385967377001,0.09497648299299248,0.02841663411964308,0.03761635479506299
2022-10-25,0.05401879022443052,0.0729554428247494,0.13866808558534477,0.0337881505434784,0.05701249276500521,0.14457169052085023,0.06442613797845005,0.08002321088421721,0.007831406873412857,0.04624756986337533
2022-10-26,0.03615317459336026,0.06934251743872183,0.14991508202556691,0.09261300314009668,0.08100499517667013,0.12264105273632589,-0.009725138447463076,0.06895880725614481,-0.012112059704587806,0.04599720362050705
2022-10-27,0.0468951625298952,0.06752667829248123,0.11446588801704462,0.09105318594967045,0.11731747717087042,0.10881292404643948,0.03773323829228961,0.08722981100907534,0.0473983760590542,0.08553732931519903
2022-10-28,0.07220857103612238,0.031205285528320813,0.09426600039906878,0.07667046734049165,0.07589232789852618,0.1308641715865152,0.02224716813543724,0.06356992190167646,0.013841139594925023,0.07184624114153236
2022-10-31,0.03537885606469367,-0.00622714298111946,0.11246862989567549,0.0686236448936611,0.049373273073724855,0.1397677810576768,0.02784970278018819,0.05761931672476844,0.03948036552651819,0.047232829207166094
2022-11-01,0.06822595128776225,0.004757599123698141,0.10153269770822812,0.10120965215132963,0.047747301898910355,0.16282665200208626,0.01023145778883925,0.0879446918988315,0.036177232963282534,0.1385043079219646
2022-11-02,0.07341826470250726,0.0778367327491321,0.11476303619721934,0.02826162538390054,0.11679883278047894,0.25592887911250195,-0.05919356075898238,0.16823658249152462,0.023555044197743912,0.340672212515017
2022-11-03,0.046942947065298626,0.11953226627719915,0.118474691561263,0.044198028033711464,0.15123922185365263,0.19383150876876637,-0.018883247906970962,0.11652468801555922,0.06108825168738483,0.1427590735834995
2022-11-04,0.0721759024292501,0.12216984418479945,0.16022646104084198,0.05201822866273219,0.07091883596727219,0.11732410868723198,-0.09447834027579717,0.14693413966340316,0.03956287055667849,0.17352271572233302
2022-11-07,0.06396051053257434,0.09460453664607545,0.17170652958278357,0.09584826355293258,0.13219712497782918,0.14589107245815464,-0.09447834027579717,0.05921946933701073,0.043586086561389584,0.21184847714822205
2022-11-08,0.05806824325525802,0.09652304824024077,0.13578487253570853,0.10432946259867928,0.07508974998521944,0.14341349274988086,-0.029932897050249783,0.0886080175215814,0.05100247763947015,0.16189906144711516
2022-11-09,0.05254169230642307,0.08997525438238274,0.09751936716939849,0.08397979765749976,0.04299072221236853,0.1329173284999206,-0.016040750729521873,0.18810807198513865,0.061885191442186446,0.13549439645053132
2022-11-10,0.07959735991220308,0.0849115046361023,0.059287911446265655,0.0983449536388758,0.050473469399394344,0.16787515611693657,0.004220715460493303,0.0596712379138672,0.03730265268439435,0.12430948834259936
2022-11-11,0.039037726085505764,0.0534139535371464,0.08489652961518414,0.08152280567503048,0.1175373340795183,0.21522973370758733,-0.016868699357696183,0.09980143663300195,0.03400652280972171,0.20135017762062757
2022-11-14,0.040391817390337176,0.07894374680254204,0.05619282926726562,0.10616298156113142,0.19054589786776877,0.23093834168685715,0.024647134157092795,0.1300489411206673,0.03648696758743352,0.10113794110052698
2022-11-15,0.058107481434827954,0.0743150468879692,0.08139446193575285,0.10821587659630985,0.1319610431461251,0.13464560626267325,0.0951339251587961,0.10231879027894013,0.05509033899398295,0.06572751628924021
2022-11-16,0.0343001224702939,0.0730702905179054,0.11918106986193047,0.18183633318230763,0.1413118065418612,0.06731455566521373,0.1260075121490509,-0.07982370315837134,0.04704159733755865,0.11222840062291815
2022-11-17,0.13329654916916403,0.06718463812304803,0.11377437990795362,0.14907109553885614,0.09721755592798653,0.05642676525881206,0.1260075121490509,0.07669380024893185,0.020141244483750768,0.07939256111473977
2022-11-18,0.041836778003777685,0.10915792541536536,0.07466238487355382,0.15496906369257077,0.07584541166933327,0.0667600914319514,0.3047654981419919,0.07669380024893185,0.01332327410027829,0.07939256111473977
2022-11-21,0.10833287310743635,0.02226433122929119,0.01833935238894288,0.12352300818570432,0.06399805222399997,0.06712409718657923,0.13237731028192576,0.02139161882296008,0.04602030353211615,0.04665044308166395
2022-11-22,0.03881120175023982,0.07420061588125584,0.07733802460567726,0.1420673334743469,0.091017641327059,0.041048506246100507,0.11821679343243059,0.10410358171087847,0.04296832401384344,0.06791266490097571
2022-11-23,0.10181110751012555,0.05974496614305945,0.009884362323422331,0.11252322231623127,0.08838899712878426,0.062391324876369024,0.036089064965921035,0.07071163405098524,0.03798332712034007,0.04076969694278919
2022-11-25,0.10084545412546136,0.07566677189156079,0.06213771026039604,0.06693722705619425,0.07887443304999253,0.033350982002368204,0.18713422167170127,0.10165668584909665,0.08056518252803441,0.07044868287482448
2022-11-28,0.0753674499874762,0.07856164249042766,0.0916234735069307,0.1212346567263228,0.040524006515486495,0.1526682039299285,0.1696515051022598,0.149975710367208,0.029677899463134056,0.0647271879159607
2022-11-29,0.17290046774855408,0.07407143052144514,0.04876956567128713,0.07166800540895929,0.09011873166204588,0.08322450193470253,0.03259702107462983,0.15864614948381206,0.026911430403949315,0.12792950350894053
2022-11-30,0.18529690464760037,0.05905348380859937,0.04435258923540354,0.13049415756925078,0.08996915444136391,0.09505800128980169,0.06625798525104538,0.15864614948381206,-0.030077935286256012,0.0589626285012641
2022-12-01,0.15375465187329274,0.08877523920573291,0.07965645449280706,0.05950401864697822,0.09912443629424261,0.12017061197097889,0.08225357479805462,0.06302121247023539,-0.00722973463528179,0.12566133881006034
2022-12-02,0.12698277204796718,0.08275482409551452,0.0965717192445681,0.04806400113191359,0.10211740197393952,0.16976096353620815,0.08182035304720416,0.1519100625097392,0.02664439913203436,0.15677638326098467
2022-12-05,0.15142518136531144,0.11077878115733392,0.14459700011836613,0.10287044530045701,0.07782382353818189,0.11860265848006313,0.050872982378856034,0.18245799614559047,0.052443766088022904,0.15633095921967213
2022-12-06,0.09657939930058386,0.09061772170406791,0.10789436251277318,0.16472822954577696,0.06564464357611952,0.040086505515234086,0.08859767037580983,0.19292870211466967,0.04702941548725337,0.10480405420370756
2022-12-07,0.0734279328670559,0.06471681446937862,0.13919376163072045,0.06467800568009859,0.05611397740515607,0.00995488525039842,0.09442729220775475,0.16338580140977976,0.03412894365816891,0.16525400215226477
2022-12-08,0.09389453035599898,0.06702009853514129,0.11748623791254378,0.04956860147777545,0.0157294512790143,0.017423559082583983,0.09442729220775475,0.1891846716683466,0.09117808942290626,0.1449507080460928
2022-12-09,0.06609486336320229,0.06541184346787196,0.10442899621520012,0.03362573431851697,0.03495416300839864,0.08427323577400778,0.14549774631575935,0.0910120389971857,0.11482898567156813,0.03591296642351811
2022-12-12,0.08379019124713652,0.1033926178674702,0.07730819324399585,0.007168822879011305,0.08042686418479772,0.08689049051600518,0.10818548389410833,0.14275617582745273,0.10680030168905358,0.07807122078628395
2022-12-13,0.031046552046450182,0.10656357857831347,0.055729351051552786,0.04728695599341495,0.060083238958157634,0.012301587289464318,0.011987330567548804,0.12519360483289058,0.11574800742736832,0.04261327152183559
2022-12-14,0.07022039420738051,0.09057282222681215,0.05210456736770186,0.0843040631799479,0.07956215930543843,0.07608354129941516,0.041316553711699205,0.10699854218560337,0.09761632443667026,0.10716961845894518
2022-12-15,0.09596510069907438,0.08843281261426697,0.036939933800690126,0.021838560687272503,0.13142531441914376,0.15715569419961012,0.05930055558155247,0.09629007104385053,0.09705844541926047,0.21287671780561457
2022-12-16,0.046864829218621125,0.0659343422693526,0.024608178089348974,0.09790070712484833,0.15058452235852063,0.10745454323925781,0.052771246094088536,0.13284686052832415,0.05673777313664983,0.09995118973862864
2022-12-19,-0.03234178052091925,0.07543132272192543,0.035762090266639304,0.031181721416565555,0.11035523712790263,0.10595486845683562,-0.16956620016034818,0.10489500102020553,0.047538867954780614,0.15352073349851178
2022-12-20,0.02506825157102754,0.09013038120411634,0.049299857618091796,0.05538213128981543,0.07696238030749064,0.12154852654238338,-0.040124802577216276,0.12993680172643685,0.04160009508093617,0.0919249543407331
2022-12-21,0.09174905093819062,0.091463528553902,0.08521740507872785,0.10643657237502846,0.11282954983462339,0.16381915658381113,0.058109444973262765,0.08778898193490617,0.07946780216411631,0.22043065509249954
2022-12-22,0.02712229417856915,0.03427887595893314,0.07069404099315804,0.07164247493631765,0.11638247766752671,0.25819769169079476,0.017499598290887947,0.06771793702241385,0.09730991931812961,0.3089917293799889
2022-12-23,-0.003696297045072299,0.05706733728103778,0.116615414676532,0.15740921366382635,0.11242580502910934,0.17961235001608536,-0.009760702195897173,0.06771793702241385,0.02112794621208641,0.19376930488973398
2022-12-27,0.04637402529844929,0.04701837167856101,0.09775846266362578,0.13929619256428932,0.12181818145387176,0.14309156667739026,0.06055393430690358,0.06771793702241385,0.025509435321909163,0.1711094780252467
2022-12-28,0.08037120375548158,0.10623571189604605,0.10420742145012282,0.11302760220318483,0.10831991192425874,0.14705538968968873,0.07387287850326593,0.11298741615515429,0.011789390208322245,0.19211756321122841
2022-12-29,0.057080246948098844,0.08448405627030663,0.09996954881697429,0.08385034917285238,0.09575360794950583,0.07973600294477562,0.03521881142485407,0.19783586035150863,-0.01553549745182984,0.10061718375700031
2022-12-30,-0.0311771336620575,0.10235398551787486,0.03971809511238868,0.07749999830088608,0.08393773587157402,0.11094945350137637,0.007362946001451524,0.08002240626069676,-0.006892718318408324,0.09197806174577924
2023-01-03,0.04381095295277112,0.0980648792341388,0.1242499426654469,0.07746319442027357,0.07986061672220775,0.13387592702281995,-0.052571602486528236,0.04803996114392238,-0.044028145545605545,0.13224739649854578
2023-01-04,0.04875380990502202,0.07385304118254755,0.17100857024257304,0.07513657294455425,0.1362743301672537,0.08769940391187926,0.04555286966312777,0.07915549953869967,-0.019417647558307168,0.1262168786353926
2023-01-05,0.03378587327001467,0.06596123380423806,0.16564626905060426,0.08333281508671395,0.11030742332322366,0.10687326058845,0.03172168183116783,0.08313579852802302,0.005361211151604749,0.08632386230535666
2023-01-06,0.06725155329309888,0.08295822994356611,0.13520001270040286,0.067353853495468,0.1466389072253095,0.109606287460807,0.07455391792071982,0.0940167640833123,0.045841418545514274,0.14632750447071913
2023-01-09,0.08450822527129016,0.09786655472014014,0.11623137354630031,0.0589717020903717,0.08761816037242857,0.05105223644627692,0.13097881507565065,0.04072453158103122,0.09103427903034286,0.1126272815715138
2023-01-10,0.11742300581762283,0.08567677722083417,0.15833432839594624,0.07907130558240337,0.09793878263809216,0.10132048556615852,0.07155654771483758,0.0712793552777433,0.09676774157578412,0.06884491345120469
2023-01-11,0.147324208242808,0.04237088911674193,0.09518726654967843,0.05286855824811747,0.06571858432273274,0.14071901418696284,0.05990527383063834,0.14759070331779145,0.11842706581242753,-0.09115423387248196
2023-01-12,0.12678984070660212,0.03538759274449462,0.10703643733139656,0.044502186980226455,0.07984644397936733,0.0858721562308647,0.12042018703921947,0.10681479628403047,0.09391637720828501,0.03947946644707944
2023-01-13,0.13623219576716608,0.039057728496329755,0.06801151801329601,0.06907866636970525,0.09653594237537969,0.10344533151137017,0.12451365149106683,0.18831093647418667,0.06482702924996779,0.04399361973235454
2023-01-17,0.12324616866404915,0.08086959677533094,0.11305500010410212,0.06719236654639246,0.09104479491691979,0.09384188767424677,0.15386873121346548,0.15101446414621533,0.06308968616664519,0.06424657301245404
2023-01-18,0.16363011645610662,0.09129574070736349,0.08777326738165861,0.061492725032300986,0.10996591418977983,0.16881889733838673,0.18861161516564706,0.11973700827957062,0.0661481241110968,0.10767622913109608
2023-01-19,0.11999486209086795,0.11350712343453864,0.1286653264025872,0.08623218705857102,0.05863229533468789,0.06973343155892447,0.1539372660367775,0.150721653137548,0.07593890813755659,0.04349369846735756
2023-01-20,0.11577352618085311,0.07971459022620035,0.12115036118579832,0.09228406915015847,0.058209217159335996,0.06919728770594966,0.14102848897351647,0.09188998425665795,0.08229001696665562,0.05519265061000356
2023-01-23,0.08678199630643009,0.050584726817466896,0.13201384182918896,0.08386686091492045,0.09275931723922463,0.04525075018883982,0.14285853799165418,0.06844479556798548,0.028373268698373283,0.0998459271679607
2023-01-24,0.09355001748792113,0.07987957978307317,0.12836564400052541,0.04102757394328031,0.1265978781594831,0.11453282568532792,0.13203042989688682,0.08077943440039989,0.10108597194762062,0.0789359149730769
2023-01-25,0.07614702851040203,0.0696857833474456,0.15982661980987412,0.0489239381844091,0.17470680345681508,0.10180170702254183,0.14110917548681345,0.1062772410230658,0.06237572780686347,0.0682976100422004
2023-01-26,0.030359923768839458,0.06977252223163041,0.154683672465842,0.06532247356862261,0.10713542496489728,0.09646428791031941,0.052304041056038995,0.12042857657535673,0.07159748562928189,0.08135214814957928
2023-01-27,0.08902824249969479,0.05480901482108693,0.16592033622044303,0.07030781768982522,0.10229225916772164,0.11268756603744803,0.07241197975164504,0.07913021692342405,0.06360837137190223,0.08383256335313224
2023-01-30,0.09873123602779255,0.011146009880724627,0.13009811977221142,0.05572469403352213,0.07974249584904482,0.14470946144784044,0.10782817015642493,0.14396843261527434,0.048483634370071346,0.08063104732573893
2023-01-31,0.06362284953823583,-0.0028356230424798757,0.07524799615405725,0.040937594971579165,0.0812543961076247,0.06604378977411636,0.06899640663656738,0.09117309719722543,0.047094731925369296,0.09799930160135628
2023-02-01,0.05826810596273304,0.01674977511453723,0.06428613418817494,0.030822615337650062,0.0687148751828609,0.13102420508792909,-0.008339402360868527,0.06653206479815028,0.01469100476574297,0.03842651352855509
2023-02-02,0.018044191853943244,0.04003863795514603,0.026655904273598104,0.01885151737894164,0.08395925541291256,0.09015814191076196,0.04414436841674841,0.05330470986543352,0.0015778138226678145,0.003064276798449614
2023-02-03,0.02173812790262883,0.04366220308120846,0.05451965046811302,0.08766272908189111,0.09974914635558194,0.09865542794050797,-0.03592286473132885,0.06025085137259971,0.021142431437334096,0.08697289490158004
2023-02-06,0.054542085268419215,0.043625881419218346,0.012994766978742012,0.06904764390729386,0.1083263633526118,0.12917445196033867,-0.00033361107987376834,0.06281038878911532,0.033053287624889405,0.1405708188232756
2023-02-07,0.04972889017894614,0.043538032057256676,0.010665770578420603,0.08772334295723538,0.08355684746548638,0.11479874781180155,0.03046925928008415,0.05259923673828928,0.02848830286103738,0.13714674976122712
2023-02-08,0.09132692678596412,0.10343666839882214,-0.015214121201687848,0.10562455622405294,0.09334345386587982,0.14579346146897368,0.0021775878215200954,0.07678745188759693,0.08205086857402491,0.11501735466219655
2023-02-09,0.07545392740486122,0.1094157351953106,0.013517252532208108,0.05639803748270196,0.12145663591058656,0.1592041204943896,0.022236470465362174,0.06929163936172167,0.06955815269757329,0.1272013031852596
2023-02-10,0.14452488063154054,0.13894981963212277,0.03167369216432921,0.049268136099579085,0.1546221699721371,0.1806696253093456,-0.025447322916176476,0.12292192022579582,0.10679965896491769,0.1349119345261703
2023-02-13,0.07009562419539198,0.12945304642141517,0.06768571296387557,0.04565346894769184,0.12684914601995326,0.1320922483542414,0.015239942330993437,0.17832834839482278,0.07686695675447702,0.0932115739142938
2023-02-14,0.13917208946203957,0.11807266478599399,0.04902986391177858,0.04908107604413322,0.12153161744410072,0.1569550211663736,-0.03047954095164166,0.20672045849438353,0.06743638124980324,0.12932021276239886
2023-02-15,0.04337073786791879,0.12127771591793537,0.01053546483007461,0.07824989681714717,0.11756801149055882,0.09322544371299618,-0.028166517019640066,0.11770892628053531,0.10984996123724255,0.10588680705350398
2023-02-16,0.14159705654080615,0.08165782284067254,-0.0006364143350478512,-0.023081535647051902,0.13019085505055542,0.10699727325771329,0.009081527614204808,0.07857364127673176,0.06382864082482838,0.08806580184630375
2023-02-17,0.09322692658275965,0.08170397848936488,0.037039740901874126,0.0036586184950897355,0.12000917829588113,0.10058183486823838,0.033589066771831655,0.03845407681841369,0.06797357873170376,0.1025824095642025
2023-02-21,0.16560255886358385,0.0875699246344615,0.07586467045693877,0.05026507899672648,0.10602367441947631,0.06523788991215891,0.046406125924739645,0.12769506523844332,0.03927066864941867,0.14602814398307726
2023-02-22,0.10374632817134521,0.06211995813800588,0.05614036921051981,0.03306127488670654,0.08001478294631754,0.07836123216366149,0.04979299054513139,0.05562048979051319,0.04122776899860235,0.11875723215293595
2023-02-23,0.10728616316207028,0.055369972092003936,0.030948246140346535,0.021857879332853054,0.08294018863087838,0.054115821442441,0.06090309133962988,0.05727060430478658,0.08796317933240157,0.06293673398261534
2023-02-24,0.06828198614848277,0.04474664806133596,0.03201716960682318,0.052334526546821324,0.0872792867687982,0.019859158739405115,0.05848743134245116,0.05251566233301097,0.06957333567959562,0.1312907586213306
2023-02-27,0.07983208749605748,0.04489996747629575,0.03628607759523691,0.0963452399201031,0.08924870355438136,0.022913925368048472,0.07422538446809414,0.0374569794897953,0.049039112675285976,0.13497467691613724
2023-02-28,0.013734088122847134,0.032386848121285845,0.017482099349205558,0.10541277899435444,0.07976214673690205,0.042594291150924626,0.09481839459542682,0.039198024802506344,0.060315731201513414,0.14180458071766505
2023-03-01,0.04513808376756343,0.054872732458600575,0.07760008447140741,0.07250074522954421,0.0581627312493306,0.11713098985743582,0.059997214018425477,0.10890052698938324,0.11668305747685523,0.12683783085582517
2023-03-02,0.01890237774830178,0.05214428120300818,0.05707240546066549,0.09130725917254967,0.049989996019179694,0.06864370457276539,0.12425291467732204,0.014488574498217263,0.10478349224633432,0.1688664055340476
2023-03-03,0.059713251832201185,0.09007796236044702,0.0709311486230855,0.10377183944836646,0.07561555290167535,0.13607453164739652,0.044763594384975874,0.05656226520247121,0.06314621705311177,0.095666053719854
2023-03-06,-0.08808930620509267,0.007639797238685815,0.0831877000735759,0.05316455963224431,0.07458130308622142,0.07314383680332778,0.03188860126449917,0.1477554333558966,0.07630770025763006,0.04914371160016246
2023-03-07,0.04304740871547981,0.031217182125894184,0.06417630498836269,0.037416536297048775,0.05723277465053929,0.12127644675777409,0.03950059325252939,0.03140551113934118,0.057269851453804664,0.12462725611060668
2023-03-08,0.10328751176539074,0.06389456586170723,0.06969198110335291,0.04006933567002295,0.0984962305184228,0.2317798903309507,0.06558908974401727,0.026261266050611708,0.0664874935617957,0.10413268533880427
2023-03-09,-0.020611666451313994,0.07822415501891594,0.08026465406890194,0.06274341954721108,0.07144285496211343,0.14270153833891316,0.0631455042737893,0.11364725887637697,0.056356106818974905,0.09105097294188942
2023-03-10,0.036820056496686196,0.09308877001261062,0.07564593604593463,0.0659561685870296,0.07068301441918674,0.09348227555927544,0.019607359784311367,0.06969292750063168,0.06130700050557923,0.059509504052860686
2023-03-13,0.0037631408023332306,0.07200440223062932,0.07103714098756614,0.025814556835797513,0.07993608793508965,0.07393560434110426,-0.01457826921346296,0.07632812225227693,0.04971160617569573,0.05221787811541395
2023-03-14,0.024806908683036966,0.0655816649791497,0.0669332197672721,-0.00014124998825619793,0.09647484648089423,0.051403736227402845,0.028172553939365,0.0740737481681846,0.043222294245756174,0.006188439276790959
2023-03-15,0.051001485684290686,0.0975736099860998,0.07760436873373697,0.08110226191259111,0.06145489765392949,0.0603792097752409,0.05089341121863468,0.0748669432232342,0.05708740104451429,0.0029949499303695026
2023-03-16,0.05451277404599234,0.08809185110184432,0.06665255534630082,0.03174717460839408,0.08125393176928633,0.033135816966839524,0.038693005089152875,0.028192707901359346,0.0625180082662527,0.03558270575395518
2023-03-17,0.09299245663379507,0.03591623406789621,0.03633470356420056,-0.026663642853663204,0.09988706562396865,0.07172615180518029,0.10097620472293205,0.11155082832769132,0.05462652823810786,0.03406890014953615
2023-03-20,0.06289525183156536,0.012336156045264134,0.046050263514972725,-0.03298557142625166,0.07533357294540567,0.10259150861086093,0.09559952855910085,0.08076566031233558,0.04819143549207191,0.02003050811286897
2023-03-21,0.0775670446704159,0.027859765405837466,0.041609065438807644,-0.05010520634765984,0.06369955138245353,0.07848751842943827,0.08828242319996249,0.12529405221889955,0.041983845883603495,0.056149339812493065
2023-03-22,0.07693936311361062,0.0890147473420965,0.02312432048368698,-0.014176010580979576,0.08925525647719125,0.19711844827149375,0.08839797314485218,0.19598214592371083,0.05900265916049756,-0.007956024864859258
2023-03-23,0.11272864335680348,0.0554338312072528,0.07071205816355523,0.027579088184108858,0.06446950431812751,0.20561864766903767,0.100270870985457,0.18396104192031296,0.05080894570599588,0.04210997006218905
2023-03-24,0.13623284473132463,0.052798554138168544,0.04686326099792572,0.0323649476782948,0.07211879470487471,0.102418108703144,0.07996956764821908,0.10428141586515847,0.06620183681987027,0.06150873004145936
2023-03-27,0.12375235192974884,0.05009992498100124,0.055427507331950475,0.011566025724923802,0.08784590544327306,0.12077926668092889,0.006400454792102113,0.14919040626196942,0.06549027216562779,0.07396168329805565
2023-03-28,0.14273281593095577,0.07635272776511194,0.04695750488796699,0.023565842546774598,0.08088189137512614,0.13138988149098962,0.049107503184701196,0.13828270051939398,0.07856657460614504,0.015361233160333049
2023-03-29,0.12161081467288057,0.10009781851007463,0.07294722548086688,0.04476278392007196,0.0775057053611952,0.12017806722635001,0.19483447080094282,0.08674687080349283,0.07689475344113372,0.08266373877355536
2023-03-30,0.12960417124689044,0.09931899011782755,0.05832855772798533,0.07384335594671464,0.06958547024079681,0.10876010423404586,0.13121365243785513,0.12317620761068661,0.08624983562742247,0.05973632360989658
2023-03-31,0.13797222527570474,0.07966402759991922,0.04617059404087911,0.08782768507509654,0.08340544416970534,0.2198994974921075,0.15291562125795674,0.07973609689447037,0.08922544597383722,0.12105336828421903
2023-04-03,0.18732028188485272,0.08487677251454478,0.04105106269391941,0.07006669588095862,0.055572982459639465,0.12146297057957439,0.057920594894221696,0.08955933276641621,0.08955463064922481,0.08795677127701007
2023-04-04,0.12032364091667365,0.07703229927994389,-0.0015195839350478854,0.0555969242380994,0.023606510837150367,0.15427028580477675,0.036507570201788866,0.11824595141140685,0.1055190264934226,0.11813555105514008
2023-04-05,0.09081962617169019,0.0829604217421848,0.08786210806446544,0.052901986529103294,0.0883288701705058,0.12728673815556546,0.01599063476780223,0.14862438427427124,0.0833798120345761,0.1208889711629629
2023-04-06,0.10247730876267536,0.07158512243129782,0.06349791331281822,0.045755657686068874,0.09423516036448387,0.06573142162389543,0.0875382009563126,0.07415200045134522,0.04397259954437739,0.15124453381899913
2023-04-10,0.06300444294610341,0.06767871125049485,0.05544003061571835,0.02644043845737925,0.08971066246521149,0.11008469225329201,0.1100002503516665,0.08856728426702366,0.07648251211216144,0.15940393506180733
2023-04-11,0.0635574064085134,0.06933911641363881,0.06391590036788546,0.03248645002286372,0.09422142144145412,0.12440458650219467,0.10984343398429873,0.10165729951328539,0.08904722020767064,0.185397878711986
2023-04-12,0.030662655600266882,0.06741192966506215,0.09508676978291955,0.03967887199912221,0.06251539207208053,0.07600444655701868,0.09950194329742132,0.17174824046474743,0.06837048013844708,0.1129253360137334
2023-04-13,0.06858434055671554,0.054424832873012474,0.06758579496981176,0.0600513114914783,0.05457626138138701,0.07331824214912355,-0.007159959043617271,0.14636727517596088,0.08342076453674252,0.13793939204929173
2023-04-14,0.07738162386320717,0.019790555248674978,0.08317805508870497,0.03769561451144502,-0.016304491761404333,0.08494598162312933,0.015238919365116402,0.11005965597374415,0.06881310228375427,0.09648472780723388
2023-04-17,0.04249615152058171,0.03898070349911665,0.09590704862288653,0.029968093175980183,0.0008971180890451971,0.08662774936030004,0.024334462647281212,0.09309923466129949,0.09317429041139173,0.07155908485070156
2023-04-18,0.06019085496531982,0.027818354153472724,0.08005992130414656,0.0412615428190745,0.03939069777364918,0.09427363846242226,0.10691218204868458,0.07638850144765173,0.08748174916315003,0.09777366769443441
2023-04-19,0.07115104623415622,0.042627236102315155,0.07590280948895965,0.08040004441906554,0.06390379851576611,0.10881714786383705,0.06793968541397956,0.09869996407999661,0.11099874547384607,0.08208396740417409
2023-04-20,0.07023956086420481,0.05140371295709899,0.09570526188152866,0.10865982466406425,0.0755032774418833,0.10274823746478026,0.03576161351899814,0.06439368391699249,0.11395983031589738,0.12138931160278273
2023-04-21,0.01789702918012515,0.0718226234528808,0.06711434125435244,0.09303956564905871,0.11104999462389732,0.09267882497652019,0.0544230968194289,0.05529440038910611,0.07156392391430197,0.08739509662407736
2023-04-24,0.08827958114184706,0.10123717754001578,0.09085901382768795,0.09198041606996293,0.12955685306154957,0.07297599111475872,0.08992688844252511,0.07676979517314726,0.07398867943493147,0.07343846464668922
2023-04-25,0.045521280002996926,0.09822678502667719,0.10201742335987278,0.08963161246772869,0.12089090204103306,0.1127922327612127,0.05917933873939034,0.06064097231485312,0.08653252703069506,0.05582198676372404
2023-04-26,0.038396157134794266,0.0867541900177848,0.09334862662351304,0.06606455982697063,0.16041512517021253,0.082089098397585,0.07750781312784755,0.06372064820990206,0.11449136722681257,0.05661008588329819
2023-04-27,0.056614366192115725,0.07838833447073099,0.10223562658837129,0.11032133618094339,0.13822758344680836,0.10660768762219952,0.02822202935221798,0.07207458951632346,0.10730168926231949,0.08694191475213132
2023-04-28,0.09252730232913535,0.05309555631382066,0.08542630678023808,0.11918450608494265,0.11631229769469761,0.09039262508146637,0.048528556480195786,0.04120765760417608,0.10131922141297489,0.04880545141686854
2023-05-01,0.07074243014744132,0.060203926431435996,0.13853234785339386,0.060480847894802944,0.09516788100281429,0.06142494449875535,0.045159207217339174,0.21488969132106542,0.07585102856103089,0.0597480787223568
2023-05-02,0.0374612710788242,0.0529546969860367,0.11101267852710198,0.03617789859653529,0.08369985717647936,0.07917982411028135,0.05039989279396447,0.0864327293476949,0.10151414073380893,0.05008871914823787
2023-05-03,0.05048918071921613,0.03613168687958002,0.08336748475855953,0.03053053557229337,0.06606034922876401,0.07600599385129868,0.01921580912796036,0.0905387868668056,0.06832526048920598,0.06784621771434134
2023-05-04,0.028671847220781733,0.010475543495425845,0.08325570412475398,0.04071083323867177,0.046661530958419864,0.0812248292341991,-0.09177391413558975,0.06250505107285546,0.07114236798475321,0.125097932486112
2023-05-05,0.02746696122060229,0.00889621378125725,0.09790019163872488,0.04873833327022563,0.03656771345248627,0.16120266393391053,-0.016959355029826588,0.07110278702754262,0.052853374952798425,0.0742693599166361
2023-05-08,0.062205038812283085,0.009714586965282612,0.07919721109248325,0.053226600567445215,0.02825180896832418,0.029901775955940343,0.013555565200205143,0.07552966004484349,0.04758256742884975,0.09282156530916638
2023-05-09,0.05460085527350047,0.019669407183204278,0.08756210442257399,0.05407235091772058,0.04642185793829724,0.05742757285951579,0.08780324740538377,0.0713008844743401,0.06645971161923317,0.14424322201645212
2023-05-10,0.04979057018233364,0.014828827011025076,0.09319330771028742,-0.009876766054852949,0.04001268834288272,0.09421164998874991,0.0055300926296279794,0.04951945368381017,0.023470057743691475,0.10198410803498974
2023-05-11,0.0766337134548891,-0.0024407136165815802,0.07310210193821344,-0.007915939274663867,0.04847532697056813,0.063265174066574,0.09140370455387246,0.10069865141877532,0.05289003849579433,0.09358666329220429
2023-05-12,0.09335263436675147,0.01684842561666631,0.11899397795666804,-0.025231737294220354,0.07589713509733605,0.020111601335000177,0.03538880818862007,0.08872854124785487,0.032604817330529556,0.10562012563510212
2023-05-15,0.1183630754505614,0.03599067641440025,0.08873072704316282,-0.018858935973924677,0.07268697895377958,0.09706584678364871,0.01010848358980001,0.18094527345511655,0.053487933775908596,0.09163998959738835
2023-05-16,0.08271660279101793,0.029944254361736915,0.08430345135892854,-0.02442687795087042,0.06316101421777467,0.0688055083072951,0.0912852487022841,0.1319268431592502,0.08423368502104564,0.08326974782806898
2023-05-17,0.062191922422471735,0.0398114220997438,0.06905336864757741,-0.045273188475183454,0.06420595392296088,0.041709728109286935,0.09629066469318102,0.11910067709116291,0.06051934556958597,0.08291585273000372
2023-05-18,0.05628560201811751,0.07668484938428052,0.03610562482215394,-0.0027146256501223045,0.008375265578270223,0.04776374017754166,0.15488097867730813,0.15925533618013524,0.05044815967265328,0.07363979586156424
2023-05-19,0.04441372867652149,0.06766854673237122,0.07548554093083874,0.03490324956658513,0.040462954829957924,0.040089893629526134,0.06824159476553807,0.1010740134364883,0.1029833664110538,0.056622591991526465
2023-05-22,0.04253415245101433,0.049426529060059114,0.0585552167443234,0.035213491164048205,0.04018141433108306,0.06492418671097958,0.14776376830102586,0.052217945320755,0.06636324141855973,0.06837372387133511
2023-05-23,0.03046380712353394,0.0512404217302751,0.08646204596926166,0.04549004172841309,0.060022053998499816,0.07103735463271654,0.09260778289363981,0.04319389169157868,0.052287793424338966,0.05507648584351636
2023-05-24,0.03417686369990743,0.025114566867802446,0.025063387789031583,0.07317980559671984,0.09495557184622297,0.14453675047970688,0.06284058392639476,0.06011740112355198,0.07899700514003549,-0.038101383316909467
2023-05-25,0.02965527954775537,0.012937933467423854,-0.001913035334923801,0.029500759286702115,0.048599883506673755,0.0018658079441979468,0.03026164100372704,0.16354351181691823,0.06772418861187553,0.06562810232181744
2023-05-26,0.06547589712679164,-0.007386354644017448,-0.011080542702397203,0.005733283968912518,0.060852700115560286,0.05197891332406436,0.025358504399889147,0.07520777299437886,0.10598607871971397,0.08586739142013404
2023-05-30,0.058967074107523366,0.031149550827481703,0.00828889745766113,0.03401218931260835,0.09188402229926242,0.026370454020473093,0.013764428446273319,0.07440495211414372,0.08266099014918601,0.08888293207965482
2023-05-31,0.03290808366232878,0.008417419346674783,0.034575217352726464,0.0317498722401516,0.10878851486617495,0.04884711654596406,0.03828658080975505,0.09927141902626398,0.0868204182511497,0.07325481205673959
2023-06-01,0.02373740630105664,0.029655739881910177,0.08153815115355911,0.04894502593787884,0.09173456546633885,0.06643835547508715,0.07015459297637623,0.11049345732449371,0.06616206961819493,0.09942064088007778
2023-06-02,0.025960940816958315,0.03662708055619409,0.07688813792753521,0.03107356707546901,0.047881297612479876,0.08420334809450254,0.014668993597889627,0.1163709700982278,0.07726211047619402,0.0759968648572267
2023-06-05,0.02222425833131684,0.04043666852965488,0.06663246532750776,0.0015639256693603,0.09970231676623005,0.11740675165177243,0.07832336848463575,0.009894646833588086,0.08337226412698648,0.04583920298897221
2023-06-06,0.04465961885393604,0.04218347201075134,0.051042916012502895,0.002281209705499457,0.04952065996907127,0.1186806929595824,0.12181814686307953,0.05092034457958227,0.059398742462724044,0.05443006930702336
2023-06-07,0.04592564431096183,0.06523287022938977,0.03082824030463156,0.07299258424811075,0.04445345585239672,0.2238707696613873,0.08872316150842868,0.09098136531721757,0.05577278068943507,0.05443006930702336
2023-06-08,0.11070329876811791,0.057048024597370975,0.04484276039992376,0.05490811172096273,0.09140063723493112,0.18716110289104143,-0.034932733610742894,0.0005237161229038693,0.059424001941104865,0.09742414968914005
2023-06-09,0.06622907536915537,0.056851016398247314,0.08556282092183823,0.07450429670286404,0.11514642482328744,0.17679351303847207,0.015186356930115904,0.054293269828273184,0.06863986565193428,0.08564775820078836
2023-06-12,0.10894390881576876,0.05728283632899028,0.07692247023065396,0.04927693643321992,0.08656039432663606,0.10681271334333346,0.043028044321151315,0.06507079279117327,0.0680312145281901,0.059925588800525564
2023-06-13,0.07341107053443942,0.06295829829340092,0.0662186742673368,0.05540310566214163,0.10960759621775737,0.12439041368981468,0.03423611448175852,0.07487266931211167,0.07964955042620081,0.0710392814225726
2023-06-14,0.05925844935468043,0.06407775441782285,0.08197356062266899,0.10483893912829645,0.1011807460834233,0.09617138690432091,0.14258939565779866,0.043004893766322,0.09976985901429261,0.06685340983727062
2023-06-15,0.05950677208938049,0.07400303998225226,0.04838181819289043,0.07543447793738281,0.07508916608459353,0.11536907126617231,0.15566344375122537,0.12082442938795727,0.09522147168843155,0.09273645992420163
2023-06-16,0.050583242792824064,0.06418266157546976,0.04065565657303807,0.09560354084714409,0.06986314776009939,0.1259228234530042,0.13790147052554447,0.06626574710899423,0.08167596401907166,0.03242907270247256
2023-06-20,0.07046305864733508,0.06514732993920205,0.038915993270914266,0.08812172564412782,0.0948849501452005,0.0804646203972409,0.11486457072247229,0.10971028461657852,0.1105392477518449,0.08791915106550957
2023-06-21,0.08587303909822339,0.044545458054706145,0.03895599551394284,0.07433343830820642,0.07180046001066098,0.08508350775400476,0.11274500904312874,0.04451406288949669,0.09798331351305026,0.0984614422314488
2023-06-22,0.08097330933321199,0.06624436886186759,0.059385663675961896,0.05744987448006905,0.061202751118218435,0.026868489296320637,0.10602358340391047,0.02677684485530253,0.0495393312309224,0.04079394114009068
2023-06-23,0.06931569753217319,0.06883148400314983,0.041790139420338226,0.0799666821930619,0.05644627852325673,0.04314010397532487,0.07182359211133604,0.048671418274283264,0.06748701447140858,0.07913653282343126
2023-06-26,0.08534344018231343,0.061584354414798294,0.04977787072466993,0.05871128979104871,0.0773336301266156,0.04581729153910547,0.06531299538916925,0.06319983440507773,0.07820226890686498,0.05778206468137635
2023-06-27,0.04615671003417739,0.04344972834002425,0.04819280270533551,0.0544013851132244,0.07879408675107706,0.0854464480858857,0.030996144895621018,0.08788701467914721,0.08646912588018993,0.10246931136937065
2023-06-28,0.06588714002278492,0.06011759667112728,0.0424640906924459,0.09400494848369062,0.06583363327850611,0.06493242498963642,0.06613597200334945,0.08292998228913871,0.08580182466086735,0.1070843509216495
2023-06-29,0.058073012423053676,0.06995795333630708,0.06622781177859517,0.07201577553033714,0.05836097784867198,0.11010873958335245,0.09506181440471763,0.08739386484316476,0.04128416338602876,0.03637674693125046
2023-06-30,0.022276596664716028,0.07794219111309361,0.06796311189280081,0.11587674856645631,0.05495156213072006,0.08417196579785961,0.07124305304986382,0.04632100656423113,0.0410592934478287,0.10647087847375028
2023-07-03,0.02079251176484349,0.06989952545512712,0.051079692937137114,0.09645783237763757,0.06286593374362104,0.08941603275412863,-0.013493414064390767,0.0346121339143095,0.05964701283618688,0.10955999433712733
2023-07-05,0.0438787115469327,0.05099165189071966,0.06498268418031364,0.09386661456248467,0.09525751138463626,0.11317304961386353,0.08578217381781682,0.06421880894861749,0.10844578633523572,0.05031133169146618
2023-07-06,0.11310101847878336,0.06437146633984485,0.0647246119858574,0.08436931711573052,0.10987945203420195,0.12829921256308852,0.054945883341309974,0.08105379196622518,0.10263249247745872,0.14557532133070378
2023-07-07,0.09784366546207136,0.06789296168688069,0.03988321160529913,0.03212041775969336,0.10219462203514418,0.103499475042059,0.06058034162632244,0.059437336461388844,0.07813730741328491,0.13206524259792002
2023-07-10,0.07578647117575557,0.061501286460307655,0.05097880773686608,0.0482898340620178,0.1104326547268836,0.05383506669470601,0.03987560461575717,-0.030860813027942684,0.06689764938663437,0.10201708746820169
2023-07-11,0.04653773508662726,0.06339102029072732,0.016049300396005967,0.05374877826356742,0.09101875394490652,0.053205322240915114,0.11857932722173996,0.0007796749952438722,0.09132390005183744,0.07008136308840118
2023-07-12,0.052901655304745485,0.05151968019381821,-0.03418086322805951,0.08054496328682273,0.08395250262993767,0.0736193814939434,0.0410200238977061,0.046022915766489016,0.10121635461331287,0.07380583716528287
2023-07-13,0.10241454798094143,0.07995161574132573,-0.01294346437426189,0.06693175330232626,0.059128335086625114,0.06699500200149738,0.07189668259847075,-0.014432193040337713,0.10097656445120329,0.04645890985483989
2023-07-14,0.03268385348788632,0.0714937002538696,0.004020944385412707,0.05366894664599529,0.08733944561330564,0.06537486510682382,0.06464781052955346,0.021510482417552636,0.10696354296746886,0.06208360842425638
2023-07-17,0.11456001995434936,0.07818380016924639,0.018661809077454627,0.03922822368992278,0.0957624081866482,0.05881040496741543,0.020152939972352974,0.038227821611701754,0.09536999873044932,0.010536058700916492
2023-07-18,0.09247175043813989,0.06008579102192184,0.040675983829414196,0.03766187204502232,0.08675627212443214,0.04133230882936202,0.049466950670993125,0.07250868213451814,0.07253585263348636,0.04767534307943187
2023-07-19,0.11687944978704276,0.05672513052255107,0.037145878108498356,0.07009148251774937,0.07062084808295475,0.07049653921957469,0.03490365608067789,0.10317060270826311,0.08907315779430493,0.08465830248482549
2023-07-20,0.1284354110065794,0.07370764257058961,0.03210925207233224,0.08923897511765302,0.050086676499747615,0.09893400233685933,0.003146906110602154,0.13355042014588203,0.10870404964064773,0.046557079623440016
2023-07-21,0.10358115897709567,0.07674185695182165,0.05496561249266594,0.12423654401782927,0.07586667322205397,0.06291461108955677,0.022076731089262513,0.09122868993174799,0.06622307155530362,0.09063021495512241
2023-07-24,0.10317530178537049,0.07203368241232555,0.03930625856998985,0.09154564045633062,0.0446640447742986,0.042264154341072585,0.004680138428661074,0.06875659193655546,0.056529488780976814,0.06182196890825395
2023-07-25,0.1282248191594253,0.07427707398916941,0.09167317237999324,0.08484697242543254,0.05401225207175463,0.06969763067182616,0.015990330381012142,0.10784447490052089,0.06837587130853,0.10354631260550264
2023-07-26,0.08156410166183908,0.08083795408801771,0.09689567047555105,0.1263871668021402,0.04782133471450308,0.05806410808652093,0.04716527587122693,0.1118696499336806,0.08194526341203587,0.086035613055779
2023-07-27,0.10505195666344828,0.08685620331014046,0.07277911365036738,0.11269800009031569,0.02938688980966872,0.03714294705768063,0.04211991555760953,0.1387570392388845,0.09059539122573954,0.1637231288800242
2023-07-28,0.11097701872801313,0.09325506787674862,0.09789613207393259,0.1244769206951311,0.07025773534082208,0.06222502026067597,0.023855979767629352,0.09793482805726914,0.10051285620201822,0.10432911626118117
2023-07-31,0.14449564526744443,0.08983879525116575,0.11233233790221352,0.11192461240816831,0.10821787965524247,0.06513453731664112,0.11130650248299107,0.12871655203817942,0.11440935703891744,0.06550716746590919
2023-08-01,0.11501124457223569,0.09428429055783501,0.1324262615510504,0.11695301441287312,0.10093066051090238,0.07120056110964482,0.11130650248299107,0.0757497734574229,0.13904565314940173,0.07531479714463042
2023-08-02,0.12194908067816623,0.09412497148300111,0.09797084103403361,0.11616645405302653,0.11469336022607168,0.06391748945771192,0.11227286550975915,0.11237942843680684,0.12513057922378418,0.0835592138732095
2023-08-03,0.09212383156322193,0.0668983341632706,0.07124778291157798,0.06334573127344625,0.14664069498397114,0.07996819460569111,0.07672163256206166,0.08575601800753518,0.07720778191909161,0.055722769539326734
2023-08-04,0.05512779247071938,0.05929344499773594,0.06785423622676627,0.06984270973785306,0.13614121344861133,0.1522464087812828,0.0031415050413744344,0.0873304586003063,0.06992454500875148,0.055678513026217825
2023-08-07,0.05618130609159069,0.04976951888737952,0.012778750390894496,0.0721584731585687,0.10709658674351866,0.140985239183888,0.0031415050413744344,0.032663639066870885,0.08162986333916765,-0.01495388020474367
2023-08-08,0.06548620406106045,0.07746034592491968,0.06052643515805008,0.035695037661268025,0.11509083560679019,0.09202988167814756,0.13582259807227284,0.0722868139775413,0.05280582159119113,0.029359079863504223
2023-08-09,0.12944233211745673,0.06556015125153376,0.1325697117550543,-0.011064419336932418,0.11800705423098239,0.06279090572981423,-0.020658640472199986,0.08253419492766847,0.06928967471158774,-0.03265114175411733
2023-08-10,0.07581340483999693,0.07693164469400496,0.06423958919290776,-0.0012907557484311354,0.1519576759429315,0.08992592933764383,0.07352576812490023,0.03551032932205833,0.06174856091883627,0.015086742963917434
2023-08-11,0.04616310322666463,0.06831339804997157,0.07883857559483895,-0.011751059387842976,0.14716524356107988,0.1232268969296586,0.07229439292275494,0.014915219548038896,0.05171915825961635,0.03991426937732576
2023-08-14,0.08606096454209242,0.05274721123559358,0.043856926482801976,0.042259903803201215,0.10425905234566635,0.10795475804141484,0.0864283666685781,-0.029782758814051572,0.06588363637060843,0.05722828470688285
2023-08-15,0.07921425413917273,0.05672560114118937,0.056228136173719835,0.047767618539216836,0.12742496936047995,0.04723527243549183,0.11637076760354503,0.018887504585436837,0.08753746753711558,0.13424607198930888
2023-08-16,0.07073172498167071,0.042250072477964626,0.03877947173486085,0.017937814068879603,0.09612493195653847,0.09412768725207028,0.054406883983222395,0.08870937510881084,0.07449131169141039,0.10115491454770513
2023-08-17,0.06065197137821189,0.052107693510052976,0.018739053981741804,0.03618013001417371,0.06480684365051882,0.1361163748347135,0.054406883983222395,0.1189455012819002,0.08243717075723656,0.03508356440762871
2023-08-18,0.04717964758547459,0.04555765425922724,0.03668527250014849,0.021181197787226914,0.05216812966422063,0.10983602177870949,0.04835458932214828,0.13007487989165162,0.0818483173383612,0.10068501207147029
2023-08-21,0.06558721582361635,0.04904604728392927,0.03605265785724185,0.03702913185815127,0.09220256037382277,0.054097546032433205,0.006595441848568898,0.11700242315275626,0.07235775430396339,0.0888534305438185
2023-08-22,0.04857325353576473,0.04370242041150841,0.06351065134766301,0.05557640536575165,0.06554928474217707,0.08039847881522892,0.02847601006811321,0.14381606476027523,0.05924919491911737,0.02249755907251978
2023-08-23,0.06282101387236619,0.05359197075052942,0.034590192475077844,0.04701760357716776,0.07952994115734133,0.06700457765114824,-0.0006222401625508989,0.08100533512537594,0.08160463429482157,0.009047786572717046
2023-08-24,0.0843776489514534,0.0632586749447974,-0.004611683153555229,0.09419574365461979,0.09237918964647782,0.05369527398965438,-0.049357206477642565,0.06312440288723953,0.09456749789928942,0.018062851851177533
2023-08-25,0.06945639559726523,0.056336217639965935,0.001297880647013311,0.0849232735475243,0.11015057087542965,0.07303434932643625,0.008505078548791055,0.09671245747691862,0.0951044865222316,0.017646576540905172
2023-08-28,0.05276615653831224,0.018309533982199512,-0.008962763455717521,0.05449584903168288,0.10446004725028643,0.0375591495509575,0.07963367450819966,0.08263357558873051,0.09485272781545147,0.014349937080676537
2023-08-29,0.0752642005123648,0.03310508614686317,0.019490955332664855,0.03265655592011181,0.07220930876766558,-0.00036911959760727725,0.13492420420124662,0.11399401681954013,0.0966861981451203,0.01306162231265654
2023-08-30,0.1085844670082432,0.07450041167549247,-0.005833908566102215,-0.010117851608814349,0.10666790528750292,-0.002392508303166757,0.0953472868367967,0.13029036261614804,0.0991878781284929,0.012388998208437689
2023-08-31,0.10170816319068066,0.05672081345197658,0.01150614636822835,0.030972876705234874,0.07411007858809829,0.011256493187760619,0.20269448496673922,0.06739389474176147,0.0838474992067326,0.038270763250241605
2023-09-01,0.04721571149195709,0.053097113729889144,0.043872729404067626,0.03071160034317245,0.08133727461428775,0.04746753783428201,0.12659370899477873,0.13549274235248,0.08125302592618151,0.02332406417362377
2023-09-05,0.05809775519477585,0.04857640915325943,0.08399111745913042,0.02955585028892662,0.08838386489325456,0.06682141411174355,0.11455427412596195,0.12114743792737956,0.09562320776031148,0.047876371995376484
2023-09-06,0.1293387396093645,0.04366988271444956,0.008774759979005028,0.03303551378538511,0.06465800516693161,0.06956649829671793,0.08402170310884327,0.13415383233257477,0.10729742580846162,0.04373673959875709
2023-09-07,0.14601971529513189,0.044219366254077484,0.035503490779654145,0.08467526315851069,0.07081089233350996,0.06836794330892307,0.10408625086809231,0.11711706778995973,0.09139015053897441,0.03480747041137212
2023-09-08,0.10896586545877922,0.05888287932779897,0.07168796171922859,0.07979882588488858,-0.004208293999882246,0.08322307331705982,0.08170644954026969,0.09508985643824117,0.08613283647042738,0.03522498027424807
2023-09-11,0.14601902385219126,0.06222201338567564,0.06366515644226084,0.07950302678040191,0.03632580400007851,0.09593621525378422,0.07163025758573034,0.12258405616542681,0.05395834267673662,0.051151653516165387
2023-09-12,0.08576647261130929,0.06612291633119116,0.06121010429484056,0.0751355546871381,0.072108202666719,0.08418924506459381,0.05081660090068375,0.07983748931471363,0.08810831972099901,-0.01566556432255641
2023-09-13,0.1109004764746227,0.048134991876079176,0.010443402863227053,0.10056427455333017,0.08007046844447933,0.11023935782084032,0.036128710711007414,0.11084739552300595,0.06990761314733268,-0.015320295920153703
2023-09-14,0.07039475996746718,0.08051615260487914,0.01969458339029952,0.09780207192444235,0.07593690970776738,0.08393469092817926,0.04819916263873121,0.07490050941499377,0.10231285320933292,0.017348127413437574
2023-09-15,0.08766155475765948,0.056120289819522697,0.03364483337131079,0.12420070549910103,0.07593070813254385,0.09140507172989729,-0.052697386632450265,0.05256283960999584,0.12587352250992562,0.02654541827562505
2023-09-18,0.07652392303657803,0.11654041543523737,0.0046914250147392575,0.10161023066790546,0.06711733767036063,0.09351588115326485,-0.09513823300070158,0.13472195403187734,0.07941145228260274,0.03527879073664169
2023-09-19,0.06540021424104059,0.11837469254124049,0.012347508910276726,0.1456543760008259,0.10519329315404417,0.09278882817625064,-0.018278892240776543,0.1033749029770114,0.08185102819735839,0.08749212876035554
2023-09-20,0.05669359200775256,0.10128596169416033,0.01609390337608192,0.0999060644159594,0.07476886210269612,0.08286953624448455,0.0005417881173857102,0.18271609710642917,0.08846700490935006,-0.009898774388024872
2023-09-21,0.0992939099000783,0.04358853001832911,0.017827360243520222,0.09955472872772331,0.05651257473513075,0.07148709823706377,0.03054383853642389,0.1429741029358791,0.05135456676496353,0.05268824272830954
2023-09-22,0.07472468586326306,0.04506044858364797,0.04821746164800636,0.08141115248514888,0.048931716490087165,0.0949424107294711,0.020600549963525366,0.10542242475233991,0.0384957667321979,0.05516963968706985
2023-09-25,0.04722969540820395,0.09114733609280236,0.06174240371456816,0.05831110165676592,0.05619949765617918,0.15204355159742516,0.0640728545651658,0.06304081316354068,0.040863659302946755,0.05898495086062766
2023-09-26,0.0286434965544092,0.06948160898250316,0.057014913737312406,0.06143162332673284,0.0668878595485639,0.15685681217606123,0.023404428046848388,0.11840862483658213,0.03452888845674676,0.03142054502115308
2023-09-27,0.060526217163256305,0.07912573932166878,0.08135865722579387,0.08190400285274253,0.0739112505301582,0.14572745811737414,0.06834504615703889,0.13952504783799233,0.06236719547910101,0.048974271674915665
2023-09-28,0.08708068863796185,0.07305204843666806,0.1226017714838626,0.06969877967960614,0.06240386366571065,0.15324691652269387,0.047779864653525114,0.16534626595416052,0.08160875254162289,0.013873629336865858
2023-09-29,0.1063786802588883,0.07454511560685784,0.09839155135961211,0.08498148804037235,0.07140776667379944,0.12847532530084355,0.08674781361930183,0.20268290269477998,0.08107850169441526,0.03886126839266127
2023-10-02,0.09883798666841734,0.08599063728293665,0.11419414535085251,0.03501154758247045,0.07492295556031074,0.1666286835588813,0.15960061081827873,0.13962193512985333,0.0805066634672725,0.07137200724579348
2023-10-03,0.13549918158158272,0.08221272788559413,0.14217835880533025,0.07676303172164697,0.0674019703735405,0.13402912185291985,0.08550711874931767,0.2154480267337981,0.10601742410749682,0.06676260800513216
2023-10-04,0.11969083834028828,0.08198092970150721,0.17854657253688683,0.0895581935143862,0.10053674545350506,0.10566291626403532,0.08701455435036246,0.13697585026396286,0.11601335396340243,-0.04197326132991187
2023-10-05,0.12029190882964176,0.06394811980100482,0.1502065635094397,0.09856460782911151,0.12482100367255197,0.1130327283542214,0.08236463821062988,0.08128793713149485,0.1054611590525247,-0.017207729775496804
2023-10-06,0.10174845131831808,0.07716791320066987,0.11258958934817347,0.05466522681408485,0.06404313603763401,0.1037797721704534,0.06876286731493035,0.07929962982755188,0.10362383253074295,-0.0008157087392200918
2023-10-09,0.10015745003791272,0.06379474516408294,0.07357166080453731,0.08783292898716769,0.11455080750197855,0.07932787926854284,0.18042638525526575,0.12706278634281656,0.07518284806078834,0.03085375231449427
2023-10-10,0.13026232249524525,0.07125366344272195,0.048733960895583246,0.10592827133943046,0.0951894309134506,0.09908952475313529,0.1038407492843508,0.17636923519355077,0.06365183491133895,0.05180414975469222
2023-10-11,0.10120650132933644,0.07460329943800512,0.06505693689335179,0.12045036106121983,0.09687339838674483,0.13396825459732828,0.11060956957504803,0.14119223262155406,0.0839582708932736,0.01208973007104154
2023-10-12,0.07752322674946661,0.050821588514225635,0.04132162386010029,0.08273370365758073,0.07233797987687751,0.16109594750932996,0.10772094662345744,0.007079857781363984,0.0957874497954516,0.04301815419456007
2023-10-13,0.048729828853522686,0.054030709803134555,0.11145228049987632,0.08302530748889221,0.07405820330432969,0.16202605595780742,0.11900309058517419,0.15615144080437127,0.10782361520260446,0.03968573690622696
2023-10-16,0.02754591445199426,0.06538198113859764,0.10175071476572145,0.07295261675730069,0.09022977442510868,0.08842762339439383,0.17522761429385655,0.11167504454297769,0.08860291517468591,0.03243503468871328
2023-10-17,0.060441720745773954,0.08064180224054657,0.07562900608951797,0.1003294111715338,0.13460930363451257,0.10986447957212872,0.1790056334206547,0.11272729695078362,0.0904805307513779,0.013894355562944999
2023-10-18,0.020452475077086533,0.10311934964184585,0.09188821644464729,0.11187003954645462,0.10813009131189726,0.016695647341292353,0.20592360957259942,0.14803903130052243,0.08311501233880207,0.026257348153074445
2023-10-19,0.01808683523657621,0.09366537450870532,0.03190916768050788,0.07971769498600396,0.10394258612712344,0.09594147596077973,0.09046314501854447,0.07795280658130066,0.06541001418889728,0.018757266012888414
2023-10-20,0.040369042642994846,0.05577683168305223,0.06137724815064162,0.11103179665733598,0.11662667646570132,0.07795356333893251,0.10693376334569629,0.07027472819705759,0.05348088552764091,0.054010803165720406
2023-10-23,0.03265779078129346,0.06071762625575848,0.05625251253173536,0.09689208666044621,0.08154326050094375,0.07895670889262167,0.04112535962644921,0.09421808318609876,0.026070763459651113,0.05372935114780399
2023-10-24,0.013486826191499393,0.05521178147092657,0.02960558357496541,0.08313924837677367,0.0505718403339625,0.11429387430448283,0.01987019077452219,0.11237030799665365,0.04402700588668099,0.036094011783837456
2023-10-25,0.031933097132264075,0.06644174320283994,0.06614124619283408,0.0704380514008499,0.08227956022264166,0.1783854524348726,0.07838859013211373,0.18009188274695734,0.06274564128709134,0.07736255739177077
2023-10-26,0.07725472236397792,0.04431850340506789,0.09523541318833816,0.08653028909793965,0.06908399252938016,0.16521852384547064,0.053770738210151076,0.2012891325631114,0.05506373161829481,0.05138476326132855
2023-10-27,0.08888339017749852,0.0712254467144897,0.06015557011337704,0.088567400559367,0.08468510613069788,0.13250878309274763,0.038301402776742245,0.1598115778590935,0.05714458858586602,0.10033997606764156
2023-10-30,0.044852347144692904,0.09448705971442171,0.05599841213334943,0.09745346182130651,0.09075888893561676,0.09565785539516507,0.010456493565568704,0.11965119645806177,0.07196406119686685,0.10322656144947935
2023-10-31,0.06525978616239182,0.09003870932528399,0.07247397719004182,0.07273053423945121,0.07168748151263339,0.05588234314462643,0.050191180486863454,0.11828785950706958,0.06342160700947744,0.04920159290292028
2023-11-01,0.08350652410826122,0.10663525066130045,0.11367376735418755,0.11006664268266483,0.11089163094994273,0.10427227753720847,0.06540756790336509,0.11912964413994022,0.06142036039721014,0.0834127989926466
2023-11-02,0.054119904961063024,0.12799439462076115,0.1360464004583473,0.08155547306542804,0.14475496267359128,0.0804298516914723,0.1033586067439026,0.09413604990827142,0.07024370702349089,0.08264931122712345
2023-11-03,0.04275049219626424,0.12536237419161853,0.07995822775654524,0.0867386687615797,0.1263779148916736,0.09063245668320376,0.09479136230928031,0.15287422849010301,0.09638530097862355,0.09085750907205056
2023-11-06,0.026284031082611587,0.11306913834996793,0.11143754967526089,0.09459244584105313,0.1343399463577499,0.06010512323076195,0.1446019266515062,0.18226452881993213,0.11085864509686016,0.07252519514502606
2023-11-07,0.03746618858098717,0.08748962662484634,0.06163615446397647,0.07421459352366507,0.0999566944896136,0.06677016869820566,0.1327404923398244,0.2149896212895847,0.12030055993470332,0.07398108229032532
2023-11-08,0.06028234343395058,0.08071367700915681,0.03433993630931763,0.0999129260924851,0.10864501854863126,0.05013253131205682,0.06795081868508021,0.2490901117979721,0.17118555847498737,0.06005829348054775
2023-11-09,0.05700950080493796,0.06619116928815583,0.030956032405207203,0.05863068152776996,0.07991467903242086,0.04861054856003307,-0.08174339810755604,0.11687671094568912,0.130394777078563,0.06981924836255199
2023-11-10,0.07448974656837135,0.060812273677484006,0.04032292970623731,0.07139601588987332,0.08749322036504822,0.09319528678517622,0.035780176081326054,0.10998586422292253,0.12992959741745472,0.06779281923728372
2023-11-13,0.06342085222173524,0.06344154608801963,0.03338814361368202,0.043847343926582204,0.09872230415843743,0.0330255984677821,-0.031946374876048865,0.050033128484941757,0.1377728620464191,0.0736967192918854
2023-11-14,0.06928610298848806,0.07552058869636093,0.045499711904070844,-0.004674151667992802,0.06565586580111551,0.04720812963923317,0.02853726666211847,0.056011232830898906,0.12958094859531996,0.0652333809687316
2023-11-15,0.02251285464645757,0.0749603924642406,0.04888312324726656,0.03935108936419527,0.07966417221856478,0.06801234931901426,0.08314944294771735,0.17732832573154783,0.13580064058218128,0.08424391227787499
2023-11-16,0.06121586061672314,0.09415819611576154,0.05858110994262215,0.10876971026064797,0.09247057572023751,0.051812398858725545,0.06893658975525783,0.02035917790705178,0.1010342702486307,0.05636042997742732
2023-11-17,0.03488550791290065,0.07586749582320611,0.05337178162841477,0.049034006412889485,0.08860927270238057,0.08269740754701213,0.03375819164951681,0.12660022597518944,0.10488245000702363,0.10476421143825428
2023-11-20,-0.005811031470210003,0.06433592314139666,0.05284831099854885,0.08402778205303743,0.1304587686282745,0.09130627169800808,0.0901637944330112,0.1025126506501263,0.10795176667134909,0.1237863206551234
2023-11-21,0.09359004643511167,0.04391111759209994,0.041824115093426505,0.05393196581313607,0.08081273238960274,0.08623246457391637,0.06034682232479638,0.05520843704362195,0.10543637872652586,0.12468885487047453
2023-11-22,0.09101655194675608,0.03855802337428725,0.057414295121877644,0.049228355914984326,0.07491320855730209,0.07468730169007212,0.06059775819205756,0.0914650681539706,0.12190341915101725,0.10285664290388277
2023-11-24,0.10038211131228628,0.04419156256563043,0.04638343975521354,0.05015263785365045,0.07872141042223238,0.11478986779338143,0.13481550315354301,0.06366015513184116,0.12745714217910953,0.08681601991064058
2023-11-27,0.11073249088411355,0.04889059726597584,0.05673482399233866,0.06018940818443748,0.06963927361482158,0.11790987808501785,0.07213259857868466,0.09995192728910503,0.11502166942131431,0.09207053448736834
2023-11-28,0.0899956749881682,0.05244113627255531,0.022999342788146533,0.06221173120139846,0.0709395157432144,0.10298409588806771,0.07382589905245644,0.02752474346729663,0.12546781229394813,0.11744376485123678
2023-11-29,0.08789362191063117,0.049814368626147985,-0.0029469586457282187,0.08329690887975298,0.046981963037923985,0.027842557763215526,0.0956866446570499,0.04038049358912228,0.13383826375152097,0.07437668043015037
2023-11-30,0.07253453398821572,0.04598993622695581,-0.0003756576156706638,0.09688902826944137,0.027067820352029863,0.041780224447780255,0.1152480874482404,0.0581014133800107,0.13876380281847428,0.0853073104129315
2023-12-01,0.09967167817297616,0.05207847600315572,0.017171822780489586,0.07557269815313068,0.08275188023468658,0.1332726496318535,0.10370014135668527,0.0901342755866738,0.12694205902184003,0.11051324057469412
2023-12-04,0.09013666986652447,0.1017208172800807,0.02115694541146393,0.07107030886049247,0.06674792015645772,0.12921843308790232,0.07748636506867634,0.06452735716125674,0.11424176483808943,0.029621896064014535
2023-12-05,0.07496847909313076,0.09973240891789184,0.05060579754357399,0.10507217349958758,0.04048994677097182,0.1254926061855857,0.07142986572900765,0.13848034344841054,0.11873064247842749,0.1493571974676891
2023-12-06,0.04814657153217264,0.11431271705637232,0.03458070624099357,0.13246999066639173,0.046168799204670825,0.056830070790390465,0.07733528468011568,0.07845427497979761,0.10695062439738305,0.10517945930322262
2023-12-07,0.05118279604869941,0.07615307063017414,0.06601318165630848,0.09339457711092782,0.07515050349703953,0.12726831989370263,0.05062460501049803,0.09162434373622397,0.1115947866352924,0.10294282509740633
2023-12-08,0.0689329751435774,0.11270704708678277,0.0332345655486501,0.12328585474924937,0.07443479480670177,0.03453266188860628,0.05323210476946664,0.07496002354907387,0.11893511172511557,0.11645822670252845
2023-12-11,0.06199087231794048,0.08184569805785519,0.0185461389371953,0.10126815518967143,0.04478499886275644,0.03577045133024675,0.10846107652215403,0.10480438941743443,0.130683390780017,0.14601891530354486
2023-12-12,0.05204232757703969,0.07757099447243256,0.03621444023666213,0.0832041233010508,0.050880672642511025,0.051036019317036795,0.07862141009743584,0.09664310097192037,0.12034118569007934,0.10753821816518479
2023-12-13,0.08934264991256269,0.0683777740927328,0.03678506279440802,0.09506006199868032,0.055614337317229576,0.11327734621135788,0.02214336757103581,0.12665762287016916,0.1121900576558201,0.09825436766567874
2023-12-14,0.10555142179966064,0.052846349395155215,0.07988266990832578,0.1111785598509721,0.07110872487815305,0.10890777049011162,0.06974649722651127,0.16195485969122386,0.11890623451564479,0.1069295913779449
2023-12-15,0.1495220436475844,0.03245923293010347,0.10299927204244283,0.08267412379269394,0.13370966708350923,0.11744760870656319,0.017580998151007513,0.09170986854385679,0.10694165634376318,0.04470960361837217
2023-12-18,0.07954543695454433,0.05326484074767868,0.06455086294978798,0.11892013220060955,0.03589184907463807,0.12384419197639694,-0.05322747441780306,0.08198226474078171,0.08454105709112833,0.08633290987010896
2023-12-19,0.09668181045990218,0.027323494050317632,0.07808606542504427,0.10699267920933005,0.11008024707657818,0.11861929013143264,-0.06720204503117806,0.08834603578783025,0.0812110732081445,0.07142840325979785
2023-12-20,0.09668181045990218,0.027323494050317632,0.07808606542504427,0.10699267920933005,0.11008024707657818,0.11861929013143264,-0.06720204503117806,0.08834603578783025,0.08748519611897813,0.07142840325979785
2023-12-21,0.09668181045990218,0.027323494050317632,0.07808606542504427,0.10699267920933005,0.11008024707657818,0.11861929013143264,-0.06720204503117806,0.08834603578783025,0.14845679741265208,0.07142840325979785
2023-12-22,0.09668181045990218,0.027323494050317632,0.07808606542504427,0.10699267920933005,0.11008024707657818,0.11861929013143264,-0.06720204503117806,0.08834603578783025,0.16078786494176805,0.07142840325979785
2023-12-26,0.09668181045990218,0.027323494050317632,0.07808606542504427,0.10699267920933005,0.11008024707657818,0.11861929013143264,-0.06720204503117806,0.08834603578783025,0.15650524329451204,0.07142840325979785
2023-12-27,0.09668181045990218,0.027323494050317632,0.07808606542504427,0.10699267920933005,0.11008024707657818,0.11861929013143264,-0.06720204503117806,0.08834603578783025,0.14997016219634138,0.07142840325979785
2023-12-28,0.09668181045990218,0.027323494050317632,0.07808606542504427,0.10699267920933005,0.11008024707657818,0.11861929013143264,-0.06720204503117806,0.08834603578783025,0.17181344146422758,0.07142840325979785
2023-12-29,0.09668181045990218,0.027323494050317632,0.07808606542504427,0.10699267920933005,0.11008024707657818,0.11861929013143264,-0.06720204503117806,0.08834603578783025,0.16365229430948505,0.07142840325979785
