date,Comm,Consumer,Energy,Financials,Healthcare,Industrials,Materials,RealEstate,Tech,Utilities
2020-01-02,0.0,0.0,0.0,0.0,0.0,0.0,0.0,0.0,0.0,0.0
2020-01-03,0.24313833333333335,-0.07498738095238093,0.21303416666666664,0.08558933333333332,0.28180904761904757,0.108775,0.19578333333333334,0.1398,0.12349846153846153,0.7506
2020-01-06,0.153369,-0.08534785714285714,0.0698065212121212,0.12801955555555555,0.3099441666666667,-0.03690249999999999,0.160485,0.079,0.11846554532967032,0.53459
2020-01-07,0.1873778216374269,0.00635477274067521,0.08009773843700159,0.03241741754385964,0.3599539348370927,0.03839210526315789,0.04169289473684211,0.17117333333333332,0.028591282244071713,0.07515315789473684
2020-01-08,0.3082715829959514,0.08921797159414371,0.09486548873348873,0.1637319571524966,0.2604569363408521,0.02955741758241758,0.15234884210526314,0.25741421052631575,0.10508024334319527,0.34108
2020-01-09,0.2542881135154236,0.07655758660190287,0.05507955945160685,0.3161598829343379,0.2855863884635638,0.004178088586394892,-0.09539494804958075,-0.05836850202429149,0.11198836082756106,0.1862340350877193
2020-01-10,0.2387743897611327,0.20840367297292572,0.12057863112596225,0.21959217751962848,0.26173440241629714,0.03128687475393864,0.0008012267873475087,0.03014407582938388,0.11773182648930018,0.24398574898785427
2020-01-13,0.1903324558755468,0.14132569884443133,0.09191156021248562,0.18374976513696165,0.3022625954222661,0.05464044369666274,0.008117710613815506,0.1073003990746096,0.1947501665956931,0.25501014501026537
2020-01-14,0.16001375468745369,0.12551826301951174,0.11939921289842222,0.23414736384166113,0.2540275039000474,0.06179616844912269,0.27488915971300887,0.26464434191355024,0.21716634841384602,0.16428114233359561
2020-01-15,0.121649004051258,0.11383419965815193,0.16283203211532368,0.17698719373757923,0.23792198431242945,0.13499250503421778,0.10253315645717513,0.22418420301348135,0.22830416292134928,0.18484915054756856
2020-01-16,0.07558869197597097,0.12854410509164518,0.1765175160808507,0.14164651191170513,0.23619724312662202,0.060047720686693486,0.17196193497224424,0.2212917246803064,0.19414597858698454,0.2130199050549028
2020-01-17,0.13139956795166055,0.19462574401879562,0.1683235629626635,0.12920594100823815,0.2154285270808488,0.1296591277628248,0.17525734142456692,0.1296450029252364,0.22672928252791663,0.18483252686517593
2020-01-21,0.1214805987400326,0.15931760689734556,0.17511132476442576,0.15438522748749595,0.21751524889316132,0.1593916829250315,0.23576514713169558,0.3390378758445899,0.19580886083114277,0.19574057982314566
2020-01-22,0.0952406615717852,0.15434349255212676,0.1696582000686851,0.16241046287201596,0.23911271697884579,0.16188049154123693,0.14239594648767737,0.25718951432806475,0.1532616592479688,0.2110363946968173
2020-01-23,0.11311752797473457,0.15490077604636404,0.22124948955210458,0.1014234044624815,0.2259264894202071,0.11861605193076497,0.06880869907567755,0.16099587199092188,0.20578772123842698,0.1877591368886683
2020-01-24,0.17693766088345667,0.16492842422491114,0.13792868593798613,0.10620220338125441,0.17182041402043124,0.11767589542752642,0.0934429799613579,0.21249632957575496,0.15717721848198402,0.11267734649352161
2020-01-27,0.1686297974519862,0.14597060734959091,0.16296280733887228,0.04864623775370711,0.19320476333318645,0.13237315541009997,0.12376294346371508,0.16144852910340207,0.15570101377876067,0.17493322310080023
2020-01-28,0.11388827377253664,0.11461908665129181,0.10828101081658888,0.09055981087869934,0.24887458862807335,0.11182758560784797,0.07607096548808373,0.162816199693262,0.06171956559344449,0.09283637886711174
2020-01-29,0.1160463327717646,0.11038739855559786,0.12952986584840284,0.14214510793863994,0.250416768065357,0.08760394667099121,0.11086741248998447,0.1835154251562203,0.024118298844274116,0.11348310774079871
2020-01-30,0.2023127609760532,0.06775364660999865,0.11767567973315049,0.12592972572418376,0.2346647857732731,0.059132328680390464,0.1090467061836361,0.1636388032444044,0.13799062662555991,0.1435581704056362
2020-01-31,0.13444396684677157,0.0627962697902816,0.12230296303698382,0.10071869852522507,0.21933261085646574,0.09452212819383449,0.06145127105344412,0.14850764153887935,0.05670469342258848,0.1663202834500539
2020-02-03,0.03686937959105267,0.10289212612677583,0.09293403033529987,0.10114150697821549,0.20372494808488883,0.0732163651815791,0.03960995117884302,0.21249899998766386,0.025612551345004876,0.16198160821038346
2020-02-04,0.10047534803562011,0.11049951804567035,0.0746099876938535,0.12962655128253575,0.21852303241168838,0.08644059305615077,0.11519186765337514,0.21812869267738194,0.10027178478629302,0.20757397028288205
2020-02-05,0.12960366633782902,0.13733520951003605,0.07844753295853055,0.23861667215314342,0.21261757025759434,0.14717582341604502,0.11079947508419041,0.14494739482972216,0.06335725616557548,0.21636149762554624
2020-02-06,0.08363111311153681,0.08292786426977064,0.21970881878835816,0.05665488792877759,0.21887542301091356,0.11616112765694717,0.09348212248106452,0.11373947596579077,0.11434884073668479,0.18016654605058352
2020-02-07,0.12052537419680964,0.11882291553145266,0.2268911445917266,0.16085914274256544,0.2590911998751425,-0.01548301753987072,0.10008534733238271,0.15785983459946953,0.15858592414987815,0.21367432238458173
2020-02-10,0.09439477148104261,0.1791418978805785,0.2300425516522689,0.11166637752770743,0.27005033574857934,0.0684740199109884,0.0952612945804795,0.0998269218458301,0.1770000045731333,0.19787528701920798
2020-02-11,0.13748193380566281,0.11256565879472609,0.19281725647510056,0.24670316793465275,0.19094702023142543,0.1404230230935271,0.14609150169537827,0.1586904163195457,0.21412513468041863,0.1958395170228588
2020-02-12,0.06636225011912801,0.09852556845088398,0.19582871843094324,0.22615174374092684,0.13361321783635322,0.07331075344105807,0.13452774462983993,0.17304500517997012,0.1920379292050678,0.19803557764469307
2020-02-13,0.13905122566093103,0.07144079953780222,0.13959443783328224,0.18854556315318954,0.23068403041772595,0.12158805401823676,0.1148539371324599,0.2077609248181158,0.15848724837605618,0.2604352710557204
2020-02-14,0.13880899545426675,0.04512573893186251,0.17290201420731285,0.20125960049637964,0.24140561564310933,0.1014011465277678,0.10910347876886554,0.20792102621065042,0.122284715579271,0.25555213765287466
2020-02-18,0.3222844764250796,0.03871297841741023,0.15297622975166814,0.23274958858418704,0.2795735118745514,0.15082955576734217,0.07130725402662798,0.2153963775999048,0.1273945839302053,0.24882210766917792
2020-02-19,0.14798523214574047,0.09417317320619362,0.1449968283504317,0.1380570719686549,0.2612596139933171,0.07446261207544648,0.10049159797738996,0.21514563258069117,0.08511529932256726,0.25449727592064186
2020-02-20,0.32594941791375276,0.13086105476617632,0.20470134623327696,0.13415296117623854,0.25441359904150546,0.14774561317852014,0.1046466980108018,0.16971956403399022,0.08649791123391906,0.21601281423742277
2020-02-21,0.19025955395690955,0.11799745166627396,0.25188227494601095,0.1556952832709987,0.20580340614359047,0.11664417768284024,0.08101295907917337,0.17763974630800206,0.07140077566055307,0.17605906019316758
2020-02-24,0.15473302052118737,0.12821785845628494,0.11543473978180233,0.17439870472942645,0.26273794505944065,0.14443063551243024,0.127962554101317,0.1230474232087253,-0.03051073706365067,0.22792398893629
2020-02-25,0.10311081668111728,0.10735937193206702,0.016973549634017877,0.12759703387305993,0.19296138207095234,0.13718510752244892,0.1329973052511804,0.14870515345935412,0.0031929306451237705,0.16953453644016628
2020-02-26,0.21874827682160067,0.1256503668191037,-0.021007020332353753,0.17710327202964465,0.19732391394149973,0.04888857111175747,0.06697612373721992,0.09337032094938735,0.05305697375967653,0.20991782676437742
2020-02-27,0.12282593317135625,0.13138692204515662,0.06416649720784132,0.18499862037202713,0.153051826926437,0.08626064668348458,0.1313286572995542,0.08608617752569185,0.12370106092171765,0.29185035269586734
2020-02-28,0.19652983265033086,0.11601986116095744,0.06499187944178851,0.16763569269114525,0.12932570540634347,0.13866647750400432,0.06772260095185005,0.10059240013986821,0.03571217268948754,0.26494614848906306
2020-03-02,0.05353752911475258,0.030088070625459224,0.09179959809525418,0.07893035619831465,0.1271603314240214,0.1427058110930624,-0.042446991113702426,0.04342159278747862,0.07946724773691903,0.11587564118058433
2020-03-03,0.1254294353904412,0.05383928385782388,0.10174033589706345,0.12722347691400893,0.15991477237419724,0.09275155769564136,0.05927488753873718,0.08794033127404323,0.0729560415026126,0.15400791162625369
2020-03-04,0.1148349588088763,0.09686305252136959,0.06571948622541442,0.07176400078240365,0.2288644678055995,0.0847988471930819,0.20203204058961435,0.11281340622489777,0.08405689530706775,0.12508656934676093
2020-03-05,0.10396496342515303,0.11693315103305753,0.13753656099382966,0.11665589962207779,0.3012746891399795,0.11783355523157843,0.18069629229847858,0.25895737856332285,0.21495282792190432,0.29460495343455484
2020-03-06,0.13022274913089832,0.11272250425150113,0.12452026559971359,0.10739310544312528,0.2949395028640997,0.12133901656469023,0.158845509013702,0.23013980240891563,0.17944110652146822,0.2711921854899229
2020-03-09,0.15128066565187037,0.05806491203346069,0.08653357641571009,0.07069627010347887,0.2131865883295804,0.08631527449558225,0.08356102156695318,0.10303864264238241,0.15566516404116545,0.24403853806462314
2020-03-10,0.13913039756731777,0.07068260375594414,-0.004097947850198241,0.11091167504783384,0.1949727336550779,0.030766794415295735,0.053952638631779085,0.18651886301238124,0.06653743379992307,0.12318679959777648
2020-03-11,0.08453869569948666,0.04117758734649324,0.004795744809880531,0.11339925415223302,0.20517812124420096,0.019068062511819858,0.08259279961215922,0.12331795363387615,0.14712329185307735,0.15758518284853704
2020-03-12,0.00712389574762309,0.011353430984577039,0.008234592124728385,0.09241950209967678,0.18380607838469395,0.03899721895731817,0.08380979228074992,0.21293223741406334,0.131179416065813,0.13396677075008123
2020-03-13,0.058675000026868894,0.02525934415115293,-0.02734062749487255,0.040504760505575464,0.05145648504410584,-0.03079856301113536,0.0018309707480984767,0.12330994661768895,0.044444846571033106,0.06745246914428256
2020-03-16,0.021189821573372864,0.0492641868299753,0.0797424942702398,0.02764372964980303,-0.008643196817335948,0.040683097752492944,0.03179287031477051,0.09884580412849599,0.066872200528827,0.15422833529596336
2020-03-17,0.023799340459823744,-0.03292273337999023,0.04049453999872572,0.06337201170518023,0.039291203060413164,0.06537279270541314,0.04132055276796509,0.09545560800790275,0.004417295216293293,0.18153827953163462
2020-03-18,0.05222428239840904,0.011387177939708457,0.005748521096018736,0.0530813414643326,0.15830503250768885,0.027313311905068437,0.09653426227799776,0.10207899916464551,0.070248976033133,0.23687690903075392
2020-03-19,0.06770535328105382,0.019987257891989664,-0.004805007242433754,0.05624645050315534,0.16882807776028477,0.0481639572683154,0.011063926145040972,0.03506933666948979,0.0014368554054085153,0.2746054396904051
2020-03-20,0.05004113605408025,0.023058699691081576,-0.030660235447178677,-0.08559762703106084,0.1515858035189933,0.015105401317126711,0.11079663741402293,0.18098364089461735,-0.03278654100185475,0.2844180793581737
2020-03-23,0.05019025872929323,0.04908573156864308,-0.03225300261904449,-0.007125223085391109,0.16539522431730858,0.07026915691690662,0.12022739825856925,0.15187486702182842,0.06499452878695093,0.22137440406827147
2020-03-24,0.08277271046909454,0.06240749124236387,-0.07329903975843519,0.03525318481688032,0.1121043286976991,0.07100701171048873,0.12912629219721836,0.0999759677860361,0.10671024157757066,0.18302523701350587
2020-03-25,0.1493723067384394,0.1261428208260593,0.0012001219051661267,0.1624721234487323,0.1986885271855082,0.12655041222907257,0.19226598013274185,0.12592271747365558,0.23458717753569808,0.2610117576573086
2020-03-26,0.16698042518546372,0.1619666266021662,0.12322571553487423,0.11605715631112129,0.219901875753907,0.09643401578638203,0.23504966470510197,0.2390134224976385,0.21869994492117473,0.30159680960111246
2020-03-27,0.1648729249156834,0.161739068527985,0.09116360578130431,0.19776684073868278,0.24704256396774457,0.19358565599265765,0.2216121813748703,0.2791869341817178,0.2533141692505888,0.24039017935335463
2020-03-30,0.19498375112693597,0.17933771234807522,0.14957281739297001,0.1681087826850889,0.2044921278056465,0.120801284135079,0.23398369630944338,0.4124059673399993,0.23136000172650228,0.29355043977856676
2020-03-31,0.2362004448148342,0.15505862109063878,0.07915498923344436,0.041033855076084425,0.26629091813815153,0.11414250015111696,0.2511917190971259,0.33521134141436604,0.2544844456405054,0.3081052776910177
2020-04-01,0.23978466042521215,0.09542663628027323,0.07876999275777284,-0.00550392916871334,0.19892009317357182,0.1019672198470446,0.27560491636910817,0.19980265760498306,0.18927763041076462,0.15798060175412454
2020-04-02,0.20420615668132241,0.1313291279001633,0.04345999482694755,0.03972145108923435,0.13798125496502034,0.0854000600292796,0.20094295308310986,0.16487933923498235,0.24841508692426517,0.05789146213122713
2020-04-03,0.16808358188584982,0.09790191859871566,0.025397911087113055,0.05088607850555259,0.1656317601294869,0.05158742187039122,0.15164922721025298,0.09128332058420326,0.21229572711854997,0.0893485673583397
2020-04-06,0.179417461443618,0.0767427163739782,0.019599321650305607,0.07035095711497394,0.24775736084277958,-0.01072389935022858,0.17040799351484612,0.20634235524365993,0.1081150914584499,0.12113130234890407
2020-04-07,0.27067940697249054,0.12503170404947672,0.0876965319442123,0.12504516108852237,0.24680318786019476,0.033214290485587356,0.1127140577136839,0.05440762599823286,0.17617217298944626,0.2763510790015057
2020-04-08,0.2690639228845503,0.15715888687585097,0.17382459277905057,0.14011766294638478,0.1879232948221176,0.11543719423588894,0.2217288668818178,0.14539999442874407,0.19815144865846862,0.2670976637791124
2020-04-09,0.1986981707439827,0.06759544895346528,0.22857058570006958,0.1355822947769807,0.18884295941590054,0.14467432047234158,0.2652297997606876,0.3182901825941619,0.22002077529763162,0.23517040671461595
2020-04-13,0.14713442066136387,0.1494544743689043,0.19896239045932634,0.15777264096319504,0.12338655750287328,0.12147788033234316,0.23762118846624594,0.309955853530319,0.22302273908653847,0.32368531917929744
2020-04-14,0.12605057584426693,0.11568576535219588,0.16275793796462482,0.13670231619791146,0.11645566202849678,0.08618377193767554,0.20309235310047002,0.1773830697174018,0.22395413712402362,0.24407949849964627
2020-04-15,0.18330927280607456,0.18468301023492942,0.0708712815556908,0.10546570690117194,0.15217273667365078,0.12857644068154458,0.13127784863619996,0.30886036414317547,0.39344342497559337,0.23231347519030454
2020-04-16,0.17514923742082913,0.15208629975252103,0.09880515107713969,0.1187084941249917,0.1418392195138341,0.0951187383280489,0.05225613189003828,0.0843035927680755,0.29055178331644194,0.15889898345989062
2020-04-17,0.20774629718737941,0.16711836921249637,0.06841046218516329,0.10370632941673881,0.19965090407421127,0.13415859317498113,0.17464461858057007,0.033350679028963166,0.29829737406268886,0.20682432230669684
2020-04-20,0.22135280923808276,0.17235474743317142,0.01943724639342644,0.10617615900500343,0.24481019433706522,0.0685431821227719,0.2036638364002263,0.24287428685942325,0.2541484398511961,0.2680096672521555
2020-04-21,0.15916360562765042,0.15635905913532985,-0.04963548929375319,0.14560942346383046,0.15068513664764455,0.10078462005675448,0.21863418020977105,0.1653127196527255,0.2508750710118547,0.16296129267714027
2020-04-22,0.20727476179922294,0.11097984723134573,-0.11739048492745749,0.07574628230907596,0.1202068212588131,0.08542840579784361,0.07907704898132607,0.1663414950953505,0.06424449178537625,0.07540690443737105
2020-04-23,0.20856756456129774,0.1299021683067433,-0.11891554550772661,0.06433211760151147,0.1717685646001498,0.05932427557973726,0.1771244649184665,0.1885341633054884,0.15047950246016717,0.07012112962134757
2020-04-24,0.20482814489138385,0.14164617281056247,-0.016411569058244098,0.13728162351235595,0.198280709733716,0.16355624148859915,0.1843038016836524,0.12006980976997594,0.19151998576712087,0.10875714196981157
2020-04-27,0.19774242228249816,0.11887700409592568,-0.04139965393323505,0.017445121397307348,0.1303375267737124,0.10699337978359622,0.02992734431875352,0.09923182980537368,0.14416990157264825,0.07718141320789834
2020-04-28,0.17756768238134402,0.12656763236024343,-0.031847150228191554,0.06953691504830331,0.12001311680966138,0.1340653617114826,0.18571702182435404,0.16487506552773393,0.19341906465703845,0.14451519504827876
2020-04-29,0.19073460927514577,0.12129003846323425,-0.00861014711847453,0.11526627669887443,0.16024758556572893,0.12009590780892114,0.16727999267153285,0.0988324535212979,0.20831459550417403,0.16719953866865714
2020-04-30,0.14247858581646755,0.15010106266528722,0.03377061368268287,0.11886140668814,0.14453495968463248,0.0940573847451199,0.22717716911532698,0.11543612841614781,0.22671365890676903,0.21708165910407917
2020-05-01,0.13191454155143378,0.13479965288796772,0.03653157987702039,0.10506073144288497,0.17648575273409395,0.06230876930998057,0.19793727343395912,0.1188157523079597,0.19605310593784242,0.15715621947790298
2020-05-04,0.054282178645870205,0.164944935258648,-0.02320913193377542,0.058666598739697706,0.14788385965119305,0.020455631920478376,0.17829019670312962,0.1391711809659524,0.07314851506966744,0.14892810465193596
2020-05-05,0.07437785258756581,0.1549323158134583,-0.013244704894480286,0.0629457324931318,0.1626090688273501,0.04943804033032766,0.09745180695373276,0.12902812291605736,0.17600695122291862,0.16893643083358667
2020-05-06,0.11963630209087997,0.16511567085976558,0.04380632468320058,0.05688204388431023,0.17383454261691256,0.1013316565193173,0.148809466924398,0.11890763752211107,0.22055310903008613,0.13566065914643383
2020-05-07,0.04402463086276254,0.1350847651152486,0.12057677202988157,0.07229302925620763,0.18845191730017968,0.08620361224261261,0.12475178746610435,0.08752907123553683,0.22996735046450234,0.16700170433030162
2020-05-08,0.11376808724190665,0.1596301896143393,0.14803023597768128,0.013785352837469747,0.13922599588226517,0.09371623854109716,0.15746188689041263,0.15082620066310234,0.24680456717227925,0.19335659197008126
2020-05-11,0.23049707927862703,0.15302350736194054,0.1714723795406659,0.026185790780535394,0.12461330124586116,0.07218638794713372,0.1606644060750909,0.18300598607177354,0.35257050285455205,0.2099385450156557
2020-05-12,0.1882775987996681,0.1341230743524044,0.09800925302710409,0.06699219385369073,0.12763242627340637,0.1592662454755535,0.15372054546434893,0.09063587790784651,0.2610748842319462,0.23405555778821502
2020-05-13,0.170046285221578,0.1312160430724418,0.0857583909069495,-0.027139553303888935,0.11907863289964578,0.12373342831357817,0.13674899529263135,-0.008129136237248619,0.17038647837685278,0.2197007885254767
2020-05-14,0.13463087273245536,0.1187019841140311,0.053211005193377695,0.02566722853333822,0.10004477486654821,0.08839957266545515,0.15412830999287844,0.08559724251758122,0.1757814086255584,0.24691057609082132
2020-05-15,0.1671924650242617,0.12369984235053047,0.015944003462249605,0.05298889309629966,0.11111707213325447,0.09699224917432554,0.1575655433033277,0.10911136258976213,0.2062673983108747,0.20615071165097126
2020-05-18,0.17891331044967265,0.11761540107319315,0.04464655786372405,0.09928283349277123,0.07369350263428845,0.06705837458969416,0.16518705393019478,0.052689515192663364,0.1575764543459298,0.18088014436198566
2020-05-19,0.19067264980324433,0.17880460926247074,0.07973424492502303,0.09018311650840831,0.0979641128673044,0.1738098557871124,0.14206289706379577,0.2403430101322538,0.12671938226236587,0.2279403283572458
2020-05-20,0.1493208769321007,0.10438592754250178,0.08995746792758458,0.09153383957703412,0.16398207524487135,0.07991186722916781,0.09654632820910385,0.18619584011034762,0.1510316089519015,0.1473194382725507
2020-05-21,0.1347034178849164,0.06076346850172389,0.08767402897885002,0.1891492263846894,0.11991814434962594,0.1485957489888588,0.16629500585073,0.17510956415585052,0.16916671467662578,0.20265396990501128
2020-05-22,0.09943961125284619,0.06584973657690685,0.04186935265256629,0.16364026203423737,0.1312717302066311,0.05994005490987046,0.14661562533782602,0.0867627906609153,0.13505077274738014,0.25447927947621757
2020-05-26,0.09278974067375004,0.07357680966605573,0.03632890176837745,0.10567720684574805,0.14811754235997604,0.10307707857767144,0.13595802577839536,0.15675456805032092,0.05130218183158677,0.1991597154196496
2020-05-27,0.11786760499564672,0.12028390292758391,0.08833222022653753,0.15514347508618098,0.15104826633522214,0.21278955361960866,0.17464086406450105,0.23362316436714492,0.08814755772899437,0.28809982335860485
2020-05-28,0.14872507011142305,0.1388156322547529,0.04329609366006992,0.19697534053364446,0.12731689727520737,0.2650566865400529,0.12487864744201732,0.04927999256432895,0.11658503848599626,0.22663005190519195
2020-05-29,0.15682931944903838,0.13946225483650193,0.08501085517500642,0.15954472702242967,0.04151456050564826,0.2222414312383334,0.16415998701180046,0.21955131652551751,0.12554431137161653,0.20922691761270154
2020-06-01,0.1840617694810853,0.15818429687512828,0.14030457011667102,0.11337115134828643,0.10389744045564775,0.2092464400705596,0.07248384330756326,0.18252584275299955,0.0747555185326272,0.2439796931524348
2020-06-02,0.17883620141333736,0.15439224257384948,0.06518281108576215,0.14233943423219095,0.11238215072353391,0.24022523680674515,0.19693753100492062,0.1885298483042771,0.11629318041682155,0.20082535099051213
2020-06-03,0.24532927969090826,0.06744316171589963,0.10977710351435618,0.17098695615479395,0.08498707696541138,0.2917201578711649,0.17434779591232025,0.13244842484320926,0.15749145361121436,0.2249250346319165
2020-06-04,0.110046056111365,0.11916401257250453,0.2156788123325454,0.21289663743652937,0.16636244284466592,0.2911365303682155,0.15808047505234124,0.12479820917103798,0.2641275952627733,0.1826885966360273
2020-06-05,0.14584570410698577,0.14093448154312188,0.20313705000973417,0.23681442495768623,0.16973808358956566,0.2108886129781253,0.1810345598401969,0.2144747320073317,0.18382503252672353,0.13953015315611303
2020-06-08,0.11271399729537049,0.16047963443941723,0.22208812088191032,0.2944328388606797,0.18991082260687017,0.2957985012290871,0.1528111717410034,0.0831312953661033,0.19438303946447863,0.21008875672483612
2020-06-09,0.09112123678368886,0.18951821974895372,0.20090925519111483,0.29255617828807223,0.14926434149740073,0.2470838374206982,0.2892960101907676,0.2638901865240437,0.18791200864086605,0.3166633828114659
2020-06-10,0.08257888196612818,0.13693888514767752,0.2668603923496321,0.2698715791761751,0.10435634656442339,0.1584365280583035,0.3111306734605117,0.1780221031143696,0.22397514861772022,0.2776625106829611
2020-06-11,0.04188523337632993,0.12387596470786222,0.147308854159014,0.18903908429805774,0.10944486223687722,0.12071137685853678,0.3111306734605117,0.30647372017931235,0.18477083149598045,0.16203835523835808
2020-06-12,0.06408120812075771,0.08029705006498175,0.06444256943934266,0.1554370853310897,0.1581751987925856,0.16424025171039744,0.26585885515979707,0.26105014873643895,0.17366438256084904,0.21640381401404343
2020-06-15,0.09676316369214732,0.11882765242427354,0.06876837962622845,0.07978070235647161,0.15099963302672065,0.16230566920666478,0.12941202042093972,0.3436286678420494,0.14007556059612158,0.32051953035400627
2020-06-16,0.08984979970571738,0.11801947391055463,0.17168442525193375,0.13732340642661206,0.20175661134031248,0.06759210679023701,0.13062143781979738,0.21295125820826658,0.1518906515085255,0.3411241479734629
2020-06-17,0.06867933719700632,0.12219275668450108,0.031078216997697358,0.14900727095107472,0.17034182102774884,0.14195649045109843,0.08708095854653158,0.2827183086834473,0.17869793433901698,0.31054924101340686
2020-06-18,0.07540122479860342,0.15916708082450284,0.09566343242644268,0.11191229095689385,0.1130873393017285,0.029532724370345296,-0.09029214984319783,0.1669944396416842,0.13684445622601132,0.19135197723302189
2020-06-19,0.008460017813816818,0.15326465705760506,0.08004895495096177,0.08396612486021067,0.21004850397893013,0.002985705135785756,0.10775236573131318,0.2822388128543926,0.12092130415067423,0.23800868015733612
2020-06-22,0.07262890076476546,0.1367594750754404,0.16055518943581534,0.05992925704565194,0.22817415022541848,0.11582471959086617,0.0939430035327601,0.2822388128543926,0.03345980727638918,0.32129069411038125
2020-06-23,0.11822490091717666,0.10654898338362692,0.1738632830602688,0.05334172691932352,0.30391041806835245,0.1545539710315543,0.12021647366386633,0.2822388128543926,0.09920463342235468,0.17258709849306983
2020-06-24,0.16854531679998475,0.1756643222557513,0.1770427282523288,0.11311531794621568,0.20296792339039688,0.1937551168191889,0.12958862194893236,0.06514148467722346,0.09987721957655715,0.17169471166773595
2020-06-25,0.20680495867473728,0.11918638150383418,0.04685603157168157,0.1165176348988688,0.14284806003804235,0.12007118899057034,-0.026753229583169728,0.19045865092033182,-0.05234574250451745,0.17948831259201528
2020-06-26,0.1461039889506844,0.12390067655811168,0.0908749734287401,0.10500668527452524,0.19558032853679883,0.05994201269214925,0.14627707413724392,0.19045865092033182,-0.19959622991266582,0.20270887506134352
2020-06-29,0.22550116364288122,0.1550669216269764,0.12766582385628095,0.07108192438183995,0.13724863419516664,0.07309340911601113,0.34295148979939627,0.26068740151690123,-0.06993176905922834,0.23547697284064908
2020-06-30,0.1475612367378336,0.12902671698208684,0.13056090416568625,0.1411107273656711,0.21240768333157645,0.11079889017536149,0.2574595213114419,0.2871249343446008,-0.06559653167750348,0.26037243689695005
2020-07-01,0.16317276261589708,0.12324736687694678,0.09370758404593815,0.12830023384399802,0.25165121831481657,0.15419130066864067,0.11079471986080135,0.24913470412675243,0.10250397888166433,0.36052912660508124
2020-07-02,0.07875963358367899,0.059228846316232917,0.07709102927265138,-0.022828981843613583,0.24968066025198474,0.17236587711200077,0.22290242517272507,0.04483522013064564,0.10505717750749703,0.23963150197204586
2020-07-06,0.14214712738549132,0.10562956421082195,0.14022506739755153,0.08967484115361028,0.21375827836814107,0.1372253006122047,0.12441522452093706,0.19573980275116828,0.16925079348053199,0.45223911337018896
2020-07-07,0.11668565848825407,0.09555126502943685,0.16342972747138357,0.09406598497646249,0.24455181401303072,0.0673143330738602,-0.013376198400392027,0.07745986850077885,0.17297308307268006,0.36512081310441163
2020-07-08,0.11712599454774368,0.13886560869135087,0.11054796197720695,0.028082340819884047,0.21818137593478812,0.015678021861939905,0.22797843979063245,0.1838229262103024,0.18148681795555927,0.23205260916291814
2020-07-09,0.11060257241203716,0.1694415312036145,0.2765763190675153,0.1580983220698832,0.2140723061787476,0.08036224770574338,0.20049195163893496,-0.13776544506773317,0.15608330869741635,0.16495125855192225
2020-07-10,0.13721926473670576,0.16406518746907633,0.24009691386845575,0.16447272397251472,0.1294720781099522,0.0501580546478616,0.142823463783371,0.07274465511334656,0.17453526231028538,0.1684897279235037
2020-07-13,0.113278368413259,0.12891822021747945,0.2454052466636775,0.18930174409176323,0.20227874111601646,0.021899580989713396,-0.027693549506124363,0.1074324116490233,0.1837198045031532,0.35484897073950517
2020-07-14,0.11810788518477704,0.14004300395451014,0.34844119680355784,0.14620605161673103,0.15899582741067764,0.05898943402859253,0.035322583862166315,0.16857860306877168,0.27972624581306704,0.16890435495642805
2020-07-15,0.10354232862779526,0.15460001850935595,0.13273282136074277,0.09763371119005831,0.19318055160711844,0.15732959052265752,0.035322583862166315,0.006823036621511218,0.23730971943093357,0.32194325014951763
2020-07-16,0.09916433019630158,0.1474165520221103,0.1849623685908078,0.19751136380233977,0.2965690616179354,0.17837972701510502,0.035322583862166315,0.11293534474206805,0.2292814796206224,0.3871125191812439
2020-07-17,0.16497344235310513,0.17615659023696242,0.12263882531446539,0.10819110728621213,0.2556002157672346,0.13075723377198373,0.07902826250850377,0.11293534474206805,0.19636376419152604,0.33853839848405476
2020-07-20,0.07671100661954462,0.2240103194172342,0.09036521946588691,0.1365325355512688,0.14343625495593415,0.16344291113309398,0.019325715524710435,0.11293534474206805,0.09085904147092277,0.34157963815462694
2020-07-21,0.1142388817512131,0.16296123872612508,0.1278772915375846,0.1332094836207682,0.207511076868542,0.1761190213769294,-0.02782998486144495,0.08071929613670312,0.1704485610590986,0.2491327217327143
2020-07-22,0.17904559119127045,0.20124170280732848,0.19815763269782807,0.1543713035893046,0.2115037564098344,0.10471936021499703,-0.02782998486144495,0.06486254290820904,0.2104148740393991,0.3028225363740825
2020-07-23,0.15936106177836543,0.16132646853821897,0.21376453290966319,0.1279718412817586,0.3535856043291777,0.06363792009416172,0.15207671014467838,0.14700127011007738,0.2443576647202893,0.3028225363740825
2020-07-24,0.08724709320592926,0.1434274320169323,0.20926343629927868,0.10327915935775837,0.16728665160289832,0.20041311970099915,0.13157940740355745,0.1405567796075306,0.24227050217208043,0.2529900242493883
2020-07-27,0.13834966631448092,0.09588301023351045,0.20691408573798062,0.05912785538448531,0.17388943440193222,0.18784285361960956,0.12018347191268126,0.04324169087262277,0.21827837312209972,0.25289309731289006
2020-07-28,0.15466433368458504,0.13174342906183645,0.17671105715865376,0.10325398692299019,0.14781074824358728,0.1889589347790163,0.12231207029172773,0.14864592898641996,0.25148938552000316,0.11150547196405802
2020-07-29,0.17594455578972337,0.12621962679738497,0.23243697400329355,0.08323622937723155,0.11324848052924275,0.1715817595471818,0.20865177443974725,0.14864592898641996,0.17773698757791948,0.10902458751412285
2020-07-30,0.12876787929726877,0.13164808453159,0.2721291091172664,0.08958883545783691,0.16664570161107314,0.12006376362713125,0.17937748238470833,0.13777544751179233,0.24184548861499713,0.2018265634655542
2020-07-31,0.10514838380794109,0.15074494524328222,0.17982073701251688,0.16580337722512387,0.14195866377583413,0.14706994138177268,0.12453829471419027,0.10407578917915805,0.17909977018777584,0.19882877411509503
2020-08-03,0.1869051915026879,0.14625132857488657,0.2141118547311346,0.15504880849081423,0.13191717885652665,0.12106840536562624,0.1440033728819409,0.2219524987387264,0.19138910742386234,0.19488160792764184
2020-08-04,0.1577265509047571,0.11890242166430347,0.13385064086959014,0.10387231925413162,0.11244874381070986,0.07453940155688214,0.33617629139049765,0.11245348799184507,0.1500971960359566,0.305351734708064
2020-08-05,0.16485479462026537,0.15203107572233027,0.08746499099161537,0.07794765728053218,0.08234199106028392,0.07147397890048268,0.20831184371742856,0.018910866845771496,0.17446257513508215,0.3492118364019969
2020-08-06,0.1931970243926253,0.11024091322665155,0.11494180428725691,0.1358585066442043,0.0763473315262822,0.09006156451708415,0.21880128744400387,0.10612778877155105,0.19152665990463763,0.21415472287075618
2020-08-07,0.2814789535150682,0.12290794215110104,0.1752146273292111,0.12930972370369762,0.1185525144763716,0.18965602765947379,0.33189802121202977,0.1422796704067884,0.22800664714998362,0.14735387081027973
2020-08-10,0.18925639657445592,0.16214010897820044,0.13930469348004526,0.18117923939287542,0.1659725195333906,0.104316354996077,0.33189802121202977,0.1791638143052282,0.2703235970317489,0.15659990861904793
2020-08-11,0.25239730603616256,0.18896490207018363,0.15751417858348946,0.16962574043639728,0.23364706791991832,0.22140210990690798,0.2275459747687836,0.10020464499782247,0.23451217864363771,0.17879010656229888
2020-08-12,0.188774354925918,0.1680876996242278,0.2042721115096977,0.18791604894304242,0.2209591529178565,0.09629707517804846,0.3022792395383814,0.35440321980615447,0.24248890287677063,0.2508912799221587
2020-08-13,0.20314262377138204,0.1093255061391668,0.18201419090704185,0.1370069955916579,0.17124131152124525,0.09163747723222207,0.3022792395383814,0.23626881320410298,0.17651240131307375,0.15909669899999085
2020-08-14,0.15168285034996518,0.12089162746226481,0.19910825575596058,0.08243503624569924,0.06150661766156749,0.0878683448911635,0.20151949302558758,0.15751254213606866,0.16887434484117494,0.08675468292775926
2020-08-17,0.11017707080675504,0.07053600537402122,0.2545218861902308,0.09228089599979719,-0.0070701632746134335,0.03529271696413168,0.17978460896781756,0.12947735665205765,0.23704841149048556,0.38168501329873716
2020-08-18,0.16047549597618957,0.15060012551707952,0.1502059890900182,0.08853737058930246,0.18784043354432678,0.08217028934659946,0.23463162984199815,0.23190754706156544,0.15514866321587928,0.387756447682884
2020-08-19,0.14153255287301525,0.18898951820186255,0.10684704828223435,0.10764227483731276,0.10872737295106805,0.11649728410404286,0.15369033733967968,0.3136416947573791,0.12865188658836396,0.19367639811163986
2020-08-20,0.02929493860775062,0.19463735556891842,0.1260291185419614,0.16136080505203565,0.1135911144136956,0.14186919729090297,0.11105385665954276,0.23825873356599128,0.13027255734631396,0.19367639811163986
2020-08-21,0.12711017115752846,0.1974609037126123,0.10725257620772399,0.16037324258253954,0.11513996170679652,0.14571835374949085,0.09533767952852686,0.07720026876195676,0.015964594780634056,0.2560965369697385
2020-08-24,0.1385171982722104,0.2342716024750749,0.15738571111136146,0.18461426526834446,0.18777179600827754,0.06546354639323493,0.10155441883464528,0.16028679631338033,0.09409682496367723,0.3407528656368373
2020-08-25,0.17550816748690146,0.1889390048246531,0.1246032156482235,0.26070613542791227,0.15936681434304614,0.20801510166644038,0.2535775988856409,0.21146116473485913,0.06908735875318442,0.2860127556157454
2020-08-26,0.1969140030460873,0.19831278248091294,0.08238685925937053,0.20928640433573784,0.19790068620720982,0.1654030038177725,0.008402945889763517,0.18795440209451314,0.10505257139859983,0.44226242487653855
2020-08-27,0.1719441526998645,0.1493693149921012,0.1491722861522889,0.2079611043973037,0.18827641023346936,0.16875982747595597,0.10426863059317566,0.19203991949048957,0.1379148191072727,0.3931212982157106
2020-08-28,0.16453858305074096,0.12319544723198583,0.09647814478586013,0.12023120879111827,0.19557605126675737,0.12467104855159342,0.1917552115074848,0.24899327967096693,0.12853898171113728,0.251189420073169
2020-08-31,0.16109395695223788,0.093806168528268,0.04617450075448898,0.060049828709511546,0.14988425640006045,0.1205035662950724,0.08730656334063783,0.21311053357519183,0.2337500439293565,0.251189420073169
2020-09-01,0.2128503005769037,0.0838596158148491,0.08808545034126293,0.11135655247300769,0.18457395024392106,0.20445998577538113,0.24710592439450266,0.36358935820516425,0.20026010746999243,0.28461514946042976
2020-09-02,0.16248353371793586,0.09984995439795989,0.1375429776530195,0.12795992387089403,0.19782773530978903,0.16099694595561773,0.24710592439450266,0.23750321551515138,0.1817865994244394,0.22266615544984278
2020-09-03,0.18354304262968713,0.14279015286250693,0.059152242396276304,0.08878316294529365,0.08767602293749642,0.21769234896570952,0.14235033735000097,0.1236105284667235,0.2470368497754664,0.4087391196395475
2020-09-04,0.18336942743396634,0.22735256618819835,0.1578440204949336,0.12190576110264839,0.058593322296140164,0.2018599086524714,0.15929707750852617,0.08240701897781567,0.225051886883185,0.5396554963179966
2020-09-08,0.2270820847470226,0.17053889378196124,0.1524973448290819,0.07622495184621005,0.10011041071519203,0.14808178472550051,0.11161239480286289,0.27689814947981656,0.23079100513416978,0.4765516246443746
2020-09-09,0.2539970921390384,0.18531495949100446,0.04971803178204531,0.09550163456414004,0.07386732733139616,0.07499135450245172,0.11771901929889687,0.2878774155024402,0.21717108675611316,0.22186833556547136
2020-09-10,0.2249409356585456,0.17808454245855088,0.22316103365657236,0.008459496316297967,0.11914378831115187,0.12878820061874097,0.11771901929889687,-0.1533619873481229,0.22392169672629766,0.5528038966673411
2020-09-11,0.15141219733484618,0.24142351713014243,0.030330857991910553,0.03267021976642087,0.2658665338064442,0.024407020247060485,0.20545901327960492,-0.1533619873481229,0.19785459104947145,0.14578937930435412
2020-09-14,0.14460289562673367,0.20082399213979898,0.06403840100096483,0.024275918588094674,0.13475780274938193,0.044844451391585015,0.061436230970110785,0.17919057010019698,0.23136539991103822,0.2173916179412139
2020-09-15,0.13001718510707982,0.17255030898328816,0.09017926399825381,0.027068111308368024,0.17174464144644785,0.0955559938241935,0.017937619688398614,0.09680867510125142,0.20164273063295993,0.3795875049946883
2020-09-16,0.11607838398082475,0.17152390391398473,-0.026886046223386362,0.12769861165820223,0.2039480942976319,0.09361023780178918,0.017937619688398614,0.21466628714422475,0.13185570931086216,0.21762575426948266
2020-09-17,0.11259299672795725,0.15172347201353256,0.058999580295520215,0.12444000379975764,0.18328108545725644,0.1373330118076797,0.15743712859251763,0.1582761981970872,0.23698952819235267,0.23934045542850763
2020-09-18,0.20222866448530485,0.1943046768804423,0.1711644623692315,0.1688583358665051,0.13751417910696997,0.14432809781005396,0.13165655761074743,0.016594957766112875,0.23015677460774384,0.23934045542850763
2020-09-21,0.15421468847402914,0.14044349032957198,0.15832214157948765,0.22139929863348226,0.10170788957033772,0.2461010263369818,0.13165655761074743,0.13737997184407524,0.12669658447561513,0.1852773129219439
2020-09-22,0.14607940285090407,0.16570758117170087,0.04284664779021078,0.13473868092141109,-0.007522135067424829,0.1712928749820035,0.13894421540729543,-0.06430334868234454,0.15531751260148624,0.3093182086146293
2020-09-23,0.19868974579605855,0.15719728586737505,0.17397850733280792,0.1806094634141466,0.23264217802145473,0.15509413596608437,0.13894421540729543,0.3461433111411116,0.15500948669609813,0.4145121390764195
2020-09-24,0.2125237657281538,0.18245698289492499,0.12327863021228773,0.1692092622468045,0.13933005983439758,0.21773755165731445,0.09112073698175027,0.3461433111411116,0.003841012488727251,0.28262918032938333
2020-09-25,0.2708994093140681,0.1472639806601087,0.16483420220963477,0.224890549831203,0.09124934908176535,0.21702539123429113,0.37517484414108143,-0.042868899121563026,0.14277068277606575,0.027497714933353814
2020-09-28,0.1744697346178757,0.13986487599562805,0.12748669966944132,0.18504145322302815,0.18675780437084338,0.22012876355537533,0.03545340801878224,-0.042868899121563026,0.08243601073959937,0.027497714933353814
2020-09-29,0.22211642127973596,0.11093150108960796,0.15692788026391796,0.22093349858718508,0.1054852733770498,0.19153714955979273,0.10512766260280579,0.23422480400651619,0.15943720160417735,0.26342031196328297
2020-09-30,0.14109029443490892,0.14401475734016195,0.1909841399788078,0.13808671925652446,0.16539195478408406,0.18958678580147242,0.10512766260280579,0.25579702717382735,0.22607962462777165,0.2243866001907509
2020-10-01,0.20950336928998972,0.17541677906371547,0.15966655177926178,0.11474451767805825,0.17546427811400706,0.2123904127565371,0.11787124024950846,0.1837693781681942,0.17782017269028644,0.290976519044244
2020-10-02,0.232862025706716,0.1379522821648003,0.120405931111501,0.12933509611658112,0.11165424096489357,0.29290000033253116,0.11787124024950846,0.1837693781681942,0.06029380091772262,0.32652071119588927
2020-10-05,0.08502826964654402,0.118659345482903,0.17605167553015622,0.11138571156061848,0.05437423823712821,0.20853758608571865,0.11787124024950846,0.1837693781681942,0.2466024789226161,0.3271642607984626
2020-10-06,0.12407614627344898,0.15101392002042532,0.1894201447978819,0.2190529029733271,0.08873579326422373,0.245434319633148,0.1267974934996706,0.3347388017806739,0.17825305750287887,0.4719411494203952
2020-10-07,0.18437409508287567,0.15278020593954283,0.05087859620804793,0.22903375128553788,0.04787404415477303,0.134875017905733,0.1267974934996706,0.45375423429947886,0.1606131494463637,0.38273186165961476
2020-10-08,0.1917293425739644,0.18641473215840598,0.034588444659383204,0.22064706268462772,0.12739420403968996,0.10544054578906656,0.20828804681120994,0.45375423429947886,0.2246703334926341,0.3854101299952988
2020-10-09,0.15774872389342987,0.16001904205078696,0.1769037512915941,0.2124596935192017,0.10485933047090441,0.16866667504798039,0.023635605345854824,0.45375423429947886,0.22096766077686705,0.32326755573503063
2020-10-12,0.2139451824624227,0.14918698041481035,0.1769037512915941,0.20526621527513975,0.0005943737108896085,0.1627990690523159,0.015757070230569884,0.45375423429947886,0.23024207697547577,0.29764146161390526
2020-10-13,0.1378095819516735,0.20235858523380518,0.1886423680867961,0.23304342605737416,0.10663144264308046,0.2040743666877299,0.11334103181242786,0.22117701422724823,0.2387211068725394,0.3406527030595184
2020-10-14,0.04234527685667122,0.14463736091610407,0.13316890046415802,0.17917293157016173,0.04554179509538696,0.2592038179422441,0.25925869787413997,0.22117701422724823,0.17890790771989476,0.26445180203967894
2020-10-15,0.14290721083985644,0.18196681117914748,0.13041704475388313,0.21273470722158005,0.19081532591775138,0.21425174048444962,0.24213785717989114,0.3718018819108795,0.13425341996141135,0.2738713948020816
2020-10-16,0.2067034653448862,0.10979768418440397,0.22230592575335378,0.17781478607754156,0.1660416669418657,0.23615942887803495,0.2895415360626077,0.3718018819108795,0.218700128216922,0.3555108299881835
2020-10-19,0.09305139000780509,0.2661238385336255,0.117174189738303,0.31558985738502765,0.1893607857900066,0.18503889627790823,0.1849047134870466,0.3718018819108795,0.20352127306926926,0.3555108299881835
2020-10-20,0.21829573384569176,0.2678028130914504,0.1603530042861553,0.3079815715900185,0.18330309943572112,0.26104667087756117,0.37527799190972255,0.12794551799129775,0.15691316998840849,0.3478822199921223
2020-10-21,0.09863110359332895,0.24535808624584143,0.2033793620415174,0.2565771961182287,0.20835902655768787,0.2798180690678524,0.37527799190972255,0.2936694789235345,0.18698543608749446,0.30447253920018114
2020-10-22,0.10891621320700404,0.2597405892432594,0.10236557489357785,0.18301924185659693,0.22629066876196546,0.2543502077625221,0.27040350402326885,0.14840288787875155,0.20816537397768992,0.2640170896070231
2020-10-23,0.1847076212791312,0.22891571906580244,0.2687176794258596,0.16081243107900112,0.12422382096319791,0.09728410703519315,0.2427235725417295,0.08050158992987701,0.15294949763486987,0.27565019558512605
2020-10-26,0.29019435218635803,0.27628603493275716,0.2536617862839064,0.2618342055228428,0.15989796368094153,0.2335583912255494,0.23714082306815487,0.1646235057238896,0.17576178630203443,0.3266470065584942
2020-10-27,0.24560645078783222,0.23428150476998627,0.11321726789820978,0.16470758646552694,0.11500891072878366,0.2795232737966048,0.19302769070840514,0.26525336965186513,0.19131487569694125,0.20931418938242782
2020-10-28,0.22668375824345277,0.17493100317999083,0.07294947774902756,0.20106230402003272,0.16337520579390594,0.19025233922622659,0.15922106801233146,0.26525336965186513,0.20190377427415132,0.33393009927285466
2020-10-29,0.22587787369489645,0.1331573200003725,0.08797770103841902,0.12401473841471748,0.1185472483070484,0.19034955948415105,0.15922106801233146,0.27049245555236273,0.17296819078594217,0.2407662117343533
2020-10-30,0.2221435580204485,0.13524480063516897,0.0069965336337195535,0.10172239821665569,0.16371383220469893,0.12710470632276738,0.1699657918707914,0.18032830370157515,0.21141879385729476,0.23202747448956887
2020-11-02,0.19777067467978052,0.1906156694214156,0.07608656272334878,0.1190567416409257,0.16738095563653627,0.08583894223729228,0.1699657918707914,0.1542546504839018,0.1832746776532914,0.238006722660939
2020-11-03,0.18555885876569084,0.21211285368835114,-0.026144270027731502,0.14220402883703218,0.18733301752593734,0.16475983923974874,0.21801401399346476,0.2555497544515317,0.23979240149154032,0.1519773861802125
2020-11-04,0.13377612806601608,0.23385069610969444,0.15134845098176408,0.049680729090762835,0.20336423390618044,0.17872024442217213,0.32499698044188574,0.17036650296768782,0.19585237638164624,0.2721362345201661
2020-11-05,-0.011293517318641913,0.16972963811823114,0.032685670181412954,0.13169125739257023,0.2873994110685667,0.22291419072589252,0.2122906069874844,0.11822243556437974,0.19998370493075251,0.22539777924941254
2020-11-06,0.04946801106329467,0.21686206025900723,0.08298761773678273,0.1305288382617135,0.18974838018140708,0.20577800200403895,0.2122906069874844,0.18526976698926786,0.2094721494410145,0.24729459608297039
2020-11-09,0.07301338809448403,0.1832133973155286,0.1820463152329059,0.20242415257534055,0.1722498374706442,0.11795626850361855,0.19804032654995685,0.15976005584049055,0.21391772947913268,0.17678312724659595
2020-11-10,0.12117140158679887,0.1398608363055905,0.13603795662096058,0.1972858040978461,0.21727210697215305,0.2123133825559372,0.19804032654995685,0.18789681073193928,0.1701117228131154,0.3016777903203044
2020-11-11,0.09740260105786594,0.169343887978971,0.1254909710806404,0.18827386939856405,0.23157207131476873,0.19087708348590163,0.1508646361082936,0.18789681073193928,0.10830698187541025,0.3424169997251718
2020-11-12,-0.014441946597603063,0.14778103868697334,0.22957041718465096,0.2016859922974554,0.17873714800245424,0.1761654772188288,0.17355484954386854,0.269740074953389,0.15979854536007226,0.29553236025934093
2020-11-13,0.0675116189349313,0.12561172523161546,0.25867767506127454,0.20260914443761985,0.1747710125568204,0.16885476259033033,0.15211535067411774,0.269740074953389,0.19695362935469993,0.22095888188492815
2020-11-16,0.10853483798044468,0.21714818015836268,0.30026597750202433,0.16639220740285768,0.21831351630999854,0.16326650839355356,0.1788898182818512,0.24343257350055703,0.08852700781435312,0.22095888188492815
2020-11-17,0.14569335381920084,0.1888671425946204,0.2563899807694174,0.18074341604634955,0.2009114463397792,0.14698634629703877,0.19523641414054682,0.10246220398454381,0.21330066761621164,0.1243066775434432
2020-11-18,0.15275546653514244,0.2592427734256534,0.1650575544038403,0.09114611074082701,0.1988253761647173,0.18379499764904617,0.3612292299625113,0.10246220398454381,0.272342250386626,0.1243066775434432
2020-11-19,0.10143144480342922,0.16791989154607204,0.20377656924821888,0.1543878391093198,0.19249052855425597,0.10895960488203738,0.3612292299625113,0.33608447775706174,0.27753918803637345,0.20860744448279145
2020-11-20,0.2396499503594529,0.16112064841899895,0.2513497821838051,0.18052300537888383,0.12029778537936806,0.10198631842861179,0.23308137952109056,0.026918476991181207,0.2847469586909156,0.13057650523492678
2020-11-23,0.06729359217801462,0.1581460005587601,0.1675665214558701,0.165566448030367,0.09747661540502042,0.07895136467610359,0.23308137952109056,0.026918476991181207,0.2666715304937002,0.22772673851258934
2020-11-24,0.10292034830790502,0.17916864287514067,0.11842916171654762,0.1617841128225145,0.16919329545736905,0.146057057109939,0.19506419465602898,0.4098563185047078,0.25420647872607427,0.2542233812306151
2020-11-25,0.06262077796333128,0.14016579217044042,0.036955156630146466,0.14438797971201858,0.2544280504224704,0.10552859362884821,0.2398918262722177,0.17547553592017442,0.17011806830772225,0.2082459499415855
2020-11-27,0.14824942320689738,0.17023501153027462,0.09738321539253968,0.1316613649581546,0.1221527507189693,0.15237128464145436,0.22849034015420486,0.17547553592017442,0.2440854149057008,0.3436102527796173
2020-11-30,0.16551794742595602,0.15310176981879195,0.10238689552798845,0.20845407668945995,0.15242882942260097,0.2236880297796642,0.3104801213318354,0.15123328788802495,0.2421685605438416,0.46362042219626015
2020-12-01,0.08625896146274499,0.1308669900574086,0.16461795456248227,0.1478660019108492,0.1523452908390046,0.2309070599955129,0.21889679209720098,0.23306569081788972,0.1846552918182426,0.23192059819103222
2020-12-02,0.17989092053247577,0.20827656048149926,0.1763808585972104,0.24451195990009825,0.21430372647163673,0.21795950449035525,0.26130000436307876,0.26810077515406466,0.1881549167677173,0.18144975736176164
2020-12-03,0.04434385931049476,0.1348127445083266,0.185176245778483,0.21202017796554157,0.17873600636258782,0.1492700040000636,0.165787478938879,0.27122409437176526,0.22908869451181152,0.24448064388255247
2020-12-04,0.0611878315904398,0.18799023841661797,0.14653608993004277,0.17967833706422776,0.24619048503890312,0.18483322268677604,0.20698674755455693,0.25428192218834633,0.11072091944132716,0.24448064388255247
2020-12-07,0.11342359318159001,0.1560970662292137,0.11633000825552231,0.1280392864080906,0.17395702882737343,0.1670921484578507,0.20698674755455693,0.2836003445129176,0.18110112203643144,0.311230479511714
2020-12-08,0.14711006925587722,0.14637591351269436,0.14938259550667726,0.12316369093872707,0.1353060316197941,0.1498450317118371,0.07166337292710276,0.40526689634194507,0.18287482209836173,0.458525982998817
2020-12-09,0.13085228414130837,0.1281079238232777,0.16562106480309682,0.10353041669127654,0.10437563807260575,0.08804163792364822,0.0987533597291796,0.1275305690318794,0.18399849251001893,0.3564571377764188
2020-12-10,0.18888610442593506,0.08894992760839537,0.14014959875762012,0.1222947222386288,0.12147908970377229,0.10990906114317844,0.19322448020568997,0.14552322857556857,0.22024705056223484,0.37061870101629446
2020-12-11,0.21007467628600549,0.1432072335512114,0.21333573111427223,0.14151614815908586,0.18406892144282128,0.10024026298434119,0.19852741913889463,0.08502037935458627,0.25578345037482325,0.3138013562330852
2020-12-14,0.1258224897766522,0.17453813230899473,0.05343968939632195,0.11601076543939055,0.22816878484725525,0.038142175322894135,0.18876875580685784,0.15929884815435125,0.23234521691654883,0.3477076015800133
2020-12-15,0.20201342157392504,0.14490875487266316,0.08921006779969251,0.06734638246424353,0.2092408565648368,0.07680982922340535,0.18876875580685784,0.12681022213294826,0.1946468112776992,0.26462108808568646
2020-12-16,0.1783142746992129,0.17716012229606118,0.19596551745006488,0.18579686995803923,0.28606994108854245,0.15526828941646476,0.18662827959302367,0.14606225062585776,0.19188777436354243,0.26462108808568646
2020-12-17,0.16110461293976952,0.21427185930848522,0.18374045795485405,0.20204619853587386,0.191426445154519,0.15785200775912464,0.24602345618870697,0.25855295641943093,0.16299555327939863,0.11752754006410032
2020-12-18,0.140761408626513,0.24596490620565675,0.1216463880780809,0.24827240516653595,0.2610071679160247,0.22012220976940503,0.20245122665985135,0.21686913743126163,0.1916049390997943,0.20888729776086565
2020-12-21,0.1358748351100132,0.2772448263593267,0.13928485349066774,0.23646822261344927,0.33154028964474924,0.1958953696866573,0.1780142110566916,0.29466555835362546,0.22668662606652956,0.3016466967644484
2020-12-22,0.1256744391168473,0.25000672406639096,0.12381728802058704,0.1739550452872258,0.2804433873483999,0.201826775442774,0.1881859819601948,0.09009667063453002,0.2074075975284719,0.27699303125552105
2020-12-23,0.10976287229677013,0.21783070493314954,0.0820621920137247,0.26817892546874006,0.23212260178147676,0.20980266430518102,0.15975725891057282,0.09009667063453002,0.26779942275747315,0.3389985318953104
2020-12-24,0.17073813980289654,0.20713396995543304,0.09349666440875752,0.22614057620933714,0.1766799429915978,0.25273372064789845,0.15975725891057282,0.08426301287300114,0.27007221401167997,0.3990110380807143
2020-12-28,0.17313162582735972,0.231259906549874,0.019593645342113473,0.04056507578287325,0.3054360419682918,0.27560159544542584,0.15975725891057282,0.23946350028030775,0.2414999945263052,0.3990110380807143
2020-12-29,0.20279622871775907,0.2584829053232227,0.10363575548647071,0.12740358975166496,0.2590798349900503,0.2529995604338815,0.19618768179059973,0.2355958037127224,0.27658928609336064,0.43333861545277674
2020-12-30,0.17111790267339635,0.24875867762288925,0.12039446612352425,-0.05531672093117371,0.1237127747587274,0.2768392227675236,0.2303450663020445,0.27039720247514826,0.16241041464224318,0.43333861545277674
2020-12-31,0.2146485387485264,0.3258604086185934,0.15983677707600838,-0.0036611472874491374,0.35285040432067677,0.19624548184501572,0.3210419764556756,0.0679238966192662,0.24823125574010513,0.27175839476943187
2021-01-04,0.18972203444168098,0.33487823167252345,0.1062148705902799,0.17161045875314956,0.21129395238259696,0.21536533076963899,0.3479946509704504,0.2626432011000659,0.2570609777457835,0.5669847501912031
2021-01-05,0.18423691185000957,0.29015259889279343,0.1250768175940664,0.22354308361321085,0.2896904175100053,0.1517637065724723,0.2468331642573489,0.3608954674000439,0.2592982851768469,0.5127565001274688
2021-01-06,0.17137904197689627,0.25095062148408454,0.12045557462619724,0.22949895157333966,0.2505830195769746,0.18232495956445027,0.22437529823919788,0.040725780241038345,0.18870789642941252,0.3593702275142842
2021-01-07,0.17504305429665326,0.20861596987827857,0.07388593863968705,0.20089011734389317,0.29133901936191275,0.1451850802355537,0.2484260647860006,0.06629661726183837,0.1947540526711912,0.3593702275142842
2021-01-08,0.22687525839510814,0.1967460910299635,0.10329907191001099,0.15602317346735736,0.18347959538599035,0.08708560904592472,0.060764979576908934,0.030546265571421084,0.13332708296758156,0.3235255321993113
2021-01-11,0.24264318048535236,0.21005606068664232,0.0953600199081783,0.1605848892374857,0.10752792770872835,0.06032299862320907,0.04961665305127262,0.3316636449333626,0.15106248037658182,0.2542467000763425
2021-01-12,0.23009855156654843,0.23417975474347585,0.1156380600371956,0.09158701817241145,0.07471029227711548,0.13678350540499137,0.2209854151425591,0.21849788838849946,0.1888807045103138,0.3311502365330272
2021-01-13,0.11217332111277152,0.22466094760676164,0.09260046986133222,0.12867879503532115,0.14115948334594614,0.045575715705763006,0.026527424081500325,0.1959689471544891,0.12811089338174425,0.30324612094916975
2021-01-14,0.13136728452743052,0.21344486450899933,0.1307974293490477,0.16902266891243634,0.17158849516947142,0.13356941653111473,0.13057285048487688,0.14393895719228325,0.14962795362682668,0.3340768576486752
2021-01-15,0.10093523213748598,0.22594819167829844,0.09649932619426849,0.12648356498924326,0.18137149677964765,0.17530540543344506,0.03873981368743085,0.2687126623860879,0.18941359334576116,0.041750840279975866
2021-01-19,0.2245509081222171,0.22458212778553227,0.1116697988223539,0.17529859419196303,0.21576573593813278,0.18540820132462194,0.07627579144273768,0.2586557462500828,0.14492857074811083,0.17463389351998393
2021-01-20,0.09401391047786663,0.19695994377621343,0.12898547057220272,0.16383902070878836,0.1328179653628775,0.22323187277850617,-0.10964637063282624,0.283398605955759,0.14837968819104827,0.23789568287689455
2021-01-21,-0.009549065625975527,0.12310114499504399,0.008600958590331364,0.16024769149864623,0.2870041902414695,0.19991191518567075,0.16344475993659277,0.13131222317803626,0.1680086810162544,0.21834252416179778
2021-01-22,0.05049785992394227,0.08577230608770989,0.014885645387366777,0.15113457211020861,0.19469555606467928,0.047420120687171705,0.173227255837698,0.13131222317803626,0.21907037067750293,0.2830397870276515
2021-01-25,0.08887147718852606,0.09411411124028177,-0.027865403075088814,0.14274946337294478,0.2023193143996097,0.08329674712478113,0.18055880901884666,0.13131222317803626,0.19099774711833528,0.2299442329480622
2021-01-26,0.06028128760709249,0.10544572367577723,0.10125924548189337,0.21439339421784204,0.20459870239407393,0.24311624997107573,-0.003996795104981077,0.18979676431335346,0.18566509352048563,0.25518153361115514
2021-01-27,0.09590495987920382,0.1304137231912589,0.1444745488535621,0.20807703304123157,0.16062548407422247,0.19891671053488982,0.15072809490145334,0.04716647661233174,0.22364784757227485,0.31819836282300784
2021-01-28,0.05530588732595133,0.09516283927036308,0.15495515595189402,0.1679463735345638,0.17964714811297372,0.17974050281132103,0.009142482555519582,0.2164110020944368,0.2910284208980091,0.3194057943979743
2021-01-29,0.12101832925270783,0.12360789284690872,0.1460735337778964,0.11658370225822805,0.1985274797385334,0.15190892880631218,0.10032796757009985,0.1442740013962912,0.1507624767109009,0.3555760536848374
2021-02-01,0.13767264603232438,0.13617484386373324,0.0006366207909866448,0.12873973092726626,0.15026017628423255,0.15196480680503158,0.1302545200687911,0.2067924606795362,0.14263956780726728,0.34476494962214627
2021-02-02,0.25497287513266065,0.14197169242316582,0.10961431063726865,0.11211940395151083,0.19928440727974195,0.09203755961175528,0.1576425988508067,0.29821247584189026,0.20682709282389244,0.513773750681088
2021-02-03,0.2614419167551071,0.1847944616154439,0.06224041791194893,0.21555876930100723,0.1698389432428594,0.07944802118753383,0.16283532429029904,0.241599200638242,0.3047972285492616,0.3756485692249251
2021-02-04,0.20512895507737675,0.12881121916950122,0.09332869704462453,0.24783973508956036,0.20648788503537155,0.08412819370634747,0.09731497977061739,0.16371498485207056,0.2887512277668048,0.2970685975363183
2021-02-05,0.2157097890506661,0.2002028715206512,0.09684523456000758,0.16239315672637358,0.17140977413455097,0.12068379928158006,0.09731497977061739,0.12010490707764226,0.25663367084405553,0.32509944474715025
2021-02-08,0.1808084319633073,0.05645413656932301,0.09282237859556058,0.10884821559536018,0.2083368260354761,0.11768824040092751,0.09663667771179647,0.4555586184348724,0.25742378918532083,0.19520811013533282
2021-02-09,0.12273951019776044,0.10435396406208837,0.12439486269730934,0.06747457466408716,0.2786292911505085,0.1418714542531541,0.1421112965032587,0.294354096131146,0.2514620065362233,0.2580810240718466
2021-02-10,0.10940045644244595,0.08637407127948747,-0.002077512511449673,0.044537521741985504,0.18972717111014226,0.1415136083909916,0.24778253100217246,0.25129994523672466,0.20085232003769152,0.21534772421479262
2021-02-11,0.05114846370565102,0.15966334372563293,0.05020391944772351,0.10576317499812693,0.2424076392107335,0.15771978654637536,0.05566724495614024,0.25129994523672466,0.10066034066300242,0.3279213402376309
2021-02-12,0.15513649392669276,0.14123714527747894,0.15164517392121973,0.1742316970073885,0.27181523390352236,0.11731180214202802,0.05566724495614024,0.2272910923608699,0.13310813765557158,0.2258529516242314
2021-02-16,0.32634496716274475,0.14417131907387487,0.07907835680821071,0.08796699126868511,0.2667893226023482,0.16429397920579647,0.05566724495614024,0.2919132348611049,0.1584918816114716,0.1871393000080542
2021-02-17,0.17964237406680295,0.13993161747782135,0.09566992774536248,0.08180531318382409,0.19377241460726516,0.042818009946721455,0.18310311850528638,0.35613653083904273,0.1336154210743144,0.3109557956162562
2021-02-18,0.10359089225874289,0.13269385609632534,0.01847105083544627,0.12261294580546621,0.2419447577078325,0.0009919237947915507,0.1304668459544962,0.3347058417364684,0.18800478974581583,0.27184493558675416
2021-02-19,0.20029316755409135,0.17531926914358198,0.10864623760883803,0.12391342482537948,0.21285599883145956,0.07304544081682474,0.1948479562892913,0.3347058417364684,0.15182797216864452,0.2589875371331162
2021-02-22,0.15372105337019415,0.22926440930746814,0.16741561117800183,0.17618341508592436,0.2707218695931389,0.14123180363576598,0.19164050551546405,0.27714898386861575,0.16699642589020747,0.42920081067642085
2021-02-23,0.20018808553885006,0.1467408978275967,0.17217103665418498,0.10185995600222535,0.22315152771966557,0.10613525735279002,0.2242069290421465,0.23360849961076316,0.2040176172601383,0.3096030751798889
2021-02-24,0.24046229376759717,0.1678659556945883,0.22275707999167887,0.0723867299274095,0.2156217377247403,0.0817415537319513,0.1589916248922668,0.21358164967892138,0.22202771706231442,0.2878407766617876
2021-02-25,0.12918104101174496,0.12759292879639217,0.14876042592556968,0.061464486618273,0.15422292826277714,0.060715305266580845,0.11768738724349051,0.22198346941416294,0.22506454021344077,0.1919281556156099
2021-02-26,0.10230773104486701,0.13010243498101984,0.15302749851482023,0.08023771330107089,0.2755703748988597,0.11240823257909403,0.08705716160380682,0.18816133703717908,0.1747328985437383,0.1308113630028868
2021-03-01,0.15094830243067547,0.15833106776512434,0.04230543518186886,0.09668175467522594,0.10651064951263894,0.02173474424165971,0.09623749516559897,0.22207877094192416,0.1784639777841671,0.05392415810927265
2021-03-02,0.06703792402428217,0.2023135616149251,0.17534830842116506,0.07804089935776039,0.1292112187364539,0.057994216715704296,0.09642231859898442,0.2632110537826413,0.1839226045831171,0.044403991872586125
2021-03-03,0.12686682825524911,0.15031320774328338,0.0428928500750774,0.16135697033184646,0.09310102941302471,0.07306146040370062,0.10843646159135245,0.19763698665984708,0.12873729194430028,0.06576514600748062
2021-03-04,0.16995690895237583,0.13820277969710026,0.05377477883793039,0.10948366145160185,0.2640092436004105,0.0883204309224397,0.10843646159135245,0.19225879811469862,0.17303085060401938,0.08827726930813355
2021-03-05,0.16767543930158388,0.04905857429094321,0.12873422882974941,0.0937706801684504,0.19118560228125814,0.14428862426535266,0.09934306004819825,0.3331108097329744,0.17016199465757317,0.137155620977414
2021-03-08,0.12713109836855266,0.09638595813809363,0.18005226366427737,0.13102656455674472,0.11477423935690256,0.10648075255770886,0.0844921454600586,0.21980547188871058,0.1423986080420229,0.1563370806516093
2021-03-09,0.05956939891236844,0.12171408777054987,0.20635918818744464,0.20601482374770763,0.15857101543258534,0.14562114175950053,0.1545043392138297,0.32329562884127205,0.18939540218729795,0.0922170796407429
2021-03-10,0.15689775618048746,0.1387399474025888,0.05732268953916866,0.12484054954307394,0.1120669247465147,0.12506307031635902,0.09278025965391928,0.32329562884127205,0.13621985145819862,-0.027126757646331316
2021-03-11,0.15432459562308537,0.16432990071162806,0.1391234689465201,0.2132190430527948,0.14534407422732312,0.18309415505502097,0.13315350643594617,0.12168970093616711,0.21137644486408594,0.08048216156911245
2021-03-12,0.17878493450284785,0.14916961634743456,0.1981734834075396,0.15922018689799788,0.10161281493220724,0.17442326986428708,0.24179878200517996,0.09714790417319338,0.1868624564227776,0.08048216156911245
2021-03-15,0.18249921985229262,0.17119244264432146,0.26649496601207606,0.14559988438011576,-0.0035704359881112008,0.16811922534319515,0.18355282370547754,0.2907480505730358,0.20059562539647857,0.3654069266077161
2021-03-16,0.1831071187904173,0.21327818927610848,0.15500703224850704,0.19926621243623766,0.12042295330639319,0.2738124888238505,0.1301498636750892,0.28775850971777595,0.20971063882938026,0.15646355610372756
2021-03-17,0.15558440776873295,0.2399786261840723,0.12824671777207192,0.13457282182596933,0.13427961356886903,0.16081935287081806,0.13321949994800325,0.25421972270637394,0.12189423822538703,0.17347155615379775
2021-03-18,0.18655329432063503,0.22774825078938155,0.09120336740360349,0.17111021455064623,0.1331811649574384,0.13350009214617956,0.05335735479986561,0.14250388408273923,0.19045838346879274,0.17347155615379775
2021-03-19,0.09960563867646227,0.2521075005262544,0.03101717396972546,0.13460721539097265,0.14651898555406673,0.11957777600804735,0.05335735479986561,0.22466092272182614,0.2697397616747779,0.28165649594113606
2021-03-22,0.16406847034447786,0.1835484924143283,0.10398437812200217,0.10869237483706799,0.2089045918329356,0.09124985917059344,0.16612120370711042,0.22466092272182614,0.2231911711573485,0.28165649594113606
2021-03-23,0.19004898781638968,0.1751145504984411,0.11283638295673605,0.16298501111012925,0.12828452844853003,0.13510359966526375,0.21594763435719777,0.22466092272182614,0.20306517733814058,0.28165649594113606
2021-03-24,0.1728984733159845,0.23744017437844278,0.020024047932022622,0.26201605548314133,0.19039564647748827,0.17984147671258732,0.05270209673853077,0.21075657822911012,0.21163789600320485,0.2155759660468139
2021-03-25,0.23642755822130665,0.1760516246582033,-0.0068544166029003975,0.22605544761176158,0.22211130092689116,0.155378431032539,0.13619298563638443,0.21075657822911012,0.14083396498252873,0.2155759660468139
2021-03-26,0.1237708586478691,0.2076383620845478,0.08345493540383316,0.1681778734985189,0.28005753395126076,0.0644939529074466,0.19935829771880334,0.35057844435267843,0.12422819887724136,0.3173550953251256
2021-03-29,0.1548130353035016,0.09641558318142368,0.16339962318204693,0.20315891777500536,0.21685043363733594,0.18973725453418455,0.04093833872462443,0.35057844435267843,0.13423060480704982,0.10416799456334029
2021-03-30,0.18314661045621894,0.2072687207952872,0.17713263833150927,0.049010029839421584,0.21801682451100418,0.15686687469983293,0.04093833872462443,0.20440559069079736,0.18987665320469987,0.37356173021675043
2021-03-31,0.2388421847485904,0.19030048053019144,0.22207338862693204,0.03991493442286226,0.12072839358977522,0.18353650432995655,0.04093833872462443,0.2175422016337175,0.26605681040634016,0.3165930408509893
2021-04-01,0.19578151779937328,0.15432198702012762,0.25107948130684354,0.10490424199619389,0.14048364471672942,0.2157755830526432,0.06792418424676219,0.05911939920658857,0.1741261361515124,0.1969033429127609
2021-04-05,0.15748552374284241,0.10607799134675175,0.054458722322836516,0.17630660577524038,0.14046576314448628,0.25201673833511473,0.1125187359106692,0.10617959947105904,0.15067786549700343,0.20656464862987414
2021-04-06,0.220290429887562,0.15646254978672341,0.08278059268650591,0.2530184588894998,0.16600008336024852,0.24674257878880734,0.14984391249814502,0.12352360656659674,0.21803034818823105,0.22752889146243208
2021-04-07,0.24349425678363826,0.1830544604694331,0.14175100263541235,0.18350897259299986,0.17632478952504782,0.20844313635721462,0.10402448106977318,0.2296863996473727,0.09250515902990825,0.18075524118273248
2021-04-08,0.16880949449256416,0.12084265854744825,0.09460038918281387,0.17181223172866658,0.28047306715087167,0.1951276787740858,0.053795069264446736,0.2163157377110645,0.10579788379771661,0.16939134120318539
2021-04-09,0.22837826454073368,0.19249639141258454,0.06947442273726112,0.1495984322635555,0.24230346078753437,0.1592757095005754,0.10237857388243318,0.1531242664315818,0.10909568864574772,0.2650411482640282
2021-04-12,0.18792118254046666,0.18241743994013918,0.038714269640825374,0.13146046277887827,0.2663502501444532,0.19282721911093184,0.10237857388243318,0.1020828442877212,0.1729424492535778,0.29794730055939916
2021-04-13,0.11173702352852037,0.20569088013228906,0.26008248767345954,0.18417220871028733,0.2094649422928409,0.21689063509039563,0.1604505896090389,0.36535927798414636,0.08492679122821516,0.3280787308451205
2021-04-14,0.19723951660523623,0.1918680867548594,0.11421584883150587,0.1989492929863454,0.16357557051112492,0.2747603764798575,0.1604505896090389,0.2609748995795967,0.0949432066567617,0.2608750626764897
2021-04-15,0.19087188632294672,0.12704066894768404,0.1286328048784839,0.23354728427828694,0.1067153649478162,0.21363030683241474,0.19199773639498294,0.24793957490676877,0.10826261471017523,0.3244389006213513
2021-04-16,0.09942507880426256,0.08804245374100059,0.08505956049692916,0.21714645751328676,0.1538302432985441,0.17820373758927124,0.19199773639498294,0.17890703546655568,0.16453132647345015,0.39985857971805666
2021-04-19,0.26117912232073504,0.14186934416066707,0.14232569105710394,0.2687453775682249,0.09448428349775057,0.23882318341521133,0.12989482039863298,0.01075055744750665,0.15827539456496642,0.39985857971805666
2021-04-20,0.12552310489933613,0.11915392746460954,0.12523538906688048,0.24949965647405467,0.08795987678028172,0.17554621896334796,0.1608338673338965,0.1805973482219651,0.14905124202359818,0.3046368379961861
2021-04-21,0.07681175260205791,0.10486208920921056,0.23890040970962065,0.25618010431603644,0.08542684449783877,0.1619086673435088,0.03753377001957043,0.1805973482219651,0.19003187730224255,0.28473991188763603
2021-04-22,0.05230119721263626,0.13258250391725152,0.18167356598146378,0.22752336333074033,0.186724611172616,0.11965244744914105,0.21450369191011337,0.15734429589024668,0.11608244202350479,0.3327014713858353
2021-04-23,0.1549877062084117,0.1792069542593693,0.11078266377314527,0.204389186664938,0.140274740781744,0.14403829829942735,0.19748335761606406,0.1962598179404266,0.1259074613490032,0.2826207253948956
2021-04-26,0.19604013747227447,0.16894414814233583,0.04624343483329432,0.21169542245271053,0.3129544855356158,0.1549279747357649,0.2076464581810383,0.2703645124518956,0.11308520927540383,0.2370853545399343
2021-04-27,0.11583861975352228,0.1797184517027337,0.01431562322219621,0.22446794355778726,0.21972556244974722,0.16220168412839125,0.05316319175372494,0.190802372648945,0.16185399538987003,0.24401534878358921
2021-04-28,0.11902338818847817,0.13249717342934633,0.053727932979823555,0.21058298321699012,0.2615987082998315,0.13171679139279602,0.16881531775992117,0.190802372648945,0.16329478881761655,0.20875467696683725
2021-04-29,0.1776550534345146,0.1520616421889174,0.08722120138866236,0.1941864332557712,0.2660095198189352,0.07455854098993335,0.40949875248765943,0.243522440197399,0.1678958765277617,0.22252534020011372
2021-04-30,0.19677139287447343,0.13884279370706157,0.08931314430971717,0.19685054894356205,0.2640170132126235,0.057038386300981216,0.1416667896048693,0.2061279563034201,0.1925079653042221,0.17223493945750024
2021-05-03,0.1912121561710717,0.12230682100521816,0.1567422653013791,0.2043280182902173,0.2359499404323473,0.05084209595445206,0.05196926519098383,0.25541135196208115,0.08928627972541037,0.21066653054856377
2021-05-04,0.21570284402105916,0.13691690388521005,0.18600633039838138,0.22900462675458821,0.25075740473267594,0.07814906369216533,0.18615330193244498,0.3165220957955163,0.1122539545381168,0.14983253899170926
2021-05-05,0.26457391004626546,0.18619468499702818,0.1360578364092284,0.16585411624909055,0.2529316031551173,0.09284095595576093,0.06797082504996971,0.3165220957955163,0.17130843657616038,0.2817292116126429
2021-05-06,0.20850817830459728,0.12634654161916023,0.13052100333515984,0.15583838809742764,0.24917551321452266,0.13485145420657396,0.22378718968621744,0.17768264529752412,0.1984259947544773,0.2369530564099603
2021-05-07,0.060906372036588476,0.14274454493376712,0.19336201329613395,0.13244725873161842,0.24795779276471908,0.21844586105590857,0.1385386995156359,0.09242955811180692,0.14795534065634502,0.1539072774548755
2021-05-10,0.14705994575252235,0.05947771596887435,0.12515006084344818,0.14628914470996784,0.32181399469640404,0.18985268870012184,0.1385386995156359,0.09242955811180692,0.2586059522169129,0.2303729782414451
2021-05-11,0.09157505953714717,0.15061637565095876,0.1744466644875895,0.09894011954169628,0.22106699270375424,0.18323714852067746,0.16577459222887456,0.09242955811180692,0.17515519488685546,0.3005945070764046
2021-05-12,0.1264867063580981,0.12829858376730585,0.09671826899027958,0.13090068760254944,0.17217459650598302,0.122665077105769,0.15823666699425967,0.3494847604384654,0.15080255906358492,0.3005945070764046
2021-05-13,0.1111800264609543,0.08967313211520599,0.11163717932685305,0.06555813094618863,0.3250151068736102,0.1522151216926228,0.27012444466283975,0.30392217369666297,0.16784429043337848,0.27269671323294326
2021-05-14,0.024092847397323276,0.2400772481637363,0.06444144865572367,0.076256313856123,0.13134906275853578,0.1664154310946275,0.22941629644189318,0.1640816938684742,0.11936146676737866,0.3242486362251388
2021-05-17,0.04710527114021116,0.09628033417115593,0.060224507190733335,0.08714804759211761,0.2777303803947092,0.1269616897910042,0.24597024360580233,0.1640816938684742,0.09614190685927936,0.3921166193103904
2021-05-18,0.1295392503515785,0.141678522688228,0.11694357503406555,0.18862164035495974,0.2413311333447139,0.12591502126906412,0.2987235774119973,0.08583617300592307,0.09343355613048797,0.2531094580842203
2021-05-19,0.10847805578994123,0.10687258433536664,0.04970678404962632,0.1622503022022154,0.2515866499446418,0.09523771631322442,0.20818580896516745,0.22110433797265128,0.29168301352699,0.2793958093923882
2021-05-20,0.1464897615166831,0.13785056109611415,0.035900356033084224,0.2180294688071336,0.1123447546122863,0.10569283775114961,0.10523412866053064,0.21530202582746974,0.07058722934123667,0.4108654048677776
2021-05-21,0.11835575155662421,0.16444870739740947,0.1323713150980573,0.16734393294315955,0.15312412506123696,0.16188612541595604,0.0701560857736871,0.21530202582746974,0.1450130353598136,0.2720060426826999
2021-05-24,0.1561676438948923,0.1929915020605672,0.09878930749258238,0.17930686905098123,0.25347979717330005,0.2234137814547465,0.1551641930557839,0.21530202582746974,0.24307952357320906,0.3119224586527134
2021-05-25,0.11844309592992822,0.18377590702762436,0.10128568068443548,0.08814490223188426,0.2756282379183671,0.21174882282534538,0.19867041605918512,0.15952599630463613,0.2501276152780619,0.31173049499880645
2021-05-26,0.19174245918816338,0.1910028955361109,0.09871918096765625,0.12805558770304434,0.31117577666510715,0.09231170462898347,0.1250548084598243,0.33664233086975737,0.19728379937766372,0.3020802396642294
2021-05-27,0.13314487943155223,0.19328409061226365,0.17667617219824866,0.0792695101177173,0.21658371876064372,0.20064074177084845,0.06056619692502233,0.23524148612599657,0.294721828718208,0.43105366022079555
2021-05-28,0.22471957514060764,0.20534896561790691,0.1061039138137264,0.056784881745144865,0.23707542141991048,0.16207158404667282,0.17432873588640485,0.07857312258998655,0.26062788581213864,0.36243626496646375
2021-06-01,0.3016822723159606,0.21713819930082687,0.09959407419886006,0.14229053617777962,0.26365339896289786,0.1381477226977819,0.2466093326639011,0.2960896752342842,0.2400269238747591,0.4643349600981314
2021-06-02,0.3593416760561335,0.25201405594414095,0.14705999161480385,0.10991013262747178,0.2104905960118934,0.1536130651318546,0.296696217237979,0.22431878075474834,0.19185338540193297,0.2496560714801449
2021-06-03,0.27466562473648926,0.2504449261849829,0.14165831207780022,0.1726651368993421,0.17083072726567095,0.11953241454352147,0.16249800133371903,0.3934401844711071,0.18348404734380064,0.3778000606489194
2021-06-04,0.28966542011168694,0.2689232841233219,0.18155188896690028,0.11670898015511696,0.16767998118152783,0.17956789099731615,0.19948555751211042,0.2407969444508203,0.17872119126157657,0.20085806052188082
2021-06-07,0.3524028049205457,0.23749485608221463,0.1646759101289991,0.1861464281859176,0.07416498501400065,0.21140914955376633,0.20444355614831958,0.38485373966819075,0.20609523861882884,0.44030875755024823
2021-06-08,0.3437863143914749,0.19458101516592086,0.07113274395213369,0.2029855106824047,0.12186910056359626,0.2617706830358442,0.17700965866238033,0.4940191597787938,0.2613131740924324,0.44030875755024823
2021-06-09,0.37061701162532495,0.1622281577305009,0.15446226693025222,0.20985277760643956,0.14339525599553166,0.2058582063339742,0.19547091810595882,0.4940191597787938,0.31170691746449186,0.28258030904910664
2021-06-10,0.23274606622442817,0.13965627251390889,0.19376620909250233,0.3112163349106886,0.1261291492854297,0.17833673710706927,0.14802401663653914,0.2298286424382991,0.25060346315087295,0.27360709749661666
2021-06-11,0.26481006239672844,0.14806246910192078,0.08996054803637171,0.22220964692284945,0.15582801707635213,0.21526060251582396,0.20662625826674164,0.2252625352762531,0.2296221004339153,0.10004347452557638
2021-06-14,0.3761691960447857,0.10760331273461383,0.08764286543677842,0.27611708186063466,0.16571255574252736,0.3002930885962537,0.1675500916344269,0.28757970576562275,0.17634598362261023,0.20512319633078446
2021-06-15,0.25902639234866504,0.1695118381193722,0.154880347825781,0.21724059730556822,0.16146570924607628,0.21692317017528026,0.22073056116262424,0.04547939663924404,0.17986232241507344,0.2072537702191087
2021-06-16,0.1832368886099813,0.200052647350965,0.22493663829863939,0.2207329900687522,0.20119070136688463,0.13097353063412262,0.20104415307749304,-0.019013735573837308,0.14972718797975496,0.41531144132348946
2021-06-17,0.23702880447936084,0.16512674167487967,0.23898401722643908,0.18636643782361256,0.1421285997183034,0.2587173695138858,0.12208166273180784,0.16797038603424894,0.141833362392888,0.20331420781540804
2021-06-18,0.2690000824223708,0.1715435826309253,0.17505158315977318,0.13658573632685284,0.22917664325761963,0.17578318709450957,0.13141309428208128,0.18053684004779302,0.06342725023010988,0.15522538701763755
2021-06-21,0.24062169947602163,0.21375911125706804,0.15053750878331296,0.18040937724554434,0.26441795740491275,0.16918901604535444,0.1371250981651844,0.18296246200035884,0.11208635496365713,0.18458286281043976
2021-06-22,0.2563769896383323,0.15067447364227818,0.10190297585502531,0.14199243473020118,0.2751005436425854,0.1884019366228289,0.061466107497091214,0.18296246200035884,0.1269447723567238,0.12479393113214118
2021-06-23,0.07997663901417892,0.11132998242818544,0.06062842018314705,0.1271437509980197,0.30076174420830726,0.13302694899813325,0.0935038614577578,0.4053032535063797,0.0859670688512495,0.12479393113214118
2021-06-24,0.10503099764990986,0.1325547105076792,0.21407697216129748,0.1584347871969426,0.2689209711390751,0.1247179659987555,0.0935038614577578,0.4053032535063797,0.09699249034527745,-0.011170294422342082
2021-06-25,0.02764983176660658,0.15344647367178613,0.17560989085814016,0.21478829868242988,0.2110635141997003,0.15621008132686154,0.07848064904667214,0.06751205451666004,0.1979555139942397,0.2538613722381332
2021-06-28,0.06042812899640931,0.14201303800341297,0.23508069036414175,0.13813649132261363,0.19642743720055578,0.1049980074616866,0.10358359363655939,0.39530216900425313,0.342949748795432,0.4013423834713066
2021-06-29,0.1379745222619687,0.12654033221391553,0.17036583519020787,0.12474592841971659,0.22023520146605402,0.15703952467729573,0.0690557290910396,0.2850125571139465,0.24500221101952402,0.3158978062105718
2021-06-30,0.14537583183865094,0.07773307861880083,0.27388389012680525,0.16747429285468937,0.1528153916228165,0.18269051639185974,0.03887886142805371,0.1900083714092977,0.28252091845746047,0.1803071146221252
2021-07-01,0.3020893157546345,0.06949006828554977,0.20622069850694538,0.1566424371481902,0.1586325790478947,0.1317581280872438,0.03887886142805371,0.17600558093953178,0.24689774377805593,0.44972181732483163
2021-07-02,0.2085733582254901,0.10616504552369985,0.22170685159379583,0.21472937635305844,0.2526255800481709,0.18093875205816254,0.10798309507360311,0.2105297315636416,0.22197673191601522,0.24132506660419115
2021-07-06,0.19264144010892448,0.1761294619195833,0.2477679010625306,0.23910505486847727,0.358697324005635,0.17966751561378458,0.18141972186922573,0.2657864125978636,0.15772986143222237,0.48058121154988775
2021-07-07,0.12402553976570449,0.15725261828168877,0.09327060179612233,0.1672473282456515,0.3019070998202825,0.09130812077165712,0.11335566525609622,0.2262430982214243,0.18433386325157866,0.31443542605135966
2021-07-08,0.13995894610853632,0.20589035663223693,0.15028114701579592,0.14871369502091053,0.2876771190181959,0.2511803698712271,0.11814612327111072,0.24569250197591633,0.2600836866121636,0.29119615316303843
2021-07-09,0.18700916856448518,0.16325023775482464,0.12627232023275287,0.08321581124732666,0.22027344050245928,0.21032806102790783,0.05130700631445681,0.28286512706481437,0.23346210925773134,0.5376249829110612
2021-07-12,0.20100015547207642,0.15449849183654976,0.1957491023773908,0.1532043668716721,0.17221840477941733,0.1510359311540879,0.05130700631445681,0.1697146165746761,0.2602112367458069,0.15278891849075163
2021-07-13,0.20167959172012342,0.171607142705848,0.3097068404096593,0.17088735569222585,0.22019340218703054,0.17198502661305992,0.162642721453827,0.11345561537711363,0.2565883263969122,0.2898768560228265
2021-07-14,0.17875528336897115,0.19925948402612087,0.12681738071713788,0.23160911886341395,0.16281802302786466,0.06712335107537327,0.055240738473950286,0.18665236012592348,0.26557624215755266,0.25764871392347083
2021-07-15,0.15655729357535766,0.20928532268408057,0.15517915666915166,0.22009966898586575,0.2422839035819751,0.07753951070044778,0.001368663985788389,0.1717832721590938,0.20792399039188664,0.3940427347391282
2021-07-16,0.07235078516869548,0.16098549290049816,0.08527663628312389,0.12404392646520876,0.24356125525848962,0.100349482005505,0.10358238165166879,0.13228710593346657,0.12191264516729944,-0.04324444950783373
2021-07-19,0.06826272164695346,0.20851877645655892,0.13287929291812184,0.15135316530666237,0.36217417017232645,0.1280356165824052,0.08734375372583446,0.11950073466096338,0.1565900399128617,0.23686734540684026
2021-07-20,0.1459255833751809,0.12354667431912132,0.11757263972319235,0.1183636482893971,0.25549902863273094,0.12946574238279293,0.06411035168727437,0.12262227062170279,0.10945476867206654,0.1768560080490046
2021-07-21,0.15250391944611832,0.11721899517722612,0.1009039820376838,0.13388416287788552,0.14738761323132346,0.04369825040776284,0.09858314734066491,0.04814431908683726,0.11971151244804437,0.23811206670944318
2021-07-22,0.08870504457415344,0.11165430083215391,0.17060932135845586,0.2154384612887941,0.1307608327384044,0.08441293759163247,0.008610146288024687,0.21925986396351102,0.1417853535367915,0.07767001323855455
2021-07-23,0.1106919047161023,0.12370311815036478,0.13565065868341503,0.22453378874951513,0.10075223345534871,0.0965720076691519,0.07073958611119542,0.07731031121015045,0.13197673323706208,0.027880205234537485
2021-07-26,0.1354545568477719,0.11827416210024318,0.21629726287886863,0.19429197027745454,0.0997391042979079,0.19924707622062612,0.13343983872702886,0.07731031121015045,0.06718869127081768,0.20281816497570238
2021-07-27,0.10252559919572204,0.10239652473349545,0.21925681044546863,0.1466672821808067,0.19678120963121096,0.11120600426293782,0.14482663890703226,0.3714244921628989,0.08563677174464769,0.2917662671220665
2021-07-28,0.16091629983062974,0.11734525260010807,0.2890816203523449,0.17946965637450607,0.08036356666292681,0.12121952312414551,0.14600394190595617,0.3714244921628989,0.07786987991919672,0.23901234915631864
2021-07-29,0.19344233384783818,0.16322252865374534,0.19385864402696348,0.1419826060940291,0.11268265555306232,0.2200461280461263,0.14600394190595617,0.043530566288265814,0.11174281677152798,0.15030006837597512
2021-07-30,0.16437509040312145,0.18317399184369504,0.13484786304695998,0.21455558801829896,0.10022822749951106,0.21718745533649045,0.18701946015783177,0.08110050920135493,0.13574307944111474,0.21094366901462233
2021-08-02,0.13474820841689578,0.12952281995928877,0.17074349300151395,0.24553571550009906,0.1164857380110853,0.17684163689099364,0.19549108232405424,0.09206593635187878,0.26337478360213123,0.19820737654393955
2021-08-03,0.1230084256737492,0.1864116262549497,0.14450009222663968,0.2574637074133487,0.18848333739745698,0.18084010859309682,0.11475453703663943,0.22725763469475774,0.19041609258645872,0.1002513342706804
2021-08-04,0.11573895044916614,0.2136649366653314,0.21198360741800928,0.2758469325297552,0.20798935008228334,0.11968860084476633,0.15696484956977774,0.1712456843300316,0.1681125802428243,0.22280591827469884
2021-08-05,0.09681671831290811,0.11814723224607648,0.0861221250784207,0.25004608510294807,0.21226157713740354,0.2112289347452041,0.15893489609768588,0.04740864265113823,0.1350972699607126,0.06112771073614163
2021-08-06,0.06292006774964835,0.21284655191118113,0.22306172456045084,0.16831150117974317,0.17580005500503004,0.22711951195784086,0.08123134500013977,0.04740864265113823,0.1555587283295557,0.19356540540699146
2021-08-09,0.14098174976800085,0.1560848809982562,0.12277931217377824,0.15834869824979295,0.20036460352224986,0.24989234403945168,0.22367000121633315,0.1788699270280442,0.12332359666414822,0.1386939759337796
2021-08-10,0.14829115832666778,0.2130124400786262,0.07519103229933559,0.20567654698312282,0.21227967694782948,0.23316711817159694,0.15176032068860867,0.11983050391380144,0.15658864777609882,0.1822409341043181
2021-08-11,0.13636735579661793,0.17373212598243407,0.012958224364239527,0.14690168194103742,0.16222202940514788,0.21006881952180534,0.12394021379240579,0.26429126865339353,0.14907313789786028,0.26576770711844316
2021-08-12,0.10157901990809519,0.1480551723751029,0.04791581464817972,0.13892429865916572,0.21834358621711103,0.10727063376747795,-0.0258834928329846,0.35753783635781616,0.09938209193190686,0.22024136516776172
2021-08-13,0.1738820066903947,0.17695640271262983,0.006696903275766225,0.1770566257785649,0.20874179504576879,0.15787253397623663,0.11829290778316644,0.18927759688909207,0.18761576967305169,0.15968916548455994
2021-08-16,0.2972311721102314,0.2384458035628058,0.008190906401811202,0.15186258905198025,0.2460304253530152,0.09123072842223548,0.18244996507735964,0.18927759688909207,0.12125246081682722,0.23170526604402775
2021-08-17,0.2015037709543265,0.18338018483134425,0.01431467487173588,0.12589059110059886,0.17697285457541662,0.12314237877857326,0.1324075263552337,0.19077726035462667,0.11765052943344038,0.20580693360297797
2021-08-18,0.18111469859446847,0.11566114395369322,-0.013806327863287195,0.11833009644801828,0.21412190305027773,0.10996062748985759,0.21811542557574462,0.14973857549683534,0.13325301403245804,0.28611684461274955
2021-08-19,0.1491521669757722,0.1558414123889114,0.028774114757808538,0.13978885641885372,0.2752113360955291,0.13751726231325112,0.21260981895460254,0.30793605233002325,0.2079189260216387,0.28611684461274955
2021-08-20,0.22162595838162472,0.1740889255071827,0.06599693280757499,0.14736647720639082,0.205133093142099,0.169907378704634,0.12111652582425218,0.3739204724885233,0.16525071258585436,0.28611684461274955
2021-08-23,0.12676360674480966,0.1781267657713675,-0.06419536956652615,0.0897162480526169,0.17151592060511833,0.006783555157818702,0.1378849207658489,0.2998344875062631,0.0879153190225086,0.2879843458098403
2021-08-24,0.15439513211753467,0.1625725052055567,0.06053884568136827,0.13533163341972396,0.15293688843914988,0.1260302394444775,0.07061845677617035,0.0481560420196658,0.14931171015330919,0.16181763032633112
2021-08-25,0.24388917240946242,0.110914143886198,0.08245482634391564,0.13591078361016812,0.18595877542770278,0.14844432977415437,0.07652820390393476,0.43508031499234884,0.11021180284277599,0.13355990169903556
2021-08-26,0.3243381899319889,0.17485884542970823,0.10983363701223532,0.17370986911164044,0.13571959248983698,0.15639724637229444,0.17144135173951383,0.31406867733007965,0.11780624494706769,0.13728209035853267
2021-08-27,0.21865649807638846,0.147891928541685,0.06299901404979218,0.10565690616144305,0.1302658500519166,0.17357190825636262,0.08535325118898214,0.31406867733007965,0.18257761196304448,0.13728209035853267
2021-08-30,0.2935946288090773,0.15993448706703994,0.05237878301713253,0.13098703675257908,0.2120695438221354,0.27039911016532786,0.13568985188114951,0.2848693095687145,0.112061010307284,0.045299337562172796
2021-08-31,0.24969891920605156,0.17357522522188565,0.03755547675243564,0.22296126676549505,0.2589524097974256,0.18515516208519442,0.1475452495943721,0.20739416740514038,0.20613761798263378,0.17807732132388618
2021-09-01,0.2580784593498103,0.1570692930050666,0.05393676227940154,0.15642121882560117,0.12157186956971958,0.3196963774283742,0.15735660083606645,0.2619762183038012,0.18250811959398847,0.08154766931910643
2021-09-02,0.2580784593498103,0.21705016359067933,0.06973559179343608,0.1981769402103824,0.11334184814173866,0.15862695451960188,0.1946921188621262,0.3862418521800624,0.08137342503512505,0.18157905306689148
2021-09-03,0.24080049016401317,0.1505640896752764,0.1434386983600327,0.20266383273072908,0.17247782953908838,0.1758732565128016,0.14579809544048253,0.3862418521800624,0.21713546398947994,0.1605015136203525
2021-09-07,0.25492875763952977,0.22523459129404802,0.12418644586928436,0.21181316169844155,0.17247782953908838,0.08782957163591437,0.14579809544048253,0.1870336519990623,0.2204621412668998,0.026551655573977127
2021-09-08,0.20965264107961692,0.19980147667498224,0.17109399270662534,0.13286710092312384,0.22892477677603695,0.16711247870465798,0.17446762998192064,0.24326037459364033,0.2439993116285105,0.16996593908127208
2021-09-09,0.23620040233097098,0.2026653783893821,0.14033147135107854,0.183777511726527,0.15832540673958018,0.21871926185705257,0.04008994169629015,0.2628328653777174,0.20538272427743112,0.128086555412248
2021-09-10,0.13823719807650295,0.1697413633706992,0.215126682142542,0.10017762686530371,0.12650225528670425,0.17831906826264127,0.06637999816116034,0.2265457339792777,0.21486930667518406,0.128086555412248
2021-09-13,0.13931251308966408,0.18355843618314371,0.1075647816542968,0.01705179884225536,0.11491795836338002,0.1588072700728464,0.06222511076729739,0.24481448641540332,0.11916703778345603,0.23136389400498725
2021-09-14,0.22281050951280582,0.18997642261272446,0.11221917375091615,0.0419053658948369,0.18620762759453735,0.16817512204795323,0.07452371218529479,0.16686896802379875,0.10899391407785959,0.18517253121576427
2021-09-15,0.2236868998153468,0.18353539285292744,0.09778956292461301,0.08900039620253343,0.2848375327796339,0.14826489618011698,0.03360955133368235,0.25331597799808564,0.1664642760519064,0.13143637615060982
2021-09-16,0.12093175255864867,0.1402464523781421,0.06291565643732445,0.15455304191280006,0.23196182863511636,0.09358971361812406,0.03360955133368235,0.16780988450944367,0.1740413435280055,0.28644561284248715
2021-09-17,0.09814909197151175,0.10627096825209473,-0.0166975245738543,0.19841140611215835,0.26786066353452204,0.10038672827413136,0.2119321382677713,0.12461754606886412,0.18593761941126313,0.2733532939018078
2021-09-20,0.1511991588558659,0.1723092653210375,-0.06991422387543171,0.16420231964529114,0.17147686055828126,0.06692448551608757,0.16714803006988643,0.2547704532108648,0.14247396849639765,-0.04549541785323464
2021-09-21,0.21961130397043588,0.17348781577476086,0.027669346798020248,0.08081694325559093,0.15076346259440973,0.06018790589975697,0.16853517072756208,0.1513753626442728,0.21241097899759845,0.30349071627399515
2021-09-22,0.16981242421609066,0.15637245919375592,0.06693918313649641,0.058474628837060616,0.21577749114337907,0.03165153181795626,0.014418331602355838,0.3068200644371382,0.18531934314125612,0.3505476447646167
2021-09-23,0.16972505113707245,0.22220163946250393,0.08172223320210872,0.12779111813433852,0.13421347683426404,0.05257905431201558,0.08785607243960633,0.2153841588108963,0.17665200653861518,0.4756984298430778
2021-09-24,0.15906336742471497,0.24136442630833593,0.07932537769029471,0.05972634510398783,0.26433084258850414,0.1545360362080104,0.15263036960104706,0.13788335555679274,0.13545744880352123,0.3078195994351085
2021-09-27,0.18642812401408418,0.15704532547175687,0.11380960217396659,0.15235255601194703,0.17631205280524453,0.12093214202528683,0.1400183856573951,0.1143017398127968,0.15382329920234747,0.3078195994351085
2021-09-28,0.1895670666340883,0.1804183958257872,0.08398674405714918,0.15921137067463134,0.2272346568956208,0.14833265529901857,0.11895431017533871,0.2451194471450072,0.16594842169045387,0.33937876568572667
2021-09-29,0.16988629126679183,0.13050004166163592,0.058506718260321666,0.19629869156086535,0.21140621570819165,0.16973552005507486,0.07930287345022581,0.17120077325013192,0.1578356144603026,0.16341522495767277
2021-09-30,0.1068057251988226,0.18451312333201966,0.17588062286636044,0.108519437389181,0.2282013660276833,0.20463613007391232,0.08620850777146749,0.2912978064165059,0.16892243316644281,0.1796325823410564
2021-10-01,0.11486155634706408,0.14768841710810757,0.1284794653780535,0.14963153605535276,0.21239478597318318,0.174297510737993,0.10723314724755523,0.2548661932222126,0.17128509412915033,0.1408048195432437
2021-10-04,0.13662522971799523,0.1678697479359241,0.17113223389063642,0.15659170015767884,0.13669587650712708,0.20276463465107847,-0.05656770417768584,0.054618116474586614,0.0761813960861002,0.1261965416244353
2021-10-05,0.14385764297324405,0.20983045640026976,0.1660159833524685,0.12460210370057914,0.1725178461923387,0.22630340138348223,-0.05656770417768584,0.16991079548147509,0.15327854977168584,0.07684495581829856
2021-10-06,0.15100010209688677,0.17436474871129093,0.18010131572945712,0.11232512301854496,0.16601055074612783,0.2122356009223215,0.05264618031817849,0.21494749819748324,0.1560368109589017,-0.063787794862237
2021-10-07,0.11657451837527834,0.1837771658075273,0.19130852186394967,0.12279676831136851,0.17129216769228428,0.008097486633610335,0.03964237090889633,0.05627375399750732,0.13885712609501266,-0.063787794862237
2021-10-08,0.15779130763402976,0.13520611863990037,0.1643693315103402,0.11555916601822061,0.1630471032656369,0.11593820950646429,0.11142824727259755,0.09876020974891773,0.17341502923615332,0.2067131476207846
2021-10-11,0.12844538090456328,0.18838371910705237,0.10950585285996417,0.15768944401214705,0.17309922560839971,0.1988531411148346,0.1443047467585935,0.19501492569378254,0.1757123528241022,0.2067131476207846
2021-10-12,0.15523343207985585,0.18945533706701406,0.09521302889076975,0.16738976975657177,0.15682390693145304,0.2764402379784673,0.16691581807093211,0.18987338170793885,0.23225452239820746,0.1241494456444725
2021-10-13,0.18036190705721833,0.2279126389874538,0.15897831383221014,0.12464915458029474,0.18301282166321478,0.3202136929890487,0.09097117675722026,0.23144454627162234,0.21463392332901926,-0.028350131049883112
2021-10-14,0.09279787089960252,0.16962726633811584,0.16416378960730252,0.12688614602371,0.11450641895366168,0.22491318423655748,0.08011562023078507,0.45045058923090864,0.19186372666379065,0.05246216459743584
2021-10-15,0.09265819526523777,0.22749087260807682,0.16280861152416826,0.20378604179358445,0.0706908032836785,0.21568598157897,0.13237171321087166,0.19429648503884478,0.21121664130314843,0.05336660842227417
2021-10-18,0.21925740169166535,0.235611742601636,0.1738269013512525,0.23781577389413563,0.0980723382919722,0.2109533770826773,0.1435163382121569,0.20697913817404465,0.223634663633296,0.1756795747595826
2021-10-19,0.1345334009844657,0.1728017811400274,0.1137482675675017,0.16947907148497932,0.15808601417400905,0.23017562013807183,0.22541418090245863,0.39681871040416855,0.1950928904277292,0.15971477288796612
2021-10-20,0.11615812355827942,0.1494522290933516,0.1550375117116678,0.07926301852789563,0.08717630520032518,0.21947518714424488,-0.017731770985377208,0.2124988146535368,0.25490359361848614,0.1611590253215188
2021-10-21,0.08667383960361727,0.17180981939556772,0.1663149029607221,0.0509503966929901,0.10674486774512568,0.13000939441709777,0.08507048733601459,0.26089183896781565,0.21788684019010188,0.22496965124166793
2021-10-22,0.11557750682051224,0.17394003495354476,0.1189316413110007,0.07327262388056212,0.15184824516341713,0.10994237405584295,0.12922245289982798,0.21075194024932972,0.19456839346006788,0.22496965124166793
2021-10-25,0.148112835237756,0.20420002330236317,0.17455552604063707,0.020251803292122582,0.1312918379864687,0.05957214186725771,0.09381450466109358,0.5608055438234573,0.18289661320850079,0.20169945892291524
2021-10-26,0.2559552234918373,0.17551812664601987,0.16842828962412668,0.06198137948691982,0.10718129761828107,0.09837965834819198,0.1464058931750317,0.4503370292156382,0.1612760434373565,0.26347118752339604
2021-10-27,0.2530891095207039,0.1349427510973466,0.18913413525071684,0.09791758999613397,0.05837992238741685,0.16525671667657243,0.10904045548690541,0.15833168189198532,0.15545355030393898,0.18063600543026506
2021-10-28,0.24069475568670023,0.1581498896204533,0.1313514030242709,0.12263658855907786,0.12764579593739167,0.1147683666732705,0.1918229725703604,0.24210532885005542,0.11065000720752807,0.18289447150420482
2021-10-29,0.20526331465176337,0.14823670282302195,0.1251202768149686,0.17671784184566558,0.12229808171350813,0.11816550202460457,0.11721531504690694,0.14773210965265204,0.1843251744710947,0.05821553651761101
2021-11-01,0.24110706925798148,0.12751939910423685,0.22116775042107784,0.20963322428732986,0.0722852332733425,0.15181199254413144,0.14278817915457845,0.2393328087896246,0.2240234604445896,0.2863670233846196
2021-11-02,0.20253973711385745,0.14397868812192208,0.2096214357189549,0.2443008995248866,0.18073280179325696,0.15702663023377608,0.17822731764623387,0.17654779845234234,0.24888041575106143,0.11395853909114699
2021-11-03,0.2339611669013169,0.1577697920812814,0.15317626178492685,0.21166964730230534,0.19317192096829852,0.07975455331624293,0.09465411292463757,0.1900675123910923,0.2439861501832473,0.13973413427535217
2021-11-04,0.23596627793421124,0.19893065503831456,0.11518671514776951,0.21147612300259908,0.20350628064553236,0.1493559658720928,0.09465411292463757,0.1550262444541178,0.26813298901105376,0.12236496767934717
2021-11-05,0.23160723290852178,0.17643599224776527,0.20677640966644517,0.20460210628565245,0.19019756991261638,0.05499276929015058,0.12298436178731914,0.06753639488028117,0.2846897019472188,0.12441353852969177
2021-11-08,0.24569892944081934,0.23594566149851018,0.24487262737094306,0.23708272400607255,0.27752050517301596,0.14915346118713882,0.03753607636006832,0.06753639488028117,0.24935202352036806,0.14595276835242604
2021-11-09,0.08704510742146271,0.20346066322122902,0.21196216091966122,0.18209091952129552,0.24330032487894596,0.08189200470647894,0.04831963696368732,0.1295129729166387,0.21315857123580093,0.11866080692468078
2021-11-10,0.11991896864036415,0.20189147042681188,0.17526435528992956,0.1703647796808637,0.23325673771688923,0.17303980869320817,0.17359649752728248,0.13561111833492165,0.19917587145708845,0.07831222000934926
2021-11-11,0.11707652747937385,0.2080563919140114,0.0979394117309665,0.16280291616640832,0.11857078488820719,0.08774737246213879,0.27109766501818827,0.13561111833492165,0.17323566695382892,0.0657296759914084
2021-11-12,0.12354073611262154,0.1864243501648965,0.09948973018959964,0.12512314525758522,0.1796005486279531,0.10276699830809252,0.04485719161968016,0.24841401542082794,0.21120127647145562,0.06142678793729415
2021-11-15,0.08710170012664137,0.11021940804643893,0.09948973018959964,0.1876478992346622,0.19901373978559528,0.18548216553872837,0.1826596288088913,0.2643861147340015,0.21074043431430373,0.18772999744625604
2021-11-16,0.1580223914838665,0.10212130127072538,0.07786439484036317,0.1943292141323003,0.16636217848438078,0.23458880480359667,0.25259311365574844,0.16526204378218648,0.23926515065398027,0.23816636282745
2021-11-17,0.12158913141973812,0.1120653721785781,0.05377020206439501,0.15391070042238658,0.16404522651092646,0.1824529532023978,0.15369901318300566,0.10915086414539497,0.1706617910204639,0.2278626166655076
2021-11-18,0.13742280173691535,0.1789756854504611,0.03923251566197763,0.10718578023146574,0.2219801510072843,0.17446585769048742,0.04349597177175385,0.2465474680403196,0.2049654587699282,0.2770084111103384
2021-11-19,0.11873675766008981,0.1611933141098312,0.044555127075294486,0.16209337729716763,0.11230871528243841,0.1744536730732783,0.09376994567282483,0.3491013594059064,0.16516033321388754,0.18672615395893458
2021-11-22,0.11476395075746544,0.16108420940655416,0.048434319502974034,0.18375825153144507,0.23035732112442855,0.06227613090969277,0.20203340474031686,0.3491013594059064,0.19928674397074947,0.19417706366492415
2021-11-23,0.14597381173008073,0.1688649650011948,0.09629673744481874,0.2703642967866292,0.17182660694009522,0.15212018779649644,0.17640447610291815,0.34336457034283313,0.2334598305154063,0.17134211469082306
2021-11-24,0.11307049889628058,0.18571179136860758,0.09898448157835643,0.21702807285775283,0.22387021300798893,0.1318653638204609,0.10669002459800289,0.34336457034283313,0.2894938870102709,0.14870825639631238
2021-11-26,0.08583915644071641,0.15296619424573837,0.1153313545623219,0.18089649301627964,0.07869149056824006,0.09809587196676206,0.10906712653337697,0.22703988308168058,0.2430247030395936,0.26399302426166593
2021-11-29,0.08352266865777377,0.2027919582814154,0.0343626490783238,0.07106271700986629,0.015226086612586488,0.10971514989916822,0.1290234277654461,0.3250085090489836,0.13398773963817698,0.26399302426166593
2021-11-30,0.07145804109258574,0.14344847723811532,-0.004810683823023911,0.04454885800723539,0.11762901498232536,0.09217607158603561,0.06549210397859753,0.2488244467837225,0.21497822986509418,0.17838883759754162
2021-12-01,0.16838404619295014,0.18073385707119263,-0.017373789215349274,0.09187534978260138,0.17497710357751603,0.1119233999551859,0.1563050455375235,0.1680515577370324,0.16220011620635907,0.24471368490078454
2021-12-02,0.16694986498793488,0.11620980812494401,0.08143443811770798,0.051310649855067586,0.1572014647567928,0.032064590641908745,-0.0018968355897525286,0.25048032984399066,0.08607174413757272,0.16910322236200995
2021-12-03,0.058593801691696736,0.1906677763864153,0.08502232382450373,0.06577557152349194,0.039252252852869755,0.05403194931682805,-0.010689037057790262,0.28193859580012115,0.1353608597280788,0.12393948337668516
2021-12-06,0.07551924587317059,0.2445905270284156,0.10031801012478747,0.056292464750400416,0.0904224839841274,0.13627505625946026,-0.09048181452233124,0.11152372515759064,0.18014444464845253,0.20140463548739562
2021-12-07,0.09144322547017378,0.22327657847426172,0.061293592310808595,0.06578219872248918,0.16596001098110127,0.20046815546264574,0.06263832431901228,0.15933058408253462,0.16577143733526462,0.26516086507691683
2021-12-08,0.15014716531029654,0.14048883009395224,0.07297728671641326,0.12303876705252034,0.10836257651476063,0.13964172276650252,0.10312846441860636,0.17790079721504123,0.21680552835925634,0.32993134296407745
2021-12-09,0.2307251935401977,0.09989666757463503,0.12739317459792726,0.07497917803501357,0.14985453104024418,0.12101356937763715,0.09149420921880731,0.1386491610378369,0.16234325313937625,0.07044237755901216
2021-12-10,0.18397095215367218,0.14329399759828773,0.06868676671842364,0.14112500757889795,0.08814602732260372,0.1126653348764119,0.12018708146556338,0.21375414626304218,0.19674227694346277,0.07044237755901216
2021-12-13,0.1880886591321662,0.17525123198377643,0.1957822853990453,0.07042553376685659,0.11718005259777964,0.16563422243743026,0.16623487307493615,0.17027575881422857,0.18383995370629677,0.2254108547046674
2021-12-14,0.1489041060881108,0.12659043177461335,0.11440457471648936,0.16455752938143692,0.17275947950963086,0.0970368775241049,0.2258174672622563,0.11537474009659476,0.17265428479680675,0.28438716124823227
2021-12-15,0.18913082287366514,0.14534606562752,0.17445857432020964,0.14071384834082515,0.18137798633975394,0.09916345624587995,0.1875923030668338,0.25851019784336854,0.1273692454200934,0.2563852974602061
2021-12-16,0.14127266874744568,0.21660071041834666,0.18389871993087434,0.13010589889388346,0.19061284194477165,0.019718324713370615,0.25334356048553447,0.25769322319855564,0.15647824826948026,0.21381605978740717
2021-12-17,0.24621281684562946,0.2301031736517527,0.15846915250207844,0.06597851592925565,0.1317765663745635,0.028050242552332672,0.1961179393092137,0.20053004120826046,0.12271035995743126,0.18917556279412312
2021-12-20,0.13564303873776226,0.21435354794001765,0.16897926668612964,0.1043751494105675,0.17440528790922294,0.059817660960172075,0.0900440520433502,0.20584758078832124,0.07750166854304943,0.15661807174265022
2021-12-21,0.20261825804320685,0.19476614608771417,0.14460677642702477,-0.0004086923548706929,0.17138398666786442,0.027663809255033034,0.11748212465054825,0.2099843973753354,0.06284077902869961,0.21069753511970735
2021-12-22,0.13216749849220116,0.12910098509030377,0.09806876196667291,0.1788233532295343,0.18642456254048104,0.12744104376007648,0.11748212465054825,0.27502768960684937,0.061301260093207154,0.34057053712418467
2021-12-23,0.18065940552810644,0.0974103789490914,0.115162390132107,0.19376171607185386,0.17842521907526143,0.1457038593777641,0.11748212465054825,0.11785724618166338,0.21952306228436033,0.2229095210453943
2021-12-27,0.17630459690059938,0.14743878419099493,0.07228235025539101,0.1560491112005285,0.1817160878487477,0.07411426489797741,0.1459389719365276,0.42364885050532775,0.19421648596735133,0.49705119512018525
2021-12-28,0.24922269833351404,0.13174363390510777,0.13699255622773185,0.1827916296892412,0.24884511506830792,0.2013356733606817,0.2729804086485383,0.20540676786442613,0.1833449224601358,0.2976507967467902
2021-12-29,0.17107655458653573,0.22308923799208744,0.0788814489280317,0.20257596044836823,0.21109568337892595,0.2099901714368848,0.13455977011046702,0.18963648614565382,0.22564293556462225,0.16769806928416722
2021-12-30,0.1665799977770367,0.22408067255028052,0.12662692697184813,0.12156700548093162,0.374811034489821,0.21284094138255383,0.4227357371771281,0.19993699189468236,0.18279971047266408,0.2158474965354734
2021-12-31,0.18788501751682712,0.13850966868099593,0.08063202814645082,0.19238341085622232,0.2641820220409411,0.21916404133813927,0.11795201676277076,0.23818401912424594,0.18182740383743756,0.3444783018854285
2022-01-03,0.1267405638278719,0.12599200134288618,0.21423559327571418,0.19121509409229512,0.20003054456702168,0.25136692572207747,0.11795201676277076,0.29601695096595393,0.20825717398686314,0.17693633711920884
2022-01-04,0.1777615050542298,0.09805961200636856,0.1433618347356493,0.1280021267919325,0.24629930447705303,0.3189082535515965,0.18570015302781012,0.22154867721548963,0.2934273691916791,0.18118341273243746
2022-01-05,0.20814100336948654,0.12802320936439218,0.11380568347151784,0.15407992415511,0.19971309667918472,0.29439165172163567,0.15860425366929928,0.356402661225618,0.19611001922079993,0.2092417433143691
2022-01-06,0.17576784911154253,0.0971350994647006,0.13321493354976274,0.13510038968530336,0.1334712311194565,0.27396808944765777,0.3121793803403076,0.18392340034240082,0.17034933604618985,0.25194627229914435
2022-01-07,0.2374231397695771,0.11676162186535595,0.11757583196585338,0.16580028996510354,0.2407390489050643,0.13389362509842573,0.1882750279067196,0.22044126570859468,0.18572844625301546,0.21493412266489786
2022-01-10,0.22797409317971812,0.07280585902134842,0.17898055464390225,0.15260642319346818,0.1671692096961347,0.19255352415026275,0.13309139766636538,0.226663816984716,0.13298793884276797,0.17559801696697766
2022-01-11,0.21653558592933586,0.08409757268089894,0.2309975546063717,0.16939825029974737,0.24193774621970485,0.20221455700378588,0.14138455667439892,0.289709211323144,0.1532268764001234,0.26005704595219786
2022-01-12,0.2310237239528906,0.10936615956504374,0.1658388782867438,0.18781216686649824,0.181917373861698,0.2105626049726576,0.08872759844424359,0.15551390053446965,0.15883895463711925,0.2354209914910798
2022-01-13,0.22212826041303818,0.11463555082114027,0.19963432675850523,0.1915074041736251,0.1794316893741303,0.24785352503616953,0.09425637111626595,0.16459602611651034,0.1697806364247462,0.14058084119850706
2022-01-14,0.2564285495844818,0.18086758943631576,0.1718573222388532,0.16171931706813103,0.20307945958275356,0.1705944110655089,0.18032498770518657,0.11923567848858352,0.20677820206094188,0.20984105170174186
2022-01-18,0.18627467149727478,0.12162172629087717,0.21456636744822455,0.1596842516717943,0.21283408416628014,0.19776935513813493,0.24907480674586918,0.05604718042574408,0.22859642042158032,0.21207342579300748
2022-01-19,0.07878686783291705,0.10497465901909293,0.1984292787444708,0.13528446565353663,0.21561216722196455,0.16879827346614595,0.12392322739391463,0.12758327110485715,0.2173824390112123,0.2783952565808572
2022-01-20,0.10309524522194471,0.13491410601272863,0.2056484080518694,0.1577609558425718,0.18407944481464303,0.2101946309925797,0.07010948360709411,0.1386705379522347,0.21355307744267166,0.2553646154983492
2022-01-21,0.2469598629099142,0.14361993310901483,0.19540741795644043,0.12892524040298436,0.15469362987642868,0.1637094465884385,0.07297892405339233,0.25656309644607245,0.2336206704354608,0.27990045949422443
2022-01-24,0.16536509101179747,0.16661701422953928,0.14828869530429362,0.194170318998815,0.07903175325095245,0.12818163172531577,0.10143317159115045,0.29139708023150074,0.16185050165080742,0.2825973989115508
2022-01-25,0.21448175922209356,0.15695734281969287,0.11281614183171722,0.2239938482438778,0.07165135401915348,0.16357633878935102,0.15303064998345273,0.2514367317912036,0.1669046300702421,0.2502356455997871
2022-01-26,0.12888248785431897,0.1407631174353508,0.10885367005836785,0.2377642340865569,0.04071847329375987,0.1228184340043637,0.12954080466435752,0.3282728160252575,0.149543308935717,0.27067911094861186
2022-01-27,0.20911773814508056,0.1289624704470966,0.16425143068706155,0.1991972671688157,0.07580189886250657,0.12635803812851298,0.11986232744421589,0.23237824490354717,0.1384846438701089,0.2552658447418377
2022-01-28,0.1987398875949618,0.11370664696473107,0.14916586832128892,0.22612872573159143,0.12784269232665352,0.175432377774636,0.15560541992296328,0.2931835972177367,0.1348082814172102,0.3229920380042081
2022-01-31,0.09789551413488928,0.10313372501269424,0.1738715288575941,0.19415788064645778,0.15697068377332454,0.1557236413457724,0.15693631018298118,0.20482374455347896,0.18465324359608928,0.2975473281519569
2022-02-01,0.11526129513754524,0.15639918400484829,0.1587636804447601,0.20609080931986073,0.17667632886475607,0.20333006645273716,0.10132878875629946,0.2474193995975634,0.17310952350850398,0.2739941465203888
2022-02-02,0.08959673644090319,0.07350578933656553,0.15937025382213038,0.15578282526085957,0.15962404830299978,0.1775186613971631,0.15398956287457,0.1423471634046043,0.20613142307974336,0.31324054212470365
2022-02-03,0.11778814175425292,0.08436274844659926,0.16730781106471157,0.21186321684057305,0.12383482585279348,0.15996035759810873,0.11942617802063443,0.2588298136985123,0.21957981726853787,0.32027405728653374
2022-02-04,0.13183304688378766,0.10548072118662173,0.15031483700610404,0.20623992233815977,0.12623710612408454,0.2384398934387536,0.08230099325562706,0.15467532545472562,0.2357320898192369,0.30890434709483566
2022-02-07,0.10691403125585844,0.12908048079108117,0.1489860024485138,0.15394645456997744,0.06937918186050082,0.264612498809416,0.09004599811672397,0.22441496852379547,0.1934332035188343,0.33118970361877936
2022-02-08,0.16144179861501676,0.13363124476981167,0.13915058893392981,0.1190356919355405,0.1446636448579437,0.31076561463692554,0.12323376496075324,0.2551197251653405,0.17903436433796086,0.2680807434816759
2022-02-09,0.1571506435211223,0.15627091738862867,0.16707389294989033,0.18061242344301606,0.17995254895291482,0.27359388885467195,0.14010856832231072,0.21303895963157818,0.21112568733641832,0.29333356872497324
2022-02-10,0.19241242901408154,0.14777454810035562,0.20101868783598245,0.19435280752690692,0.20452026849923724,0.2657542634658329,0.14024010536787612,0.19658107858584248,0.2334358941217148,0.32247015153366343
2022-02-11,0.31085219020295335,0.15909096167352904,0.13784293474779782,0.1336407605734935,0.16192906788838035,0.19481012113759757,0.09832050079424358,0.19604494523050653,0.18082976274780985,0.23465708493605658
2022-02-14,0.18422825751082234,0.12351349825854314,0.1546150203322839,0.1077379974685706,0.2291693785922536,0.20080563631395396,0.13430916186216502,0.15324746066510603,0.14643206405409545,0.20561538995737103
2022-02-15,0.2327197272294371,0.14347008349511342,0.16702705825218092,0.08681207767745977,0.16541085556943888,0.10425301173706893,0.14973944124144337,0.2893183675018413,0.1292082456941833,0.24109025997158068
2022-02-16,0.17414323716792104,0.16544755566340896,0.14017872137446982,0.11750894067386204,0.11657445252665102,0.15666591222197881,0.1562672970071307,0.2373816258783009,0.14118687839307206,0.2598268399810538
2022-02-17,0.2565820980654851,0.16492970377560598,0.1440044809163132,0.04539741032246733,0.15213060723998956,0.1651619726514218,0.11773008949083412,0.3084991228532217,0.15228433722936832,0.19151000177633207
2022-02-18,0.22127548767603447,0.12975073488422043,0.1938894158872456,0.05466550868777821,0.17831264233268293,0.13431955545178553,0.1333621897736707,0.23705024671583916,0.1577571285232826,0.20747578173590284
2022-02-22,0.10125120047311022,0.10597048992281362,0.15331377725816372,0.07372478356962991,0.19546340537536183,0.10150025919007924,0.039462796644725656,0.17640263510302176,0.1853529745710773,0.1432685811123827
2022-02-23,0.11143646028352784,0.12660122344060593,0.1230448098387758,0.060370174569177024,0.17091179405976503,0.0862573815194827,0.15359125101052032,0.1943588013123242,0.188684713206115,0.13913801063841097
2022-02-24,0.018711803461741023,0.06700526007151505,0.1248468531484261,0.05069018582389579,0.1723146144830524,0.04788945691160699,0.10829353211813175,0.18067962377333532,0.22162758658185444,0.117477533523267
2022-02-25,0.05856362783031948,0.06459045115878782,0.06180675395080258,0.03521657706858465,0.213666978067493,0.05165824905218244,0.10366208619110413,0.21032005279575286,0.19140033549901408,0.1282018136511022
2022-02-28,0.1808924938900584,0.06135474521696965,0.11191725609657935,0.034126709572525116,0.14051890323086413,0.06779492724229139,0.12316249031815017,0.24326714722625453,0.15265639330863565,0.188548767723112
2022-03-01,0.17660309540317592,0.12020573002254631,0.11287096083717377,0.028867136738826266,0.14478532358555243,0.11975551809726628,0.05298428603472762,0.33575481504243965,0.1558070613522491,0.18170663362425374
2022-03-02,0.08914794219260752,0.10824643906264994,0.11583388408359618,-0.02375714693602058,0.10513109299235449,0.15584129396627958,0.17828022217552866,0.22446547799461175,0.16721081867927717,0.20317127399769858
2022-03-03,0.3365679559298252,0.13031413397827454,0.14578532748430223,0.02740118775693866,0.1270018805750724,0.13917999894429872,0.36413145647672907,0.18442340888902067,0.19014522437429945,0.1470432330523911
2022-03-04,0.13423463157568033,0.11555904169980209,0.14426469939734923,0.12539245850462577,0.08036431393725303,0.14661652707397693,0.04189207344733443,0.22485328164156523,0.18351613241768475,0.030451816275413997
2022-03-07,0.17459293775603443,0.09574875795859823,0.155502053866214,0.13503455566975053,0.11028641012494955,0.19882361689526407,0.09504646955659903,0.3206177068218158,0.15171497716734536,0.1206148976623111
2022-03-08,0.08825932279230189,0.10184159260731944,0.11973723236455622,0.08941367813880803,0.14591760674996637,0.18612950346745316,0.1424789093952294,0.2505747940479796,0.13848562763537312,0.20018316975546357
2022-03-09,0.12205783783875795,0.13234923634138757,0.13667096972451895,0.10086397987031645,0.07380229338886646,0.09827787700552186,0.20391798950933573,0.2187794483567992,0.1630142103194597,0.1449181125373031
2022-03-10,0.10733647289203448,0.11659444327521076,0.13899253537190154,0.13038513965187176,0.1320588622592443,0.1449749338766971,0.11502895978796902,0.15430846034024967,0.12168714415657463,0.228346446950616
2022-03-11,0.0846967820203333,0.10742118440569608,0.12693745215269628,0.08013771214886692,0.07015493440037346,0.08872830512414728,0.11847476834664665,0.11573309619728428,0.18053021576250275,0.10274316766468798
2022-03-14,0.10755306137825872,0.10271312293713071,0.13196024587957528,0.13365759869846205,0.13165131018164375,0.11975887008276484,0.1880264542445065,0.21299179982816993,0.15469081050833516,0.209751802066081
2022-03-15,0.16413655127239027,0.09770243910094428,0.15866610836416128,0.14745501987489282,0.13940882652056266,0.17384424672184323,0.07086854485225923,0.18891683806821452,0.19754128107963087,0.13996260913273134
2022-03-16,0.13537930434587114,0.12214857051174062,0.16992715160785354,0.10391356880548411,0.06836363082672357,0.16661279772589566,0.06261236323483949,0.2135489538845519,0.18260217920941238,0.1330633047801492
2022-03-17,0.05841911142912959,0.11963849145227153,0.17135310107190238,0.11027503603957216,0.043366785630514125,0.19888323023861254,0.22134701470529594,0.25504363960045806,0.1992979348496577,0.15213677937484507
2022-03-18,0.04072634161611193,0.10934121652373656,0.17495362813528564,0.1416582592348618,0.017728484780966492,0.1652326719044691,0.12054089184007577,0.1652476081930132,0.1597033029358323,0.15408201481972714
2022-03-21,0.16194620501523282,0.11516122371423707,0.1498073961748217,0.1413791854061277,0.053334865042352214,0.09370100518842917,0.12028346884845724,0.15864362296111162,0.17875153529055485,0.19030938088603352
2022-03-22,0.15429202551667198,0.18482014914282474,0.12693878359706728,0.11775679027075181,0.1757622982334568,0.07802187569974009,0.09225679054046776,0.13170685975185217,0.17829902352703658,0.15871882003098045
2022-03-23,0.044814923209851754,0.18065232529370212,0.14361365082517324,0.020641448384299644,0.0647820877111934,-0.05267532320102361,0.16748368717481887,0.14988471748613205,0.17012503155770695,0.24571036597443502
2022-03-24,0.047063869541985055,0.17262198503518345,0.11342354499455995,0.18444578603023012,0.04248549711904964,-0.07408248521706148,0.021855950272171392,0.34955508309985445,0.15278101093746116,0.2405180475708335
2022-03-25,0.09225091302799003,0.1437112489493126,0.12867682486816817,0.16212731693970361,0.12298381160936771,-0.06446451395423147,0.06791050671578583,0.22716644491254634,0.1686526832823168,0.21175364362511567
2022-03-28,-0.08225741868257856,0.1362955548550973,0.19345643880100102,0.1877432364293424,0.11401412391818565,0.09012448297525393,0.1993580438807988,0.2612641532488737,0.15274651107710008,0.25199034989011376
2022-03-29,0.15582411685879657,0.14273700350128177,0.23777595920066733,0.13400176079416481,0.06895177022669934,0.10817906382146633,0.059516994652303014,0.1911329390000056,0.1864767534164794,0.31284614158674334
2022-03-30,0.1039487785892981,0.14091533566752118,0.21215960916408125,0.052987840529443206,0.06372509022150845,0.08483852083396304,0.12758884466927148,0.2366686978777698,0.19022711080024823,0.19069504537866522
2022-03-31,0.19786095683456506,0.14931436707694362,0.23738292248427306,0.01258444514712106,0.09787223823539598,0.15810438943595884,0.07233261972256613,0.3215802736442688,0.18171597114361848,0.31901891914133235
2022-04-01,0.2264750908690571,0.14439004335147995,0.17688318233580358,0.015536189491137893,0.21012180237662847,0.2191482137434234,0.2025959116980888,0.18025069485842932,0.18134247282590438,0.3138313104727426
2022-04-04,0.21911881487887355,0.10674117372731885,0.2442800104460913,0.08082958045306561,0.21609091108852668,0.12707918538688004,0.23286906678036892,0.2766657536314379,0.16633396712092147,0.34933477858635237
2022-04-05,0.22776410685965304,0.1512231832272964,0.22627111807517197,0.060258053635377076,0.19011451747196978,0.15026269305911424,0.1893156233440991,0.20735617096704656,0.1774965983813662,0.2745332753182797
2022-04-06,0.10704809637852634,0.14797243961184842,0.17704841205011462,0.10210167022083497,0.18553390053686875,0.137782271563219,0.206287280178791,0.26181039315911514,0.1728287149830624,0.2898033245213125
2022-04-07,0.14049266422644224,0.14072073751901004,0.16826387765224993,0.12797089762117167,0.1467070943887949,0.14034280745773853,0.2286638095311206,0.1622198591747392,0.16187073365558624,0.3357419831855184
2022-04-08,0.10688157542426881,0.13305589908674742,0.2684561347488043,0.11475854078157752,0.12140400561421659,0.1474397991591453,0.20093274712328896,0.1904062199880346,0.23250410480728698,0.2709226387814409
2022-04-11,0.14630870167946766,0.13443548828005386,0.24677999039972537,0.13792875267791443,0.2370291133163624,0.1665950170180337,0.14235346817749664,0.18911993741099523,0.262641473853527,0.2709226387814409
2022-04-12,0.08501263464694965,0.16194392075813113,0.29382346582203916,0.1032235494043239,0.19673763109979717,0.17968362747820393,0.25466318900656204,0.15449525603305578,0.2683991344726699,0.2932058113981137
2022-04-13,0.22622996802643133,0.16046642737930808,0.2939011857128274,0.07353548200675866,0.16222508739986477,0.15238451371330908,0.24487741974746474,0.23137586867878696,0.2315845023468593,0.3111770071678206
2022-04-14,0.16727391216263768,0.11384870931527342,0.2711831761678199,0.12366737914855504,0.13755505826657652,0.10558542066044858,0.27724896517906206,0.2113207458603601,0.21116133489790617,0.2147087150278145
2022-04-18,0.09800594144175848,0.14936493319430927,0.2800900135007278,0.15242121467046527,0.13337244841715726,0.16002580526493124,0.24840490037482735,0.30197595978366804,0.17467177882082635,0.2828145825329523
2022-04-19,0.09977427697449015,0.16846328879620615,0.29095324610193257,0.19376440285390326,0.17243637759250022,0.14430557318893159,0.25070160024988486,0.22950273409962751,0.1580897414361065,0.3586623728459064
2022-04-20,0.05481062909410454,0.1643183830069946,0.2227170001956828,0.20609607809307837,0.13245245962099156,0.15755031930446367,0.196266868314601,0.14469040756115084,0.18244056836481173,0.3342461935328857
2022-04-21,0.09382026229779768,0.14342058867132973,0.2483130001304552,0.1487057187287189,0.21527090335993915,0.1855161987433558,0.18718018909095133,0.07517830588056325,0.16588282408660984,0.2224910680775241
2022-04-22,0.17653895901580968,0.1482839480031087,0.23451976183289824,0.0730038124858126,0.18549050996245503,0.2111652436066816,0.14984001227932087,0.07516127719798793,0.2043050702645563,0.23199381990326712
2022-04-25,0.13923073458196836,0.16757501295445346,0.23882545248708614,0.12414931943498617,0.2708051237155285,0.1116568290711211,0.14181964478656853,0.022850422568599357,0.1451000468430375,0.20666743549106698
2022-04-26,0.12810195184763484,0.15547831974741338,0.21399748010923592,0.1442681574011019,0.267719862539718,0.1569659812855093,0.17045302883572158,0.09582968401173424,0.15976461853027896,0.26779044520696166
2022-04-27,0.21622000175940354,0.1736366576093867,0.2128872405850065,0.14575343826740128,0.1866721702645739,0.08852933528702064,0.13225682731429275,0.07288677325618925,0.1573273012424082,0.31050196347130776
2022-04-28,0.21037940593484045,0.13080369766551708,0.22711212734539363,0.07120833795369835,0.15507144684304927,0.05025970837316527,0.23211271379285103,0.05922468163484257,0.16560879342086474,0.21874699845527154
2022-04-29,0.16569630978969543,0.15327468733256694,0.2423312991826434,0.11856873539061463,0.1611248058318741,0.0989727420900467,0.14022544189525601,0.18933233815074713,0.14023776354660028,0.23564091498878512
2022-05-02,0.18723188939198,0.1497798738061269,0.15657037229460175,0.20600567073023276,0.14733664833236051,0.14235427250447558,0.023177849068222994,0.12846624864901116,0.11318951674895783,0.26533241993386936
2022-05-03,0.19514870268860235,0.15137737618821157,0.17698740398748739,0.17103248649753922,0.21302376555490699,0.11246173722520594,0.1175590651311013,0.17225408064446476,0.10699754219050292,0.25252015584475557
2022-05-04,0.1134178000255191,0.1567845841254744,0.1851418464493105,0.0868082486039083,0.17494464431697762,0.19619410456746322,-0.02678021522893792,0.194294557127837,0.08208518685716068,0.2918702059479096
2022-05-05,0.1298121846343742,0.14101489183244187,0.18575014251295735,0.044749137320092856,0.2102107662730997,0.14981606359881378,0.08959176533816285,0.11796616925311518,0.11882978445325065,0.2764897341673341
2022-05-06,0.07007818987671005,0.07693329296765965,0.2520294839680427,0.10610967160525361,0.22005035345484775,0.1220171535103203,0.19015263877295574,0.08544666310805245,0.15865837435826594,0.24945473014767922
2022-05-09,0.12236025302878639,0.07615905245463024,0.22916267978821897,0.020479225514613522,0.15315617389915545,0.1840042257121651,0.11260185715552158,0.10375140165127067,0.1501043924293201,0.19439306728640293
2022-05-10,0.03405683535252425,0.08663058475330328,0.22644336052812974,0.0167493473013966,0.20078481675984142,0.13224009053111385,0.14024051479360308,0.10858496346339315,0.1448237829870681,0.19726829485760194
2022-05-11,0.015285530908516236,0.08007909353923923,0.20041141275116708,0.12749539820093106,0.1622457248065893,0.0978982597855784,0.1351599299888498,0.14562219786448433,0.1733885903674471,0.12726595971764665
2022-05-12,0.1055119785843527,0.05309389569282615,0.22089360997017404,0.11684032932023276,0.12700826098217063,0.11610782599855658,0.09414337629351527,0.12778456245974154,0.17381465548306002,0.15497492850065
2022-05-13,0.04963931218013026,0.052426747455348144,0.18626104531296442,0.11768661216337678,0.08344328509922487,0.09187799641263802,0.2090738675426898,0.2194863374993609,0.1253422306395003,0.1562953836713136
2022-05-16,0.12814538363336214,0.05081259354166069,0.16236169041002443,0.14985840074769913,0.05366570684253264,0.13230066779838953,0.16679210548807483,0.2927518309300584,0.1426744163859295,0.18285287870117722
2022-05-17,0.09289672842916602,0.038370923472218224,0.1411939375929946,0.10526321954608515,0.09084105713036345,0.1873456846538748,0.3085386511438759,0.27229288728670564,0.10424738870173078,0.2607397602508916
2022-05-18,0.061713336170889824,0.04196112232957492,0.15806919510262132,0.06674003525294565,0.1292364879402288,0.18684912310258323,0.1405401643597593,0.35268781783188824,0.14017908941531748,0.23073631191753985
2022-05-19,0.036975557447259874,0.06299788182515446,0.13707334552880318,0.089752245724186,0.13434264130284798,0.1214452487350555,0.19080924192730894,0.29013060527724926,0.18082022627687833,0.2618479262593396
2022-05-20,0.07381289893309076,0.05849001645486489,0.17616426172245117,0.09250349714945734,0.18800302241787945,0.23406296678392238,0.19948130578900983,0.2716675605686132,0.173595266511559,0.22018326035590435
2022-05-23,0.06850334740044399,0.09137582877529295,0.2405765911483008,0.14849363360484064,0.08349151044601966,0.225612656868294,0.2081239552465012,0.18562624954222623,0.23537515048857385,0.13359153517249858
2022-05-24,0.05967898083086156,0.09396938585019529,0.18328970133303335,0.05670480691612516,0.14397045140845754,0.1761793463808667,0.2351437479421119,0.20409905525037303,0.2348250744276374,0.23951310752845845
2022-05-25,0.0852065033787329,0.14183000723346353,0.19716920829609633,0.16365987127741674,0.1298959263954211,0.27956006558008273,0.1360967124596096,0.25432346067117656,0.28778671628509156,0.26811918147463576
2022-05-26,0.1209167165382029,0.11825686196516616,0.24055310372648064,0.13711912234395848,0.07955145093028074,0.32419649375083265,0.1552311172920775,0.29019776388957275,0.22685023509915198,0.1584763602945692
2022-05-27,0.15021225546991307,0.13236949131011075,0.19962806517192336,0.15901886749393063,0.13643941301719723,0.18938891984226636,0.19829702283730508,0.27162611278207255,0.26765278831171535,0.17796767558028712
2022-05-31,0.17957998780125717,0.16258332754007382,0.22074759900350446,0.17180924499595374,0.08993404432880202,0.2411709438357048,0.07501106295099545,0.20331207876035925,0.18637185887447685,0.35334499129597957
2022-06-01,0.23901119455510153,0.16884132947116035,0.23317357638084668,0.15428616333063583,0.21758419685711763,0.3411913586199524,0.14096102757775267,0.31043122874130535,0.2553527207311327,0.21688672826826982
2022-06-02,0.28652881437280225,0.1382197752029958,0.22939492393643746,0.16795988985985127,0.18034221414613422,0.27069560025848255,0.13481008117193263,0.17651407207387895,0.2344770791843101,0.2933806796809404
2022-06-03,0.09529475940554617,0.18374507235755275,0.23626194929095828,0.11249200990656752,0.10411054079910928,0.17237634674715258,0.12036074926727812,0.25105436290758504,0.24899665619700265,0.3647923222648869
2022-06-06,0.027116237360539523,0.10316931364682144,0.23769029952730553,0.06243416294159826,0.08430820628717077,0.22061204648386343,0.06449843569036855,0.2682233360188393,0.22206408825831922,0.30460699401566377
2022-06-07,0.08466173186310913,0.19462728897144024,0.2669970140852593,0.14782449216495266,0.12450853726885906,0.26943906103877757,0.09439213132700486,0.2572958852759639,0.17002883661665727,0.2649009589734055
2022-06-08,0.04123968511828171,0.20151862087349864,0.21132908811439338,0.17183188366552402,0.22516222812325798,0.24726277102152325,0.06292808755133658,0.14653136753148838,0.1533540021888826,0.2620879305507782
2022-06-09,0.26410083857029637,0.2156284610813135,0.21786018572705595,0.15695064786444332,0.25600759333044587,0.17416259236822573,0.22783237347083468,0.14426592221945442,0.13424726704010664,0.27861524102521723
2022-06-10,0.15521258440113148,0.13511891953207741,0.22264066290356888,0.1397270452323893,0.15894536456878594,0.2745687865897016,0.0747177208852613,0.31605279096687383,0.09711131358189332,0.18452257434554603
2022-06-13,0.10160705626742099,0.14188365342542536,0.20053772482153,0.08749556554788374,0.1325713541569684,0.11651501776243602,-0.0319082554779243,0.20123948944836978,0.11439393127681777,0.2050730063244221
2022-06-14,0.10728470417828065,0.15454857703109165,0.2063866877214515,0.11685769332900749,0.23123855723605957,0.14401508718419215,0.10102137117936039,0.276505645719172,0.1501074727030637,0.18166780343274033
2022-06-15,0.18559872712273467,0.13317092303550532,0.21315084736985654,0.05427382729870339,0.11832193087217062,0.16864383590057253,0.09620395296887684,0.22923238055147066,0.14662021989728055,0.1833084807524992
2022-06-16,0.16208403110834674,0.07922775759221205,0.18105084759404494,0.053622551532468934,0.11870995391478041,0.16371770878219988,0.06934361718375139,0.1829219091860358,0.18848347993152037,0.1283267604733215
2022-06-17,0.1210960207388978,0.09233628283925248,0.16918834284047443,0.055371145466090385,0.1744220109381641,0.1338898058547999,0.18402838865400403,0.16218244857867864,0.18003515689518385,0.14279148737666275
2022-06-21,0.10554964648053833,0.12798218855950166,0.17951567300476073,0.0721660969773936,0.20657759714622992,0.15837990442355127,0.108106503453909,0.21381092063188564,0.18499378098279914,0.12008099158444185
2022-06-22,0.11657546869265498,0.1149535820555408,0.1420153989679243,0.0495210276145587,0.24878751004982977,0.22071611190737855,0.026944930307223173,0.2599906228766307,0.1536447672748804,0.14623621361941158
2022-06-23,0.10874619812513642,0.13730775167339085,0.12877345347329933,0.07688829181940417,0.18318713459945743,0.12758425979010424,0.08178047351667563,0.38795653417118525,0.21889762262769805,0.24157408499907893
2022-06-24,0.10546634246232839,0.1596922154013082,0.15104869120442177,0.06308947115693608,0.14494842306630495,0.14370817319340284,0.049918329400938787,0.3118093262225563,0.20937063730735428,0.2263293299429017
2022-06-27,0.16995619423298922,0.13916171502944358,0.07137662746961451,0.14696642521573516,0.27144072948359255,0.13947909436887443,0.04232825700343637,0.16336386839681064,0.17223925820490282,0.2234756976655734
2022-06-28,0.1313626012129165,0.15650414335296237,0.09312919609085413,0.12677372792160121,0.23490243439645792,0.16834764579484288,0.19535208963229056,0.1554735145655563,0.19972517213660193,0.1977242714841618
2022-06-29,0.17827090080861102,0.1677117797791679,0.16086741924264222,0.11397033907302745,0.130068107420983,0.11246557338703811,0.2900752031902924,0.1641823430437042,0.17135523380535364,0.2258736394072883
2022-06-30,0.17037464352763268,0.1300408777171365,0.21748230134189406,0.11013647604868497,0.23966316750429764,0.14534871559135873,0.20867890825263244,0.19364011128111178,0.18919422994430984,0.29079432648017683
2022-07-01,0.18549263577097014,0.16279302714719965,0.12430560719586445,0.17453221553432513,0.21665233142621224,0.21360173700978882,0.20019420628521523,0.14326088014948007,0.17356926440731762,0.21657064198275497
2022-07-05,0.25078932871589055,0.16926339730113799,0.16138360992544812,0.14470258813399456,0.18224444547964536,0.1517975382314164,0.2007713765712314,0.14371830388979784,0.18319125563662447,0.16325929252468932
2022-07-06,0.1965910640464031,0.14955793469898554,0.14355125277081154,0.1580277416795483,0.18493153473008028,0.16166887843205166,0.20694315004619812,0.17771939610832968,0.15168075035853779,0.25923776815251953
2022-07-07,0.06256117447687576,0.14995395646599033,0.18814712089482674,0.12187877208589462,0.17242935648672023,0.18964691640790954,0.26026210003079875,0.14525181962777534,0.1809537666251025,0.2717904059360543
2022-07-08,-0.0795439582871619,0.08943263764399356,0.2248203028187734,0.15455207027948528,0.11594719345537337,0.1409529442719397,0.17262473335386583,0.1463567686407391,0.15896740526329586,0.2368596740731872
2022-07-11,0.17774982028712338,0.04673943106047285,0.2011614724071088,0.10351760240854575,0.2273827003554282,0.1479793656143665,0.26364259622579217,0.20923009383729088,0.12756849239775278,0.2092624147423196
2022-07-12,0.1725951498406321,0.06264628737364855,0.16312390895516654,0.11572658231387786,0.19642926055441243,0.17717791040957764,0.13309124690061885,0.22477872132524865,0.19434021715405744,0.1948249431615464
2022-07-13,0.16852787767153252,0.09542510797243778,0.19690174365021892,0.05053467328568821,0.14157038005214798,0.09806206113071345,-0.031337724309011494,0.1336609730715797,0.1863742717534986,0.1948249431615464
2022-07-14,0.09914950550461582,0.12959554817210137,0.19751727354459042,0.03260936177995484,0.15725676130460658,0.16681221368079183,0.13766587291143398,0.2301866944703084,0.13839760974042764,0.223206048894947
2022-07-15,0.07935445676824117,0.16843838132108346,0.19990366576854365,-0.05739588052618478,0.08760829695249005,0.174765920231639,0.08932955473065948,0.17186634558015726,0.14975828744599937,0.11223209777530567
2022-07-18,-0.01966413285841272,0.15756825421405565,0.24465722162347361,0.017292007739650908,0.11716496168240705,0.1442048827770572,-0.06737969646418884,0.08506909816012745,0.18007147734495196,0.23622287235732534
2022-07-19,0.07059367854395164,0.19035501074587838,0.2751608461616808,0.06481542672839471,0.1260375935025571,0.1548414466152153,0.022361798777399692,0.14044919044008497,0.20304608013472986,0.22059638949355556
2022-07-20,0.09841362256623656,0.2144715309734427,0.30134100855223167,0.0913765067078187,0.1351420464620222,0.14405884912736833,0.03976048917399989,0.05284530059166579,0.14955605342315323,0.2281434613501399
2022-07-21,0.019990638650449886,0.15102617937912055,0.28636678347926553,0.07258544891632358,0.16806075824740876,0.15409816132300744,0.05325838167155547,0.15042084297592823,0.14925427371067362,0.18585088427128185
2022-07-22,0.08439547937276605,0.15860570688766767,0.24107118898617705,0.10143267892009622,0.1275491983219065,0.110568104536656,0.07431669889214809,0.21045081028078164,0.14746829582606447,0.18181989282369732
2022-07-25,0.08535445051131106,0.16869301094098482,0.2622086714453301,0.09543991823219007,0.1860531658338912,0.10467480363672987,0.05757084984819655,0.29110407721239956,0.18313941469794298,0.21687546274367198
2022-07-26,0.11550261426030924,0.14121179361877617,0.32793795989573243,0.10723838993257115,0.15414611055592745,0.038450456566904656,0.09807840058584008,0.22315891781864927,0.15324723101074986,0.2734000028672486
2022-07-27,0.06782548458617335,0.10272497738836288,0.24905697326382156,0.0909189493997964,0.18984518481506274,0.1263789712192684,0.07282241560363775,0.23656908749195765,0.11580838589218496,0.2128813079223316
2022-07-28,0.11675704859908673,0.09303392501791351,0.21523506154096045,0.15722124785286593,0.15764195654337515,0.17580047191536338,0.0922778128421661,0.2420437441034664,0.12191688086913362,0.24290753861488773
2022-07-29,0.08269589487880986,0.11690476831949115,0.22413601072427664,0.09648616523524396,0.18115263769558343,0.09910765237365123,0.17027975365228767,0.19962554805386562,0.08688260728813829,0.2502989939972267
2022-08-01,0.11705651735021708,0.14159817887966075,0.267370182363193,0.10513744349016263,0.15550381738219193,0.14396083069172874,0.20956376660449136,0.2571034610323911,0.16713265450690948,0.2803432182203734
2022-08-02,0.1625027316883855,0.16493573830072622,0.2450095087808492,0.15015962899344176,0.2076658516062489,0.17086192601507613,0.05907000413661064,0.24341400242535477,0.1905886215231248,0.28649765411284983
2022-08-03,0.1085450313989006,0.12401360331159525,0.23162333712989244,0.10835452032461254,0.20803056773749923,0.12213615580492254,0.11173681957109756,0.18231362925741043,0.11979654133287687,0.2642150769328717
2022-08-04,0.09188713789955427,0.12846442865546326,0.26032269030961036,0.12195093021640836,0.23268315626944394,0.11408208766399919,0.09524337917941765,0.16798623007400146,0.12947205766249392,0.25262782662218497
2022-08-05,0.10586531700582472,0.1600326746591977,0.24025480941275612,0.11126944553318677,0.1467615873841367,0.12628133872630795,0.12061033932066714,0.27089194643383835,0.1200165740833481,0.27322537647828204
2022-08-08,0.16767826689277204,0.07343727835787978,0.2717097221510091,0.15812220469613414,0.23625866259897588,0.11418047391011092,0.18112341562713374,0.26350395871504245,0.09714961822036766,0.2699405746093883
2022-08-09,0.0635680251156326,0.15245386723935278,0.2421017859953439,0.18968429725373565,0.14958017450265967,0.21097092945236173,0.23741561041808917,0.32507066464322687,0.10612685967777599,0.2785771886284811
2022-08-10,0.10928284084123202,0.12908331890030925,0.18692302487873014,0.25076759831254364,0.10715715337214349,0.13935762640872343,-0.04126559856438223,0.25541127763253196,0.10369741786582302,0.2315547924189874
2022-08-11,0.12534881474164877,0.15072463204101277,0.2150034663415683,0.24028778515092147,0.21280250136136938,0.1746435612380867,0.16339949410353174,0.2177777744582701,0.10831523624917301,0.25320923614369284
2022-08-12,0.1184158764944325,0.09645158232754102,0.20686497756104552,0.14137310676728096,0.17474210870726847,0.10318120622034692,0.16339949410353174,0.31040270867497105,0.11158678087607206,0.1939413168026555
2022-08-15,0.21627179255025916,0.14938305488502737,0.2050552061948576,0.1510492902957357,0.0802224265065491,0.2335782915961523,0.16339949410353174,0.26796761101079775,0.18172229836182585,0.38759123239013854
2022-08-16,0.13401955915290317,0.1322826022465839,0.20772888291735453,0.17373324102737597,0.1837356565515693,0.23986751395328026,0.1915621711053092,0.24816167146546536,0.19367343700312195,0.2218188427880562
2022-08-17,0.18417727817048554,0.15037371895804005,0.2125719968048974,0.143412198519746,0.10928573438329561,0.12427000930218685,0.16882767831041864,0.189430033501511,0.1973409580020813,0.21983103201851958
2022-08-18,0.06282091055178289,0.12147489476429725,0.2699000812032649,0.1772345152808109,0.06442391681723914,0.08289688437596616,0.1937415971007623,0.2625031705310327,0.13596911437939344,0.3031555608788982
2022-08-19,0.06497327915295074,0.1606025965095315,0.1990910344760597,0.1758080724616407,0.12975147666089532,0.08892106288524412,0.125265846167694,0.16323916538052047,0.16423420816688264,0.32193680617692105
2022-08-22,0.011985036605498517,0.13719039767302102,0.2155564612941279,0.11306904052232522,0.08750765110726356,0.025829247504727242,0.125265846167694,0.32162105228977994,0.16500947211125508,0.16311239223832288
2022-08-23,0.09036090122955423,0.1704302651153473,0.23254117516965866,0.12205530416847374,0.12466732296039791,0.17959720623779046,0.11576889744512933,0.2843948989524754,0.2060788068043288,0.274413569976664
2022-08-24,0.15204168936875576,0.17121960531499347,0.20748004270569836,0.17801054567418154,0.19365821530693195,0.20732902302020992,0.10217927432034851,0.1646314866416835,0.18433387120288583,0.1911236629959719
2022-08-25,0.12354726143247904,0.11296373687666232,0.1537209173593545,0.13873009364414618,0.22008825103955967,0.17297421507014116,0.16090495188383558,0.31333011052653065,0.1788436732388987,0.29644398027714225
2022-08-26,0.0834984052029063,0.1322851579177749,0.1503416830014744,0.11325339576276412,0.1974431801222677,0.2363091954163896,0.06597239659261607,0.3118559674937306,0.18173159702600766,0.2800626535180948
2022-08-29,0.03543743769218256,0.07964327988169119,0.1785141446841049,0.16977531541768243,0.20011597083112698,0.1392894636109264,0.1103758734198979,0.35221695651766916,0.18144453088883838,0.21664424218960668
2022-08-30,0.08794162512812172,0.13077500892370503,0.21731485844317638,0.11079364358503399,0.21760926491126203,0.12210786751215402,0.03819654879676817,0.25553309668732,0.1282084809100192,0.2688476277389031
2022-08-31,-0.031475259267397374,0.1411819302398855,0.1673499022412197,0.12135881121178711,0.22948209814716758,0.15191149500810266,0.03782397707058951,0.3424799151047032,0.13603898727334615,0.1883860484406721
2022-09-01,0.0791388957655119,0.11830962015992368,0.2537708064942256,0.10887208067353067,0.10801595043493002,0.16407246710177048,-0.00598664885041576,0.2924089625753128,0.11421951929240572,0.22778273281857567
2022-09-02,0.06543981385336461,0.15075941343994909,0.15744178036841355,0.1589023871156871,0.1330811891788422,0.20478399100773692,0.0705951081976795,0.4684339993097095,0.09666666405532967,0.16884807541989935
2022-09-06,0.08127234777816901,0.1331989422932994,0.17817872659481543,0.15551914696601363,0.06851998499407738,0.18143377178293574,0.12193913705273102,0.25112230827853105,0.14670136333847375,0.0969925748866483
2022-09-07,0.12767490127254824,0.16688707263997737,0.19166573499299805,0.1307129498291943,0.22985623201965907,0.20592904229973494,0.03427665334291751,0.36111509937208675,0.13318606992291165,0.19439465567402192
2022-09-08,0.13199232345857834,0.1825056014216213,0.16500351062063304,0.10388863321946284,0.18005609277688628,0.18132769486648995,0.09936968993213993,0.27121284402583556,0.16063071328194112,0.1980560715673085
2022-09-09,0.17188661353326073,0.1903475467777113,0.21466900708042203,0.20527459573364876,0.18292606372982795,0.11179068546654887,0.1384151984657532,0.3478744311967182,0.12178464218796074,0.17624404771153904
2022-09-12,0.11648107568884052,0.1982558645184742,0.16261533805361467,0.22393763864810703,0.12669515359766306,0.1264861445962606,0.17058521218147354,0.3592551125434151,0.15432431701419605,0.21967387945896946
2022-09-13,0.15329895928836695,0.23379185412342726,0.18511088659308395,0.1387451269874609,0.18699599128733094,0.10062328538231477,0.09109593028025655,0.4492854728349685,0.12172502086660689,0.22854457473859963
2022-09-14,0.10729458397002241,0.21917479163784037,0.22314234608711123,0.13779734656306913,0.19063288308044285,0.18370003993158163,-0.016199900157153568,0.34661476331126106,0.09000390279996015,0.1590226822295014
2022-09-15,0.11542705776939947,0.21680954363157617,0.18539617777152934,0.1511159299091601,0.09251239677517314,0.16055349884327663,0.058090069602299,0.3362981731118379,0.07119760186664008,0.19635555994589157
2022-09-16,0.15610631875657854,0.157789107420094,0.20980349601741236,0.21560575470975357,0.1218502829135824,0.13244677700662888,0.0459027051752168,0.3120703571912645,0.05726729979515136,0.24599879558659565
2022-09-19,0.18212257621836,0.16491701314077173,0.31360649734494156,0.16865310122318836,0.14696205512398952,0.001938574580832353,0.03982052543716036,0.3204837978553527,0.05847486653010091,0.30535364150217487
2022-09-20,0.12639110314048826,0.22211896114146684,0.25236761727758006,0.14419095637101445,0.08497021200456248,0.1976402487236891,-0.0062352978179918556,0.31788818747525216,0.0831138369459932,0.3216467850026804
2022-09-21,0.13245367153288995,0.14924851377685094,0.2414673004072756,0.0934069057164702,0.06858135675515324,0.23580494782846562,-0.0062352978179918556,0.378179928391982,0.08961791185641997,0.2806029793683631
2022-09-22,0.1793180401760957,0.1730767201751374,0.2821762717708579,0.08752146272295092,0.07186479540801667,0.19622374289029434,-0.0033567143251369055,0.23408777007357598,0.07282037487554356,0.35072155875777633
2022-09-23,0.14324869345073046,0.19086318539183225,0.24431057006946078,0.048288752926411715,0.1176443080497889,0.12867875171862575,0.07404969044990872,0.17471733656143745,0.08551310705988618,0.23598922037445633
2022-09-26,0.1469174450283061,0.14013867915011038,0.13720079671297386,0.06088639083983003,0.12190608933946688,0.16434512029692094,0.1260545220336846,0.1713195903621887,0.07671573803992413,0.21253086910296812
2022-09-27,0.179903143626272,0.1843966591159466,0.11528733669753813,0.13040381611544222,0.1095268037648903,0.13124538773818695,0.13011270487644444,0.1534670840796317,0.09638112694725101,0.35856543574786487
2022-09-28,0.20294820471662614,0.1443077727439644,0.06744474663108203,0.09847586908396337,0.13685398028770465,0.184564526897439,0.17017422439631447,0.2717388482839865,0.14785343912885518,0.33675284207737444
2022-09-29,0.24667939838251268,0.13753724532137307,0.12814475606122316,0.13275027528420089,0.15842932019180309,0.08660598089458894,0.09182976421476353,0.18101454282584473,0.08523385552313288,0.2009597220831017
2022-09-30,0.1365298449018156,0.14897121116662967,0.16946233737414879,0.12761259093020802,0.2236828900752856,0.09057027043300653,0.13625087847758197,0.05605804352583316,0.1079046562073411,0.28202514038956944
2022-10-03,0.15500717228335167,0.18402176704037937,0.21568647401649932,0.19280942089699224,0.22646986625255383,0.16039525076796546,0.09558265619600285,0.26869083047611364,0.027915326360449622,0.07876505322589257
2022-10-04,0.20363237357328826,0.18688912247136405,0.18171333001127227,0.19578363067604687,0.19418346952394844,0.11615517025682866,0.10555942720937735,0.3416188869840757,0.1211851167467781,0.16034245296601474
2022-10-05,0.20628824904885884,0.11052997053646492,0.19844330291213885,0.2589615077522852,0.1325389796826323,0.16764674169913915,0.1887481208810258,0.29906013196854003,0.15992385455082703,0.13661996864400983
2022-10-06,0.22880004353937347,0.0861844248020877,0.21425419108279636,0.22842572739041234,0.1924021825933493,0.18489118678081273,0.18763925887951302,0.2762568115280632,0.15338023636721804,0.20879493382947487
2022-10-07,0.2246395315201553,0.13499702394213256,0.20883357183297532,0.20177610428590045,-0.043621160323228325,0.17594412452054184,0.1223842042514282,0.18271402037674175,0.04001660063594991,0.1711236897677081
2022-10-10,0.23416206334061293,0.1290719048503106,0.23514561931722167,0.12158406952393364,0.12700588928866824,0.17069108330742078,0.09914051180021653,0.1529010135844945,0.037674891294789445,0.2270080830593722
2022-10-11,0.15057363843960447,0.15321420640814357,0.22093453986227476,0.10509004634928909,0.17938780083587055,0.20228849998272497,0.13161550694261698,0.1931059291818802,0.04692847298440509,0.31783479482196064
2022-10-12,0.24630960177796535,0.17167424080881752,0.23028152528148185,0.0011939197884149489,0.2014555338905804,0.21420566652460496,0.15198342136081666,0.07496503928079741,0.053826565843518505,0.22918456452906733
2022-10-13,0.23320864564504631,0.20755716245953856,0.1939680903621178,0.05045671787308586,0.15260412116690292,0.2993992206468673,0.1706384282698007,0.0978071616306946,-0.0032318059390385734,0.1798530715086418
2022-10-14,0.1052547035474802,0.14922527497302568,0.187219740726832,0.03720926620389818,0.0837691662919799,0.2376286115289486,0.0928439487253751,0.10670169341821484,0.009242486516831426,0.15490334149087367
2022-10-17,0.18974785085048437,0.1195383314634986,0.1670241446115388,0.04736626042778619,0.10560636816024038,0.2219053336484306,0.08023691998638446,0.2508667754561744,0.0433905465667765,0.21850367351752709
2022-10-18,0.19927766055657276,0.15276449081693558,0.14401948529658143,0.0993009513963019,0.13261257877349358,0.13066218538496918,-0.00012832168588431878,0.18172537951063855,0.06414303104451766,0.11829846371898785
2022-10-19,0.20208175322221883,0.12742124784621103,0.11509799161017024,0.09334415916841583,0.10270005251566239,0.1230365958122017,0.03027686806747037,0.05381444671764116,0.073860909585234,0.21341674393218743
2022-10-20,0.11043257434054282,0.15076416523080735,0.15568335910167555,0.10674805055672168,0.0760652731056797,0.04845646494042237,0.06846689842259011,0.10905281176016982,0.024780606390156,0.16184554979593932
2022-10-21,0.08023426292588003,0.17288688793164936,0.14577123940111703,0.1332618660895539,0.052394959848230914,0.18235943082917516,0.09332225018452692,0.19379241803310318,0.08383984870454844,0.15327681374730395
2022-10-24,0.1163492125853573,0.16707011429945817,0.15293159875418386,0.10060791072636927,0.10015263989882059,0.20131652296200225,0.18186373537250544,0.2372793663788369,0.06960689913636563,0.17109620916486928
2022-10-25,0.14957725283468265,0.18857745798343015,0.14192452879908551,0.03804601455832025,0.09098731548810261,0.1823340889480053,0.12017145162934997,0.27827846647478016,0.054923250217894536,0.1950152505543573
2022-10-26,0.12560727599718485,0.1726301571741386,0.13690088998864086,0.09662928748332461,0.0912337658809573,0.13756342600603688,0.06725820272254207,0.2609189776498534,0.07098335002533464,0.21351866827244886
2022-10-27,0.12881506779724491,0.16342316033831464,0.13518503777020502,0.1643912699566942,0.11967016264938019,0.10028895067069124,0.07141847056291503,0.20603595392165727,0.16685727347184046,0.23993819084554424
2022-10-28,0.207802378849207,0.14703988466998758,0.12967711523137487,0.11911354319624198,0.11932602555976182,0.21690096711379417,0.09569121959565718,0.14934806405412704,0.10663344157381956,0.10994083340641363
2022-10-31,0.16343014634971076,0.13642036755776948,0.16462044719128693,0.06821347324193909,0.14770842824004934,0.2173131447425294,0.12390722759919236,0.06801733449295924,0.10627549877714934,0.1399403916370318
2022-11-01,0.2694114295888874,0.1447498839274019,0.1635251036830802,0.12712453771684828,0.1537245381065191,0.26965034284972295,0.22438824313538985,0.15243993468893505,0.13302013612278127,0.23055564088948421
2022-11-02,0.20809231225647404,0.11934635118969653,0.13378964629716103,0.10614945770860218,0.2685912667609513,0.3674668952331486,0.03954709802796223,0.19012972966897745,0.13611209074852088,0.3139399225932883
2022-11-03,0.17828067865474023,0.18828501190424213,0.2049791562278033,0.13383574958351258,0.19064640006285644,0.2335529644262369,0.13294678875240995,0.1803550331114503,0.13232746790642133,0.2879308007937379
2022-11-04,0.13011860054986316,0.18748223015838364,0.24243110415186883,0.049529947610051514,0.05318605194439468,0.20106757068104003,0.019586007034582298,0.16961132628615508,0.12347501915880199,0.27405108941804746
2022-11-07,0.10825766077989968,0.15200843355096724,0.17686184721235704,0.043814409517812125,0.1601627639678435,0.23828671378736005,0.019586007034582298,0.0448200466038906,0.11270658800108692,0.286967392945365
2022-11-08,0.060648579714157755,0.16667586046254962,0.15677063407230726,0.10106791907701573,0.14255739820078453,0.1683022536360178,0.0474833638656678,0.15077765504802856,0.14383128018704067,0.20422862873864428
2022-11-09,0.11122905727595386,0.13901990697503303,0.16239322775468287,0.07316199528231287,0.11091345065237487,0.1340640024240119,0.03579207918177703,0.32829071633969137,0.15477255187072553,0.1799395012553642
2022-11-10,0.07803522055081044,0.14913368408719047,0.10645312405867748,0.11654305841303492,0.12516031170501474,0.15746845504761878,0.0888308891737793,0.16047586374185202,0.16554476488705241,0.19928342925581888
2022-11-11,0.06475592709235536,0.12379061164476066,0.11835645112019763,0.09049473141807193,0.19127132842469044,0.17412341447619029,0.1096512797056772,0.20309094336051445,0.1660266357388082,0.24437326892354108
2022-11-14,0.054503951394903584,0.1516895188742849,0.1406104912229889,0.10716759872315906,0.26881096104494,0.2691678619337779,0.14384288225161254,0.3451448655231277,0.1584449000163483,0.2174925019166662
2022-11-15,0.1773720787077135,0.17743986938618397,0.19024843937010447,0.11870673248210606,0.23098324896302785,0.18755005724609264,0.1311491488614831,0.3095364231148795,0.14000867164297048,0.1759250012777775
2022-11-16,0.10200894032506773,0.15496272773893746,0.24746253100864107,0.15291002091289865,0.21416994375312964,0.11397747898554038,0.20625525168459827,0.44827726964916126,0.14530040521533236,0.3019568307834028
2022-11-17,0.15796767501587047,0.13210248515929163,0.2723010206724274,0.11088526191660208,0.18569156549322596,0.1541487239732322,0.20625525168459827,0.3014139406935682,0.11371493229715095,0.19945576025691902
2022-11-18,0.0937792313657902,0.2358751567728611,0.24718359857864375,0.14787517461106806,0.15165332281500396,0.1731609008018812,0.5472862644329856,0.3014139406935682,0.09755151042032285,0.19945576025691902
2022-11-21,0.16586840442831638,0.17878343784857406,0.23482954066799402,0.18440934776020043,0.1943627707655582,0.04506514585357634,0.2579221316310714,0.20457835266811777,0.14074251718314373,0.11278008610462437
2022-11-22,0.17091215867895485,0.22980767461509877,0.18802709047149224,0.15844616324994523,0.25258488833861276,0.179044813165128,0.15749699259761576,0.2621072165678607,0.1669880023647102,0.21553784159866762
2022-11-23,0.21278268650842777,0.1735655608545103,0.11511107407176857,0.1870557754999635,0.21974395631848812,0.1708821531137156,0.07117624652403606,0.043419953128787624,0.16396589046536236,0.13227697517863152
2022-11-25,0.1302834851699707,0.2402502000559198,0.1699859643713803,0.13812796978382502,0.22953833626259812,0.1543619728827574,0.23506259686903275,0.15127837446632428,0.16527843101722778,0.19077039717862482
2022-11-28,0.2666082118036756,0.24246260891455,0.18358464291425353,0.18677819939066148,0.24881079375205956,0.07193102190150842,0.052769653075760065,0.2692268168425295,0.10891895401148519,0.28162616437683297
2022-11-29,0.263085244088322,0.21046936869568922,0.16097984527616904,0.14580049785082777,0.2835974092242897,0.09037918445330707,0.3119484726769512,0.2941924427428781,0.14308098327694377,0.31787333506568116
2022-11-30,0.22763982330114133,0.21724765636824908,0.12103239685077935,0.2543208975980091,0.2582616061495265,0.1462444563022047,0.15281369650780402,0.2941924427428781,0.10876887774018473,0.22708794641490723
2022-12-01,0.17671956393310295,0.20808760424549938,0.18263208000709946,0.15422462546115423,0.29335807076635095,0.14111574864591425,0.19181228820372548,0.2759353425887043,0.09507480738234539,0.22813075808254124
2022-12-02,0.18073000626554553,0.21980756543691055,0.1749952972002137,0.12757433999949871,0.2537898249553451,0.1878660546528317,0.17346429848804942,0.2740494744103739,0.16898926047711912,0.2448177638835583
2022-12-05,0.22700000417703037,0.2155617556867924,0.25244574600479286,0.15421469001081628,0.16193321663689672,0.16317418570816183,0.15785901646734,0.2304921212130523,0.16473680857204767,0.27063340021696525
2022-12-06,0.20186224792471913,0.19888541911630603,0.2537014629449942,0.20158803060293468,0.14990712688959226,0.16703785111929179,0.1449926579366091,0.3019167564620567,0.16477834857184132,0.2796889352818611
2022-12-07,0.19526205417203496,0.19702472385531516,0.27778249267808286,0.09248855748967882,0.14859057725403987,0.010264452907331176,0.22914718840963605,0.2860945043080378,0.11741801015900533,0.2781671659500631
2022-12-08,0.14301846734093798,0.1858225936813212,0.2172372967060235,0.05824915667476347,0.08211123286931718,0.1491673206026065,0.22914718840963605,0.30335545731587926,0.16507594328060674,0.29291423835530955
2022-12-09,0.18503652592157158,0.1817118402319919,0.2189313089151268,0.08682210444984231,0.11825389734071663,0.08492989969136674,0.09099966156516656,0.16258825170059865,0.17442080216716763,0.1069101938902147
2022-12-12,0.06379629241698806,0.2326800231176242,0.1774270101762221,0.0805480696332282,0.20864166154677818,0.16000326646091118,0.10158823904448748,0.3116599493097912,0.18300525030862388,0.16982338660826332
2022-12-13,0.09917418567533405,0.24021195985619395,0.2200288798000211,0.10795830568141138,0.1573742704362241,0.15511250090430775,0.053349103664256096,0.2992819877909318,0.16938810008403635,0.2625003550829555
2022-12-14,0.021535932116881974,0.21758809228508164,0.2018775865333474,0.14384781143565978,0.16574075171938746,0.190230996858975,0.13403273577617075,0.2577187123876625,0.1885469353557818,0.1979367265157508
2022-12-15,0.1365451668908528,0.22451015553504622,0.11045994657778713,0.055985147988081026,0.21739316584795698,0.24073733123931662,0.139855386284273,0.24502732829264007,0.15818312205638715,0.09044753800579099
2022-12-16,0.12314324911915604,0.2197463386475741,0.08574663105185809,0.13710259865872068,0.2116396569201365,0.1990005263587887,0.1235589936782981,0.19774292996518486,0.1018413670852105,0.29720927411817366
2022-12-19,0.05254383274610401,0.2230055122810382,0.13484925308904366,0.035464232439147134,0.23098366016897987,0.18900885956468375,-0.06918662935551405,0.2672542142157167,0.13848921431176606,0.31039552008008353
2022-12-20,0.13743482879933422,0.20993136716171779,0.08131624950712338,0.06256738663263894,0.18356777344598657,0.2054815687897874,0.017192656233673297,0.2931915010751786,0.0890411764625583,0.3054098675399964
2022-12-21,0.191733336838133,0.17193936741862237,0.1390961107825267,0.13168654058337545,0.2213842563713985,0.17925021252652495,0.13510977478338562,0.21505326187365187,0.13828913045853852,0.29357338386773757
2022-12-22,0.1425578449372967,0.16316347984091228,0.15341574382055737,0.08187509424363378,0.2090817264698212,0.2744289115256198,0.15924974882396817,0.18929755068878887,0.15944365110673017,0.4493944849176551
2022-12-23,0.1159411545486561,0.1462267339532402,0.1990943199473136,0.21869777970172577,0.16133397208910785,0.240022052128191,0.12198945930398128,0.18929755068878887,0.06347121184893123,0.19856058289141806
2022-12-27,0.1862683012979146,0.15845848964649806,0.1860886639202477,0.2544948567008743,0.07006383774853941,0.19017303475212732,0.07452057903997378,0.18929755068878887,0.04585724784192139,0.3654532116315158
2022-12-28,0.20901411015141932,0.2283505123115967,0.2067327283163017,0.23791233579202845,0.15279343531752193,0.19727061443792615,0.1883183024659108,0.2442966112180966,0.060514351837396715,0.35952797305933776
2022-12-29,0.17762218454539067,0.18789351980547625,0.20103662801288644,0.16480849314790322,0.16377162354501462,0.15943343796078954,0.14097359892933903,0.41308615408640836,0.10127443499999708,0.24031387520088354
2022-12-30,0.04604953110903368,0.19750577329664118,0.162469361588999,0.169689858565105,0.22169979572310755,0.18637205013508673,0.1802970233181826,0.1985220303836301,0.14084949633604302,0.20241164604051892
2023-01-03,0.1520093149507861,0.1909207694993481,0.16759401272424002,0.13436510532695378,0.18560721108737263,0.24813155128150255,0.11025315122231288,0.25690653330124663,0.12440804517640965,0.2448522018864212
2023-01-04,0.13953732107830186,0.2006536346926871,0.23016196615478438,0.15779455833314282,0.26973391684192877,0.21111486782523775,0.12868939594610046,0.2716802647055457,0.15624905374757125,0.19763762361419598
2023-01-05,0.12581932516331237,0.18747378820782315,0.24807075521430066,0.1742784401762174,0.24891067378409415,0.18983772265577845,0.1583827959659631,0.32042115330109366,0.12059658345076178,0.24727473558375607
2023-01-06,0.16616865409824141,0.25103919213854875,0.25409990823810513,0.15350189928621502,0.21889909821886072,0.1904358978862139,0.11494533563254994,0.3340415176957043,0.17289227785606337,0.2295896298674859
2023-01-09,0.15215866071596626,0.23709907735331462,0.23961749438095903,0.11466668826121339,0.19399384325701824,0.16738007385459658,0.16108457823627528,0.4010411067559943,0.23578572491991528,0.28357417838030663
2023-01-10,0.21541886735599608,0.23691505950538436,0.27493801212698854,0.1327820937655976,0.2271822899962636,0.1961348918372654,0.1152545022124188,0.2209165622799096,0.20061168962914988,0.17556710339258808
2023-01-11,0.2805967146263835,0.20737608842210958,0.18517905570370666,0.14581131636486078,0.16573209145169263,0.19254945170103407,0.1368465698687186,0.21242274106961442,0.22178620578451264,0.09453267192501641
2023-01-12,0.2511175662474015,0.17061705894807305,0.17598797098665853,0.12809636699456325,0.15610028267411274,0.14851990899565856,0.1227752405301556,0.2519520387744323,0.2033013594118973,0.18455468834489927
2023-01-13,0.2328906807086962,0.16840480852948458,0.13210383400132567,0.10103317499021336,0.1801796755883648,0.1645009072184414,0.16364748177757152,0.1722188176861349,0.16552146183015376,0.13875074609301116
2023-01-17,0.35503626738154165,0.1891734279085453,0.16123350838183617,0.07647592063394622,0.19537256150335433,0.1298589381456276,0.20477096155247493,0.1463473952194505,0.15281597455343585,0.1508617301966328
2023-01-18,0.2554518759684468,0.2289638900342683,0.13693276228055395,0.10361617373012537,0.21128403633606116,0.19009137543041837,0.24391927033136238,0.20459236298589395,0.2061473957340366,0.15718410217535017
2023-01-19,0.2588856700314634,0.23468026002284553,0.178628508187036,0.14293596767193545,0.15427748555854506,0.1186755002869456,0.25043161712330303,0.1690908171512544,0.23170150191792915,0.29639079007725405
2023-01-20,0.18362874216269257,0.17751584001523035,0.14952774506181987,0.13065303400351252,0.087688304735323,0.11781700019129707,0.17863171808464304,0.14195736010613655,0.17831058653242027,0.18691848953807072
2023-01-23,0.14753543818289597,0.1373938933434869,0.208418628481053,0.14307565229863797,0.1022400357012315,0.07798821331832027,0.19029182983257917,0.12906952227119556,0.16263710619435762,0.20402787176997914
2023-01-24,0.1988063512618077,0.20490823048295953,0.23278382818536358,0.10255376819909198,0.14814169046748768,0.1539116610836656,0.21346658446115355,0.14532073158796774,0.14210373495663942,0.18487119644916244
2023-01-25,0.12514578802242798,0.19005216159181432,0.23967747275849635,0.1288608454660613,0.12934852510171946,0.11946080435880738,0.17151938964076907,0.24406837643957985,0.1774169007385377,0.2258431914681817
2023-01-26,0.07165560471336467,0.17876332995009842,0.23730405591307163,0.12647417259225163,0.09388288305746743,0.08280054633876803,0.06291677793457835,0.17984864051290347,0.14821999104399083,0.2874766560105955
2023-01-27,0.14295815731333672,0.1781355533000656,0.2223023457632253,0.15052182132314415,0.13770780375679031,0.10820563774975099,0.06177820909924271,0.1803766605222766,0.12199297815631134,0.23665139386065664
2023-01-30,0.1403427733132321,0.16018052759686913,0.22366177508244295,0.16676278308828102,0.1349497294025513,0.1485672636069131,0.24130894077911863,0.21985172284469195,0.09749513209479531,0.27482342118989433
2023-01-31,0.134962000567707,0.13642812950902386,0.2105600867071986,0.19948051967760208,0.2096025524416243,0.13177555370921681,0.2111927208861744,0.229967077410274,0.10651678850976712,0.22376903990096966
2023-02-01,0.11331481913231704,0.1299833561806191,0.19544786977061104,0.18319516549955345,0.15403664607219397,0.17468065746363895,0.046778168752561404,0.21633638494018267,0.08907420600680864,0.2577349157530529
2023-02-02,0.061196546088211366,0.1318339546254632,0.09023724651374068,0.10838888922213141,0.18543760531797057,0.13106383222454854,0.08722872326905545,0.2581075899601218,0.05151006034808851,0.14753934251990236
2023-02-03,0.10449591961436314,0.1556488586391977,0.15333054529487472,0.17217519114076082,0.19897465931991656,0.15301338814969906,0.030332254360701433,0.2606836279475544,0.12369448467650346,0.1815766292235791
2023-02-06,0.13661061307624206,0.1795560327435921,0.10897980797436094,0.12563400761259735,0.13905565946345155,0.20120059209979937,0.06565295421810441,0.30125091380006225,0.10600965645100228,0.2527052528157194
2023-02-07,0.09455624205082805,0.1780747996068392,0.10978616827920358,0.16231632643907576,0.1428940013895346,0.13803236246461667,0.07498827900254579,0.27510748564053344,0.1636719931895571,0.2034499486916775
2023-02-08,0.13348516136721872,0.17608646089437094,0.09038862012264365,0.17889781612450553,0.2025948898152453,0.07707711751968815,0.029928748208185148,0.2548603582111917,0.14849821768192698,0.22354446421439378
2023-02-09,0.1488870238789288,0.17415766730891769,0.09745222822991058,0.1078307663052259,0.20732392654349688,0.17608777030845893,0.036335425767514126,0.23945046761504907,0.13425868153816534,0.2894701685409586
2023-02-10,0.1429642018783264,0.19171111153927847,0.09192535850248006,0.0475305108701506,0.1652435542036011,0.23328976023216783,0.0015887342109240574,0.2416119296325638,0.17625829036190085,0.2115886456694923
2023-02-13,0.20745050231428874,0.19101674102618565,0.14069319948339185,0.055656150555447946,0.20419190231233328,0.13736063916458865,0.07739957337298493,0.3345787643357725,0.1499404325354809,0.14566980558021864
2023-02-14,0.16660940280343908,0.19725037785584093,0.16082560802830445,0.08643592211310326,0.18754565567326736,0.18496708407427626,0.07971886399522582,0.35825386181128605,0.17612934620566187,0.2244599200081377
2023-02-15,0.060465535593972684,0.21023546402510607,0.09808818312998074,0.07553316349810203,0.22825967266774014,0.15502102481389124,0.060882535539449084,0.27479116350192306,0.1938426954502392,0.20097415732811444
2023-02-16,0.20282475679568868,0.136031743290902,0.10505503137303507,-0.00840530776454669,0.16990934002261215,0.19073691379986923,0.14284119414878402,0.2755227027722614,0.14145646363349282,0.20657934386711413
2023-02-17,0.1884365045304591,0.13320041590106824,0.14141615284908385,0.02677657995816936,0.194836841584777,0.2208556547294107,0.15142835738462504,0.219776114600963,0.1897129324656186,0.24002407646696497
2023-02-21,0.29093856631374176,0.1863509359846342,0.1535178120634468,0.10621638663877957,0.18725389438985132,0.13300099204182936,0.07841893845597857,0.2085681551361035,0.1714853893205134,0.2647074035222144
2023-02-22,0.22775186118612917,0.16324689010533883,0.16548531642176784,0.07868359109251974,0.16182276292656755,0.20467482802788628,0.06170432180383114,0.1977543390878882,0.17680147166822105,0.20773942222743508
2023-02-23,0.2195558004230732,0.16045564102260684,0.1504590998367341,0.07487295237147218,0.1756016197288228,0.1857832186852575,0.10812326664971779,0.17557858716970326,0.1651183144454807,0.21777345786463917
2023-02-24,0.18752452515058257,0.140214871792849,0.16649633371170697,0.09885782898484279,0.08942063188750586,0.1843193680123939,0.04347471278081408,0.14816151487683607,0.13288672114793565,0.2526339640719937
2023-02-27,0.13871413742147332,0.10718297491132889,0.1346849807426374,0.09049077487878408,0.1733417536342882,0.11468096734253275,0.08597531294359387,0.12695644752401156,0.10267131409862378,0.21216540143159568
2023-02-28,0.15847090437396857,0.11911215825591534,0.09300424113001222,0.0333317864271259,0.16915130112755478,0.1347864201726294,0.17076926669248685,0.19996595724482097,0.11198328347315659,0.20865120355551614
2023-03-01,0.14990042678157742,0.12259403823219554,0.13886280256403696,0.11686317357249705,0.13064978316655632,0.1467638128169489,0.19245561044251247,0.2777049393931406,0.19380170982741737,0.20773006292154522
2023-03-02,0.10082033904399049,0.15337991753091362,0.11610261578001496,0.08190885926722088,0.10337379967394748,0.13595634278386493,0.2119184241771508,0.1734947466329743,0.1904766854090788,0.27724975695440723
2023-03-03,0.16427633714043807,0.19354871846938254,0.1802665138103079,0.09602257284481391,0.07062308867152056,0.2291788903525064,0.08987611483930402,0.24066551175873163,0.1591450124949414,0.21799952898868424
2023-03-06,0.10308420075871273,0.08552972807725888,0.18148511987985072,0.06917504856320927,0.1065874254649879,0.20510672815667225,0.07279755642709675,0.24446257802207885,0.19377608240403502,0.1700022222061286
2023-03-07,0.11625633132579702,0.11109131114191437,0.13504594020187471,0.11251714358408045,0.15534535179912723,0.21404059654889263,0.10021632096501455,0.2068802173665616,0.1716546361326045,0.21291905405663308
2023-03-08,0.12509604244005526,0.14470376298349846,0.15024796013458314,0.13448600842056152,0.18023111744676598,0.2586718690079554,0.10061848487074093,0.15652377850446234,0.16392346112544004,0.13609740287965255
2023-03-09,0.1740638487589051,0.17276639754455453,0.1431538781849602,0.09140114847085054,0.1388884921025028,0.20197341953126915,0.12199843435827173,0.2537887161712867,0.14631156667621928,0.1720960208100377
2023-03-10,0.05100891072508726,0.17438893169636968,0.21679552990108455,0.09461509898056705,0.18628855029055738,0.1574656130208461,0.07622324514088313,0.21514969341920304,0.16265372121848962,0.1147103437117972
2023-03-13,0.12619867691768863,0.1700536211309131,0.1982762767490145,0.04819706598704469,0.1813164474222333,0.11891358328373866,0.0763553139204517,0.2787367318863155,0.12722656185622558,0.2428386628531679
2023-03-14,0.13450800683401465,0.13549190615076748,0.20494358687505992,-0.011944294392475265,0.1840793300874586,0.12689794441138133,0.10271138533078927,0.21702448792421034,0.11504595320622184,0.2421571175015431
2023-03-15,0.14330387910304573,0.08581321521162277,0.2049339468055955,0.03851491484946094,0.15066133116941685,0.16130890662432043,0.10396993050898656,0.26660743639391804,0.14583124186302804,0.16351299140165879
2023-03-16,0.15359657354456024,0.09317214347441519,0.1874152502513494,0.014491572862603594,0.11998088744627791,0.1055499229479786,0.10901424511509947,0.3035089209223117,0.10560532811686422,0.2273964417748488
2023-03-17,0.15538654609237,0.09553642898294347,0.12685783350089957,0.00039271524173573047,0.11562281385307416,0.18461161584642768,0.12336613199968595,0.3168794270588688,0.12660599147184887,0.1678895114688484
2023-03-20,0.25756713062459785,0.06967128598862897,0.13667361686154234,-0.004348729521382539,0.13792378607141853,0.17416700315687772,0.07564475244788373,0.2918590653990719,0.13172204987012148,0.20296716856659947
2023-03-21,0.1565358121773036,0.08286765626755159,0.18003592450418843,0.034355608890506886,0.11472711868776575,0.13741918277004825,0.15053211693832805,0.2600362691964479,0.14850014435785877,0.2063805675466708
2023-03-22,0.11981787478486909,0.1447988282220205,0.11384982560304252,0.10272485037144903,0.14229863468073273,0.19966928535367404,0.16828126444309055,0.255618623908743,0.1316237629052392,0.13473477065056794
2023-03-23,0.18672140400007484,0.062152731467310415,0.1539082183975365,0.10276180500953744,0.09267375645382182,0.2970712469231277,0.14654028740650482,0.2685990552632681,0.10817148103457049,0.14597519525747857
2023-03-24,0.14922026497637805,0.07469159875598472,0.1451075900428021,0.06563231445080274,0.1411939026082142,0.17760969727634024,0.11244667909015729,0.23528726672366407,0.14550416195955493,0.08398346350498573
2023-03-27,0.2469666633389636,0.1406795102817676,0.1534977266952014,0.007905179330838185,0.10580701731149184,0.17335023112508,0.001708611081486818,0.2748120002962405,0.11664372702065566,0.14331887657213957
2023-03-28,0.21836206826469132,0.15380411796562282,0.13711320668568983,0.042113135426908,0.12058474138672941,0.1914112651944978,0.11948284986917376,0.26424319618554853,0.1360314248513773,0.20323256432594328
2023-03-29,0.19710077157819783,0.16893136435803427,0.15660769334601543,0.10198320139571644,0.18696093870226407,0.12457848005772094,0.23452607552610077,0.15078607499069852,0.13772909804906636,0.2809529595506288
2023-03-30,0.18818675448578664,0.14670402068313396,0.12983716593438066,0.08709224537492208,0.1421550702459538,0.15540554123115613,0.2128952581976399,0.28634498297136274,0.1486190283290072,0.18212303509772348
2023-03-31,0.21854394743496885,0.16158622746396964,0.111187666178476,0.14141759754261693,0.13489902876637683,0.22874509169917387,0.210254346883909,0.2936330495921238,0.14915363793362385,0.25514550561768756
2023-04-03,0.2839810669823259,0.17573720040626375,0.129669444118984,0.1530574074131867,0.16355854101025968,0.06685908092922253,0.14827010176908562,0.3186117070424222,0.15958264751130477,0.22335765729981674
2023-04-04,0.24708266004236598,0.1624076534223629,0.10066710748283143,0.14372525573577527,0.10571136155686615,0.15074917877478278,0.07609850767137467,0.2442170598920589,0.1869785868064273,0.19876811894228832
2023-04-05,0.16496499490962752,0.18238288005935305,0.18139103461818393,0.08791228160162795,0.13410481536514204,0.16006185331017264,0.09279411930477878,0.24965512326137262,0.1789789020267957,0.148282096082821
2023-04-06,0.19577911235255208,0.16116065019829884,0.16554533621010242,0.06959794963918053,0.1568333273109099,0.11527243635452857,0.15207941286985252,0.3679419405209879,0.14906179709671363,0.21168519259315677
2023-04-10,0.17764667051496694,0.1637833593914585,0.16951381197615584,0.1079375219816759,0.16281077376282882,0.12331923756259405,0.17005616555158584,0.2849084205501111,0.22010115586359844,0.23808401633128556
2023-04-11,0.1646788914544224,0.19093265473472082,0.16332451507374865,0.11284248816542883,0.16515435422572428,0.17132470004172934,0.1459722703574059,0.24646936962736596,0.22932219477726176,0.25240083537976127
2023-04-12,0.12937384329733856,0.21617033274346675,0.16731827167514957,0.06624608540940385,0.15273845837270505,0.12611924447226402,0.12621440421632824,0.32752113906008934,0.18760146318484117,0.18712091016136237
2023-04-13,0.13455790275699134,0.1853215541074291,0.14539017463949627,0.08409367598722162,0.11931952780402562,0.1411142185370649,0.050804958494677234,0.30348576639437214,0.1953680865676719,0.2147527066224236
2023-04-14,0.11380018913958152,0.10837313130971464,0.19568552815191834,0.09172074639749611,0.03397857624140233,0.2424206895593135,0.09068887647813259,0.2553050302225729,0.15532680771178126,0.23076883176856916
2023-04-17,0.06302282182974886,0.15734508753980975,0.21314330891915265,0.11241036291819606,0.07972162042719866,0.20890361219043713,0.09842998155318987,0.25276093696243157,0.18604561783960022,0.19377415475591617
2023-04-18,0.11432523133056931,0.12786171102093757,0.17123009483499066,0.12448007196495721,0.16117066361813243,0.18852629701584694,0.2144493208853619,0.16536357793867548,0.17372897141687632,0.1945878700192528
2023-04-19,0.08305744298770323,0.09549502956951396,0.15539253797080183,0.1356726670242572,0.1414526646343105,0.15650989245500907,0.182418090104839,0.1875201949438277,0.19039320316680644,0.22919989338769894
2023-04-20,0.11419539126964214,0.1162077974907871,0.19118985864720123,0.17892577334763737,0.17052680910261223,0.1523072894144505,0.13658495044631203,0.196403088030487,0.15145213544453764,0.2596410400362438
2023-04-21,0.05827199873816599,0.13082838351237658,0.18868212798702305,0.1483050393746154,0.16772525469426033,0.119313192942967,0.13432303405020818,0.17682914202032468,0.11576694214821026,0.22527802669082914
2023-04-24,0.13521771972712537,0.17006857313523518,0.2131554968020935,0.10768934995439913,0.21032113814993875,0.22406000782880794,0.13248235471323297,0.23088611796332068,0.10887591381309256,0.17992401758009613
2023-04-25,0.07735151939942272,0.17975615986793456,0.1908226544337189,0.11941299180302936,0.2061071291369962,0.19077601556033158,0.11084561699883222,0.22895553391189344,0.1678390536531728,0.14834654732767735
2023-04-26,0.04327024002543409,0.17928855102306748,0.20806865171153216,0.04679376221212059,0.23501189561514035,0.1387860708131148,0.10927358593572942,0.19423702260792897,0.21217365481640096,0.1595903083726596
2023-04-27,0.0686544954866066,0.18546559245693675,0.1905591558165164,0.13999673036363594,0.20097681929898242,0.1284908626849337,0.10271544111846526,0.15758580449942008,0.1742944920998228,0.20962511891812113
2023-04-28,0.08251495466302873,0.15112206163795786,0.17231068761499968,0.20360616135876367,0.15865220492948034,0.16175779734551135,0.08573927299222887,0.12371669444381792,0.14772101060623108,0.21600144371154398
2023-05-01,0.12024769567720144,0.20384681886974967,0.21184821162275366,0.15122944705469016,0.1686071842387012,0.15790867045256313,0.11296306336053683,0.30724515978987615,0.13942218167399534,0.19422096247436266
2023-05-02,0.059681912121393677,0.18081035543697602,0.19347022631915636,0.07975374248090454,0.17411456727024527,0.2083752247461532,0.15791622830853483,0.2840583296166925,0.17039081952869528,0.140349530538464
2023-05-03,0.08663738585870691,0.15262957029131735,0.14575738034350608,0.07784389181266652,0.12023104484683016,0.19057514983076881,0.15199683871296818,0.2449300414760236,0.16093554635246352,0.16033902937260863
2023-05-04,0.08458737416188879,0.16693423326251458,0.11679515832424214,0.09114402311320625,0.08010012598731002,0.1775862109982903,-0.02877194953598646,0.15346327973795967,0.14895093821981437,0.19937372363739148
2023-05-05,0.09748717968485648,0.11117512830833465,0.14435585951774876,0.0949682376310264,0.10904955185682634,0.26843386288774906,0.05758759956308672,0.17426352875735912,0.13950236357511436,0.15006316779133708
2023-05-08,0.21704544414953544,0.09539275220555643,0.15693390634516585,0.16697137148444785,0.16588636790455089,0.10992257525849938,0.09971520866902693,0.1485373195900169,0.11749459158975879,0.20591642899269963
2023-05-09,0.18239847540444168,0.1108118348037043,0.18227397518013103,0.14981645935816484,0.14275673486043752,0.08395255017233293,0.190216798899169,0.1617493241711224,0.12998801344079156,0.3031546054623842
2023-05-10,0.16206009471407223,0.141307667646914,0.21670852313596037,0.05176467660914693,0.14348105178456594,0.19038081678191854,0.08337561077187496,0.21688575613815117,0.09219074951152531,0.21065331206828697
2023-05-11,0.14806524832790002,0.11347205193554948,0.15923976398951833,0.0544342288505424,0.14852983549769969,0.17314832229905677,0.16365317614077982,0.16728077555250864,0.13431966634101689,0.21982551519058674
2023-05-12,0.20799492745669523,0.12600791323637003,0.263654459312483,0.020110597011472713,0.18807148125032314,0.13250376379218756,0.13628268716796965,0.14268118111309144,0.11514000483340521,0.2392278356233083
2023-05-15,0.23357024014282646,0.12302447998288987,0.19850326082784572,0.036520398007648475,0.1551098763891043,0.13878006337614304,0.1343913136069804,0.273198160496134,0.10967458655560347,0.24833792338157562
2023-05-16,0.16649699871082088,0.11496426870654197,0.18966983901113216,-0.01069963942347244,0.11825238070867619,0.16613734744145103,0.15913014015705976,0.2410538196336326,0.14306888492932537,0.25548918398692666
2023-05-17,0.15077168080421915,0.08002779529931081,0.150155865754048,0.004823859431970752,0.09155992047245079,0.1647812317336992,0.17485788301558322,0.33938992318346695,0.1410479232862169,0.2646389911707895
2023-05-18,0.1207375716936986,0.10847709469514583,0.09833336551004568,0.027609239621313834,0.035706798833485716,0.1383629236942092,0.31488766442287003,0.2990914528240551,0.15629515087767995,0.24235503774331127
2023-05-19,0.09935580958554698,0.17836305368487537,0.1535088631137455,0.05487415974754256,0.06947564366676826,0.14742988860596815,0.12655630835850115,0.19546987474482402,0.15213958796062077,0.19303231727358514
2023-05-22,0.18314498416814243,0.152475064112357,0.10804526906525387,0.06768204666930187,0.07288431800006771,0.16270253253353634,0.27314451752127555,0.11757582206056261,0.19422353072372567,0.2799366804122928
2023-05-23,0.11897216189513468,0.13185947876850737,0.1777189391616647,0.09391072952556632,0.09359906914290228,0.17611766057791312,0.1383528430453161,0.1822819420563423,0.13245943440189772,0.21779471291934466
2023-05-24,0.1290331919221691,0.08172536679805252,0.12194578086968122,0.12182604190593309,0.0982924902731457,0.21889242452499222,0.14365391384411216,0.17924267026860896,0.18139067055364608,0.3272173900152148
2023-05-25,0.13865903541462554,0.07196802230981279,0.04693163871588457,0.07168180571506652,0.07328693757798488,0.09871561259989796,0.0661395618161931,0.18119833675883332,0.14244563222094925,0.19832343557760018
2023-05-26,0.269403316607253,0.12340586780500533,0.07732649429291838,0.09034287047671101,0.10076795838532324,0.1751136966398657,0.08603861442959919,0.17862413459457482,0.20583368207346792,0.12405199674623472
2023-05-30,0.22738358200341438,0.11992763421263608,0.14317840360268633,0.08271580254002957,0.10756697225688217,0.148478887931264,0.02523223653114991,0.13479237630390764,0.18834031379423605,0.25273733407316934
2023-05-31,0.1572987388912825,0.1218631582024147,0.16458790398909245,0.08523256677271812,0.17621881483792146,0.15494320532692202,0.1708609041846164,0.18449187251893032,0.17811630949741558,0.1613814628768375
2023-06-01,0.15603448022819993,0.12779488324605426,0.2009536953802446,0.0768707588008597,0.15744809878083652,0.14633713688461467,0.09993148005293007,0.1852213352103347,0.16445040588567952,0.28259356576332045
2023-06-02,0.17483861825901298,0.1638530174021314,0.18632050611355197,0.0582409387676727,0.08949904998087514,0.15535086903418754,0.07579492991043794,0.20784928137261588,0.20343198980967223,0.162805683587041
2023-06-05,0.1019479573474865,0.10878440401634883,0.14654448750906496,0.00031443536892465185,0.1595280339202259,0.21828686567505204,0.1055804740120335,0.19193106430943785,0.1664982789207339,0.2332598984024745
2023-06-06,0.11363572585846636,0.1291578286500527,0.13044797238978229,0.013408882838542363,0.11301754173550731,0.140904239921489,0.13451880264818922,0.2286457426747797,0.14878268378265375,0.1993640315997547
2023-06-07,0.17365861694000836,0.13090244132225737,0.0959322778894845,0.1138721441145838,0.16508629766494137,0.1710106300583941,0.17789827216227136,0.20117265764829584,0.11792826537891203,0.1993640315997547
2023-06-08,0.16676952867393002,0.14787033125187526,0.10199525104115115,0.14870976274305586,0.18632697622107203,0.19295294687750525,0.1204214706415272,0.46162729193279944,0.14749854728964504,0.23997165879558946
2023-06-09,0.09609755572041401,0.1562941097234724,0.08854341990265095,0.11704150849537057,0.234093650814048,0.11614085347389239,0.09889446557091287,0.18541696724784826,0.15779864191604043,0.25225522877634665
2023-06-12,0.17252079477536622,0.1399147874346959,0.0772498999336333,0.04198962703281109,0.184997433876032,0.04697240584278148,-0.004553420455617543,0.2288142493182126,0.15343955659899772,0.22643751362867556
2023-06-13,0.15796064204857904,0.13556013606757505,0.06003080661946508,0.11245538794978024,0.18113984480624357,0.10902927307745512,0.10984672998341535,0.1402853223844538,0.17174096365859107,0.1468388979746726
2023-06-14,0.16112786933809936,0.14926953515616115,0.04733498219075449,0.130922177825106,0.1585788021043358,0.11705284871830342,0.14054154829805016,0.08419252868316825,0.17898223721030254,0.08516259864978173
2023-06-15,0.251977260663566,0.1207678382522556,0.08268221034939188,0.11838034077229291,0.16593798053105224,0.15693836937212885,0.21663186476813936,0.3098315741923553,0.17582455796328883,0.21981415579578625
2023-06-16,0.15469123436912782,0.11590988158615982,0.08351725134403905,0.15649078273708414,0.0716068018355163,0.13095327902472562,0.17865542864799808,0.21722323872111893,0.18612175181074445,0.14512530577139846
2023-06-20,0.1977523974635999,0.09902769883521766,0.1103259453404705,0.14504052182472277,0.07914723006480444,0.17880575744505517,0.16448518210213736,0.08131994335462366,0.17631957004774268,0.22873590774892194
2023-06-21,0.17415343164239994,0.10628645001712925,0.11262786832221842,0.14616315091345153,0.12755759126784266,0.15947963916250432,0.14051545476460883,0.17066794327856435,0.1686374645471949,0.1147744404495521
2023-06-22,0.23941446076767062,0.11919550636062584,0.10231824554814561,0.1272478204657909,0.13765417195633955,0.07938293404484414,0.20530429600956568,0.06158019878620775,0.14806204673516693,0.2749602723271641
2023-06-23,0.20641939560806585,0.10266462328803627,0.07768275292435296,0.11168743586608282,0.15356667019311526,0.061424039363229425,0.13799732103861193,0.14154952919079195,0.16074935390810072,0.17833352059221488
2023-06-26,0.18576105177481922,0.0789856536205956,0.09000627972734643,0.08340514336491249,0.16961889123985463,0.0734543595754863,0.14955125904146752,0.15014301946052794,0.16881131530381316,0.23737727566035047
2023-06-27,0.15147534572429022,0.11067138812801611,0.08345618648489761,0.10288702486953763,0.15835764971545863,0.13957537857750793,0.08055973080453738,0.18416358345766443,0.19724745503178695,0.26701440726976294
2023-06-28,0.1855315638161935,0.11983722171497371,0.06912708728622804,0.12894081713652733,0.15063578321769466,0.11214219966229354,0.12822966599947777,0.2047062408968185,0.18108900705822836,0.18889832519739286
2023-06-29,0.1551789980616321,0.15831881447664914,0.10615912999566135,0.06935515221197132,0.15079000206336496,0.17768245718458064,0.15180075787868702,0.20804258731710204,0.13944926479785613,0.21769042711082634
2023-06-30,0.10512709189682654,0.12859087631776608,0.11912521545165301,0.08834720326174934,0.17817085291087267,0.11074813562280009,0.12083401967644644,0.283378267350031,0.14262969438904696,0.18936066422067602
2023-07-03,0.09039499565478287,0.13317183879059863,0.07554953576850457,0.06519202439672177,0.14650463901204233,0.19219459041520007,0.011753822700570321,0.22578988778510173,0.1274595381948485,0.19490334453202657
2023-07-05,0.12395444154763302,0.13472563855881178,0.14698635717900305,0.10244148042994536,0.128102203785806,0.1980909769434667,0.0877915745941849,0.2832325749066032,0.20090973974894663,0.22289223768461172
2023-07-06,0.21828482159216273,0.11637890189635072,0.15205852536062317,0.12566996843477837,0.190118135857204,0.2447637923212855,0.15944497389683773,0.2934060918788794,0.2054951280865993,0.28602956598025514
2023-07-07,0.18917491202348014,0.12415156951820208,0.13763969362756479,0.09618267736921733,0.21184445530766305,0.192099194880857,0.09851070269639045,0.2529471648952929,0.13947264838362922,0.24801361779817244
2023-07-10,0.22898223552244273,0.1481375413525966,0.099722652894567,0.09311934046836712,0.19276569950993672,0.11781821325390465,0.13950269613888797,0.21284349730847166,0.12071009892241946,0.3220334045047279
2023-07-11,0.12927328744245242,0.12544751150858516,0.12939324478685418,0.07932411586780029,0.16528379967329115,0.10671432470895233,0.2116629356822276,0.3495064926759876,0.12618290840796423,0.2965747326976241
2023-07-12,0.1748200241139036,0.15368784100572344,0.10291176636583929,0.09067129946742243,0.08847364422663856,0.16180788313930153,0.16776443553164538,0.34526659583361546,0.124959647119351,0.2909681446246794
2023-07-13,0.17025323829815797,0.19927013510816075,0.09870749503754365,0.09101619964494828,0.1550263183733146,0.17354528070388248,0.14595962368776358,0.2959874220222207,0.13084104516951442,0.23159999341047552
2023-07-14,0.14152179249417637,0.18894067637879117,0.12808713954883863,0.06841255902255812,0.1508353233599875,0.1202740975311095,0.11080668225778775,0.2540888369037027,0.13830190048338,0.19032320917494516
2023-07-17,0.14188312669600608,0.21537196607070924,0.09966771696418301,0.06058387268170542,0.148385215573325,0.13961696967878953,0.1100242376922928,0.18328839126913513,0.14313366442481743,0.18399073781206318
2023-07-18,0.12647446599444234,0.18289068950168497,0.13682142242056644,0.08102854920634997,0.1329728103822167,0.10088543371215339,0.08409228345440727,0.23354597678292643,0.14275792280335814,0.18174030146416117
2023-07-19,0.1651530177336686,0.12394530093763126,0.10612450383593319,0.11311243107263158,0.12084854025481111,0.13805834469699116,0.08849174242243754,0.22285845411946736,0.19057089539547548,0.2423742468899118
2023-07-20,0.1702648286905511,0.16644242284730973,0.09088300255728879,0.12032266172037873,0.09781791572542962,0.19506657503608935,0.04997060324051984,0.24063595817731054,0.2116232358192059,0.2907249098798015
2023-07-21,0.14567883014735575,0.1607036152315398,0.1160207239270814,0.1686551078135858,0.07680194381695309,0.11491624241698307,0.07996126535552622,0.21016445870312764,0.1799811746953214,0.29026121569019064
2023-07-24,0.13100299859497422,0.1257157434876932,0.08834803334269196,0.15992607187572389,0.06704695244362528,0.10176671164203602,0.03596841434638114,0.21505060954762115,0.14926466191809307,0.18815319301681716
2023-07-25,0.13060269825068846,0.114627884547351,0.13077335556179465,0.16735204791714925,0.09899319051797242,0.16409544665024622,0.05824418099282551,0.27539840611478306,0.15676094632923374,0.18501435090010032
2023-07-26,0.1235156877226812,0.123303589698234,0.1455862370411964,0.151237883796618,0.0968342381230927,0.1427323072445481,0.09353086572447383,0.25076560407652204,0.12618832929885426,0.18046414476084344
2023-07-27,0.16751512514845415,0.158178311260811,0.13599982469413094,0.14634958919774535,0.06022949208206182,0.0990317464963654,0.08757531135288564,0.274982299915453,0.13964336366621363,0.34328822367542866
2023-07-28,0.17264857549579482,0.1854752390475451,0.15734222244458906,0.17571353565563977,0.14754484041133384,0.16676366433091028,0.0770689284892004,0.20009409606228762,0.15623349532860584,0.17383654701023848
2023-07-31,0.2600913827759794,0.20129420698407768,0.18304552012229297,0.16775078580098385,0.10091072378628871,0.09101297860155923,0.10556333527853512,0.2899860640415251,0.20649647987893452,0.20777167358572285
2023-08-01,0.25428352917388525,0.18295600999401268,0.22370104595814627,0.13269755881224207,0.14682285289456282,0.0935896668937931,0.10556333527853512,0.286952933956243,0.21002962238842543,0.24851538003528154
2023-08-02,0.2835796834786757,0.17684078444045287,0.22476380841654198,0.12036615031927249,0.23829429173790911,0.11927157280099028,0.1642768215163029,0.2647993714171297,0.22225510773607451,0.21593529186515845
2023-08-03,0.25920367787467274,0.15283078089680985,0.17669087227769464,0.09780314783189595,0.1834477224900027,0.11210519205442582,0.13524676989975748,0.2804882915555446,0.1550660544489837,0.1739593336814256
2023-08-04,0.18734261064660718,0.13272463170898435,0.1390799148517964,0.1046220985545973,0.2185534282943289,0.1773218444734859,0.07393742993317165,0.19520136986327458,0.13571570296598912,0.15239733356539484
2023-08-07,0.19349340709773816,0.13281586558376737,0.14134561641548749,0.09431251014750933,0.18498961886288595,0.1847999756765254,0.07393742993317165,0.12140591324218306,0.1538375241995483,0.07487411126581878
2023-08-08,0.21076760473182543,0.11509224372251156,0.1347292788570676,0.03233800676500622,0.18266619035303505,0.15908998378435027,0.31690920530705685,0.21794668515226012,0.12691358756160365,0.15354774084387918
2023-08-09,0.19186202875908087,0.14277657518008707,0.225812441722274,-0.04107477326777363,0.2681142427819573,0.16701153654559625,0.019195892598058144,0.24539813671907287,0.14162905837440243,-0.0542320506642297
2023-08-10,0.15678713901929792,0.1305421729270756,0.1295684236676609,-0.004714610749944316,0.2695348843823903,0.1339251837129756,0.12170999548725255,0.12776495033958116,0.14634959447182383,0.20089109389130028
2023-08-11,0.14064767601286526,0.14270188512598692,0.1706956222469366,0.04986581505559269,0.2827598934548218,0.1748734262387139,0.11673832343289885,0.26100663355972076,0.11372471004003941,0.15853321405823598
2023-08-14,0.17445859908683328,0.1570957125911138,0.13738691993139426,0.1257665140369157,0.2184422846669744,0.14820192088848955,0.18537872429526525,0.3124772043178881,0.12825153508842133,0.22347752201321772
2023-08-15,0.1465897605023333,0.14214904648931395,0.17588479847278132,0.08665996868704665,0.25307717486880965,0.1272478937724765,0.21927873563429487,0.30929857240431274,0.15117902483528234,0.3526436574492742
2023-08-16,0.1686973403348889,0.12422451584136081,0.13050042120407646,0.015027628697347334,0.17127249870185593,0.17040389048254057,0.12195566465316703,0.3127162574635978,0.17485792131875963,0.2182456833904546
2023-08-17,0.17985352674774244,0.17594182662066446,0.12665325998166777,0.00042445087759663267,0.11173916443557737,0.20723384365502706,0.12195566465316703,0.3115630036637461,0.169537738791631,0.13779030166034573
2023-08-18,0.16940235116516164,0.14616096522185712,0.1616411428540043,0.01657380058506442,0.06433788861841665,0.21280209040720743,0.122807109768778,0.2816726269540064,0.17959350541610022,0.25814866085649024
2023-08-21,0.14497971855101996,0.11529225459234918,0.1607874285693362,0.0871157559455985,0.1521842858744627,0.10386410332694633,0.14487648834567604,0.2812651263911103,0.19644868575813437,0.2475902451845583
2023-08-22,0.14736808694094689,0.13741150306156613,0.19178931591540663,0.0866766944399228,0.10068270350203194,0.15361525005752427,0.09470699839971203,0.28403622464949213,0.17902344965661654,0.1277725987991939
2023-08-23,0.16555949969687667,0.12898560521564725,0.14230061124260063,0.09973946295994854,0.08050036834089493,0.18629711748136094,0.05258664201690945,0.36720786079055884,0.1626215297417231,0.10995442131259602
2023-08-24,0.19111718327924065,0.1552035780802728,0.14762207649088324,0.1327944038780609,0.12950421204695725,0.1802455783209073,0.1078537316128548,0.37231464953611876,0.19841742819722374,0.16422833129388142
2023-08-25,0.17556145551949376,0.14638852680098993,0.11993994055995916,0.10656404702981839,0.13852725247574926,0.18051580221393818,0.0885119066961683,0.2399465173240646,0.19600437786570535,0.148012669604701
2023-08-28,0.09725635327972382,0.14327429564510438,0.12899605183912144,0.09746669801987892,0.14517550165049953,0.13403011814262547,0.20381189672940125,0.2746120535266158,0.16634304150857898,0.2198644504021645
2023-08-29,0.12173928887286141,0.1488642923348315,0.16973962432731815,0.11932504110416173,0.15250772603232354,0.08761141648104856,0.19553915397027344,0.3015315012254475,0.19778323549529592,0.191490944913704
2023-08-30,0.15392549813746317,0.1637173043088112,0.10950050712730301,0.07190669406944113,0.14162938526949118,0.11167943638419112,0.1490331966034044,0.34548675658299216,0.2169091887428957,0.23220021327580265
2023-08-31,0.15784699875830877,0.16947769296165058,0.13968663917120272,0.02059301826851631,0.14591755416251415,0.06873053286424935,0.22291893111526231,0.27166729160905434,0.19212872464590186,0.26056179188870715
2023-09-01,0.1406917733645087,0.23291109689506864,0.15140384860523595,0.05205756773456642,0.15588323055278722,0.1159792132622873,0.18745123503307604,0.33258141856857804,0.1774948428856277,0.25953317388151353
2023-09-05,0.10248963253325316,0.2500162868189347,0.14498870888797014,0.06201403702031019,0.13915360314446928,0.17812850328596933,0.3160199151786687,0.26584027847374797,0.21865584763803753,0.26116618503001665
2023-09-06,0.22984294690080498,0.22053714640557825,0.12124185461216694,0.0646360477650911,0.1319514735248843,0.18574622441286842,0.2292808012600332,0.24858350915374938,0.2541670635047234,0.3701093810801879
2023-09-07,0.21948640904498112,0.17713059760371885,0.15943425228112718,0.17954030168466392,0.18669209346103394,0.17432664960857894,0.20436758079069484,0.4015866927326875,0.22341230900314896,0.3062438024848458
2023-09-08,0.17086600895506387,0.17071444638167915,0.16756735219608968,0.1933606602499117,0.07001472897402265,0.2279941552946082,0.207391001106063,0.19964146688385023,0.19607180785395112,0.33519253498989715
2023-09-11,0.21906967030863705,0.20353079206577754,0.1469349695065561,0.1630016306427983,0.12814515264934842,0.19524090582196885,0.20142468496994798,0.18029380688326788,0.15739406200882422,0.3118911344377092
2023-09-12,0.21617044842447286,0.17979117619199983,0.1525710907821485,0.16537481928893105,0.15645243509956563,0.17326990485202434,0.18498753757352696,0.23464862942036202,0.19772617073880205,0.20931853406958392
2023-09-13,0.22941142811986515,0.18718641040644696,0.09820539385476568,0.16936351444658895,0.12823384562193266,0.17166076990134954,0.13644330055968384,0.13828663983807762,0.18289364715920137,0.17571205966089018
2023-09-14,0.18572583185393507,0.1974976142444764,0.10901100331058453,0.1551028985199482,0.0878243480621068,0.1276090846961378,0.09288605368226366,0.1826472542108219,0.2493478282648644,0.16776105522532236
2023-09-15,0.18649250940472525,0.12882902570256843,0.12421111331816748,0.20754774209088228,0.1575971385799782,0.12980188979742519,0.07941035809274527,0.16190650280721458,0.2552468885963293,0.2287407034835482
2023-09-18,0.1562067370217486,0.1902490726906012,0.0748334354857629,0.13392628048747623,0.1168221276905161,0.15986098208717237,0.010306914562889336,0.1998952008855939,0.19954101040830557,0.3239324803874976
2023-09-19,0.17593926103503985,0.18870652465087698,0.09962167793442672,0.1647785573620212,0.11934141389140338,0.18123949731737415,0.07942437080409379,0.1850386385489201,0.19568055836445628,0.3608598351365642
2023-09-20,0.15907735343367335,0.15621357198947355,0.08318096477679729,0.11713476308865647,0.1133009425942689,0.1742495458306304,0.08363055121579153,0.27433287869563494,0.15942551113185974,0.258062134596916
2023-09-21,0.22832262497114408,0.08298949243742682,0.058094088469247074,0.12213405379865812,0.042867295062845936,0.1290191416648647,0.05650567098280368,0.35421736566509043,0.11399199948473189,0.26705290926186165
2023-09-22,0.1699057145003429,0.09708664575193535,0.13328655668533634,0.10772981364354986,0.10006264115300838,0.19122702698292568,0.11731078395430644,0.3018773253417332,0.13152249965648793,0.2468036355076994
2023-09-25,0.1789021368492315,0.1786886156864754,0.15101532684316502,0.1158612090956999,0.015732458687639977,0.2272374624330616,0.08493661122788278,0.2802952470022141,0.10781343892443111,0.2651445338741596
2023-09-26,0.08583504498106155,0.15341045014018997,0.18208517532278098,0.062080361619355484,0.06415150023620442,0.2199034471775966,0.0295038897888799,0.2595162435818833,0.12000738826138305,0.2720033190242245
2023-09-27,0.13691200562326153,0.17244296676012666,0.18044012352365413,0.07583227282560207,0.19817192632069042,0.2671689647850644,0.08124191089356764,0.2249278654416725,0.08189968741235062,0.22653873544537376
2023-09-28,0.14339550799802903,0.13037197784008442,0.16282941568243608,0.025068816804369638,0.02310933638180518,0.26337875430115404,0.07561135886377027,0.23671700352706354,0.08742463605267818,0.18868438145385602
2023-09-29,0.21883994768819187,0.15089884368878856,0.17206886971421667,0.04490063977434166,0.12537383996678447,0.2341354393753725,0.1210874096946465,0.32345512879811206,0.09309488557358032,0.14189255114724317
2023-10-02,0.2231188890135682,0.1791564556482256,0.18738835758725553,0.09955098207178333,0.15180228220007855,0.23585338105097634,0.10226176987613707,0.3824311969765192,0.09147715315294964,0.2512280184410836
2023-10-03,0.2675039425208293,0.19054279727197723,0.22239620664547194,0.14439821027007776,0.14720596591116347,0.24995158340777388,0.13529014533219866,0.3618191178761373,0.13885372803159238,0.26152423451627793
2023-10-04,0.21028860200741492,0.28616542040354037,0.26743813776364794,0.1835021692495365,0.1905584278514279,0.20481211041623518,0.17539015902018337,0.3205783584371412,0.18412455088146043,0.2820294896775187
2023-10-05,0.23662119366766435,0.2229732247134714,0.26426595042829054,0.1538787099270951,0.20033749591211036,0.18951375859831227,0.1297285864693734,0.2893707815493099,0.17773744417738385,0.25577077089612354
2023-10-06,0.21755703892693162,0.2546304275867587,0.25049514643937326,0.14905615041592046,0.1340683976038321,0.18497429354016237,0.14175475648339275,0.29034891392068185,0.2112295496795095,0.24362995837519347
2023-10-09,0.21463941675764323,0.23125255778511183,0.19772141886450673,0.16322243361061364,0.18998816374784158,0.10776111493258321,0.1735147847325938,0.21492057846458507,0.18248222725886712,0.23139267854379952
2023-10-10,0.23275184733708415,0.20314050280912216,0.11106263390329499,0.1966955967660501,0.2621031991809081,0.09227278726697494,0.13118747880026477,0.34133644840647354,0.17526692201805033,0.18079566407244232
2023-10-11,0.24472711288698015,0.19812116060290685,0.1321888670466411,0.13676562687882213,0.19100479945393872,0.10322397458009969,0.1002251258872441,0.24067544943793734,0.16232175020983577,0.21739228578264935
2023-10-12,0.27032457115256786,0.16128816262416013,0.11291449464819724,0.10253156400968085,0.16194867582643535,0.13157953860895535,0.19224981813923658,0.19277892450722778,0.1718974900388804,0.1867828930650828
2023-10-13,0.19475416974563015,0.1613469655589639,0.1813448288599087,0.0878320999121778,0.17753377749516447,0.12517401946934037,0.19762124704336964,0.26863578176085107,0.17408080826523703,0.18729837405414532
2023-10-16,0.20833298890924437,0.19199615164248388,0.11748893559905099,0.06499578556236689,0.18421487944122078,0.10219813229717437,0.2572346355120248,0.36557282325040574,0.15968376988534913,0.29384863408441986
2023-10-17,0.18031921482838514,0.20364150850239668,0.13689801804843146,0.09817020148602237,0.1888307293361748,0.1487884775759253,0.23927216550071453,0.2762531820409903,0.17447548151086767,0.2123138078347997
2023-10-18,0.12683181128834675,0.17328989455715332,0.1695926230469719,0.1181798256820396,0.180594930668561,0.05362284066696956,0.24635482555350596,0.2270125380273269,0.13493880294738958,0.21166476077875537
2023-10-19,0.12064528159963857,0.17755962667446584,0.10299846521520191,0.09129801882503241,0.14815949923358612,0.10339536929817535,0.13565039431598236,0.22110240630393221,0.10739562215971869,0.2751521153519086
2023-10-20,0.19364374396255063,0.1847747193702788,0.1414575374161952,0.12963979032779938,0.1748514756795336,0.11445254778608513,0.14143192954398823,0.17117606848833575,0.14754317118340218,0.1971140608088168
2023-10-23,0.15954721852155165,0.1807263320339553,0.12885680848943187,0.11744697132964406,0.16050860283397478,0.09715403185739008,0.06250868288005115,0.20222850230150008,0.13980983553933737,0.2103511621020695
2023-10-24,0.10487796448840633,0.19222745129420804,0.10238826845937583,0.13149319864299175,0.13281240188931653,0.12374909816133699,0.08977674870575629,0.2641410689733137,0.14334533789042245,0.10520161240796971
2023-10-25,0.1365395448535742,0.1765439119739165,0.14501879802053627,0.16759260086349292,0.14260093459287768,0.18642460167277536,0.1524843433956534,0.27474189885078176,0.15660850364856002,0.22621050878875418
2023-10-26,0.1859259699896017,0.12583034607784907,0.19574015928290825,0.17863173473804045,0.1295966548079502,0.17601917889296134,0.14080976605864448,0.2853445962792022,0.16524239911853317,0.14054219105197466
2023-10-27,0.20057174590353508,0.1543086751630105,0.17527446619107526,0.161516537641848,0.1612168809830779,0.1816719605318155,0.13301347855668735,0.27896639196965795,0.1630973865272014,0.23436541866010047
2023-10-30,0.14764338592143167,0.2179159739181975,0.1597104179439832,0.1602363265502402,0.1814853448978095,0.10770086257676588,0.07616340750707506,0.2686480716200484,0.1798595723088742,0.2688409738008776
2023-10-31,0.17997912498379318,0.20307952392267298,0.1685994414499895,0.17295243318528858,0.17853622993187304,0.13791710693876497,0.18332053137018156,0.26643194193684305,0.15361069744556538,0.2269121525079374
2023-11-01,0.16566474998919548,0.2012991270595598,0.18364960452955734,0.1844675119480898,0.17365329948674574,0.143697936277763,0.1138524361968214,0.3080739399473286,0.15819911392006697,0.20763638359267228
2023-11-02,0.15478538888168586,0.21982489423018273,0.1669089956122975,0.14428286012338057,0.1494993810045919,0.141065290851842,0.19185653367409009,0.2216616906157648,0.15126297725796048,0.18483301633242746
2023-11-03,0.13889581481001279,0.2096369665238255,0.14535003629055127,0.15957766950981317,0.19118440049479737,0.1797203050123391,0.16877113024247564,0.23867279577828915,0.18927614780160323,0.21445210612638022
2023-11-06,0.17108971428686434,0.17779397768255034,0.17925806682271123,0.1967067796732088,0.19328973404767832,0.08292868848760762,0.20953653650747153,0.22939164519328847,0.2056682096455133,0.15160866058472328
2023-11-07,0.14513993368263567,0.1470192285079436,0.16606104764415247,0.15418489015250955,0.18457945959235358,0.13503891008848232,0.2671858601561754,0.21885931793622512,0.2219059536164894,0.231128727281196
2023-11-08,0.17185442812966328,0.1887807819682587,0.1988503280590646,0.15142029747293115,0.1569400100986061,0.1317488019408465,0.16922948335814103,0.28034948100406387,0.2752655178992084,0.22222087920568573
2023-11-09,0.1754259971760691,0.1525561623378135,0.1507632346038869,0.08213859611384393,0.1230708400657374,0.12865692620809582,0.06856725949496524,0.18082785028858095,0.19828926590105958,0.21038359833074471
2023-11-10,0.2303753473237286,0.1704270088100043,0.15597054301369345,0.1291846364691563,0.14449357014483505,0.19510530998839332,0.12474430150868068,0.2760635809880686,0.22710236774356352,0.22956856576933551
2023-11-13,0.23705039153454296,0.16128931395414428,0.1766695683583353,0.1278258687572153,0.1543489155118625,0.17844501501945492,0.11487276435559059,0.11398133731900094,0.24670489492082978,0.25836647943044627
2023-11-14,0.155143742814395,0.1712476223462411,0.19038674254192048,0.0387700770069747,0.1418352248489489,0.1250514752477488,0.17463912102800055,0.20541514558227375,0.23591662130524454,0.2445579314966826
2023-11-15,0.12838126878036862,0.18757115563823484,0.2730482653434488,0.06369095609988791,0.15391442541267963,0.13743602519383183,0.1396601023519446,0.21539357840367362,0.2677262774915493,0.27986195382093915
2023-11-16,0.13602282422130565,0.17971179606651552,0.21603634356229917,0.13969246425118154,0.13247896978925136,0.1297320373291778,0.2843439538891023,0.28658657476141636,0.21127043800061918,0.24087975999910788
2023-11-17,0.14304468830047834,0.12599881642529606,0.10492631237486612,0.06551325566080007,0.10716709097061201,0.1467049287304585,0.1332105467848781,0.27454040950719705,0.18037513327025406,0.27171567826024734
2023-11-20,0.053778446886761866,0.12084921095019738,0.14650870620926548,0.09138083710720005,0.12007459898341,0.173186619153639,0.19063203118991873,0.1951769396714647,0.1798183555135027,0.2747612126971196
2023-11-21,0.11970141769831932,0.12988240614573043,0.126689412089222,0.061325224738133365,0.1330509453626098,0.18814771369425048,0.21117976042905692,0.23995589427590602,0.20902855300584972,0.2992180421039386
2023-11-22,0.11056578438620356,0.0822288564518959,0.13210343367986913,0.07963783529149432,0.12855366805146876,0.162317133561737,0.2090744000607098,0.30151607490779014,0.2065791571695918,0.2236407037584482
2023-11-24,0.10992422671132733,0.13034732065947632,0.1358448295491494,0.015710356710653395,0.12308031876134821,0.19021285094591991,0.2667601974890055,0.20208104813605474,0.19289149693659063,0.2645499948916185
2023-11-27,0.11726043890972937,0.07125228784705828,0.17705496340525476,0.04733398389498511,0.11075154584089882,0.19375732663694298,0.11590579848531951,0.286390177097922,0.17812625609465188,0.21833509347004085
2023-11-28,0.14679675929974415,0.1050786601520071,0.14729821076856342,0.05904793469436548,0.162588808338377,0.15343100746682242,0.10917053232354634,0.17652332461940026,0.19663822301734962,0.1843416588352096
2023-11-29,0.1304985875279048,0.12579827343467143,0.11609725003188329,0.10138599396492272,0.2010611875329403,0.12704043777041155,0.20847119115972598,0.1909727501529969,0.19875933121791564,0.2199794312292188
2023-11-30,0.08922588373208461,0.12498361086120953,0.11002687039162588,0.11124971657320715,0.15795566666124503,0.12584461046132742,0.1564256144903392,0.1937942580541007,0.2204058636690866,0.15461290100041233
2023-12-01,0.15590285940746995,0.10950148131488043,0.1585720985038743,0.15250683325040387,0.1483832222186078,0.14694585141866273,0.15849543373321534,0.1740045053694005,0.19515344879526408,0.25371328016917355
2023-12-04,0.16087334692184832,0.14003651149045362,0.15929410670550564,0.09538996662512911,0.11025548147907185,0.12008473427910848,0.11631339951724791,0.18261823763877755,0.16637926651710416,0.2698982075213788
2023-12-05,0.15485704176340678,0.15555846398851214,0.09663219931894965,0.1187038897871231,0.11275998765271458,0.1311604577733739,0.06551178977621433,0.26141346893474643,0.19470748673502555,0.3964967344639779
2023-12-06,0.14454787826962162,0.15912008710345252,0.059014164975591844,0.14039564874697097,0.18658890848609522,0.06943030518224927,0.0029172619046739325,0.2341517367739512,0.18483383102596476,0.31410346904039255
2023-12-07,0.14939183670587863,0.1609722802911906,0.14942539023827175,0.0921283491646473,0.13165063602339117,0.09510606286742428,0.1296008940494073,0.24937820632004623,0.1980035910543469,0.2876554438235958
2023-12-08,0.14477844669280798,0.20813263130523815,0.09848359349218115,0.09211640476795158,0.20622285795071982,0.04834236446796416,0.0776803821298458,0.22961963921652406,0.1895010003854376,0.25439635951188777
2023-12-11,0.11966563112853865,0.14413842087015877,0.10943525280431125,0.1478803096899431,0.14179080359735302,0.04588621260711484,0.17703241275900475,0.1349626039010588,0.20415805848904892,0.2285967966093857
2023-12-12,0.1284861350380734,0.1697046206474459,0.12704256823454838,0.1345965397932954,0.17810720239823535,0.058896983108808976,0.1307348833125407,0.19484811346835523,0.18361501858453597,0.21563376057875566
2023-12-13,0.20187281708562466,0.1046909217014719,0.12086642770853853,0.17250720834704542,0.1473870238210458,0.15315632207253932,0.12384960356992498,0.15526207564557018,0.17298761556429385,0.21331917371917042
2023-12-14,0.16929689649229865,0.11041111446764791,0.1647200949668522,0.17393387963877102,0.1396994047695861,0.1803202782070897,0.1890242653358106,0.20940982820815793,0.17590293651998673,0.2539196535480271
2023-12-15,0.2372752729366213,0.10667685408954304,0.15997155765058044,0.14226075481533154,0.19276137746617364,0.19866322777486026,0.12058284355720705,0.16802675830875902,0.17526687434665783,0.20844540397354672
2023-12-18,0.20574161276071046,0.1347601111953479,0.1674749983650971,0.1445818832127516,-0.0006870766296052902,0.1999547904065275,0.020049198133225477,0.22200049002125333,0.16852988256107154,0.23560432037143317
2023-12-19,0.23707671082330523,0.14886705825945443,0.17349818321388039,0.1765991579174594,0.15044668835068523,0.20738991706856663,0.013305295860369246,0.17108622179223554,0.17151119721758512,0.22795177291158564
2023-12-20,0.23707671082330523,0.14886705825945443,0.17349818321388039,0.1765991579174594,0.15044668835068523,0.20738991706856663,0.013305295860369246,0.17108622179223554,0.2015029989446341,0.22795177291158564
2023-12-21,0.23707671082330523,0.14886705825945443,0.17349818321388039,0.1765991579174594,0.15044668835068523,0.20738991706856663,0.013305295860369246,0.17108622179223554,0.15268866596308941,0.22795177291158564
2023-12-22,0.23707671082330523,0.14886705825945443,0.17349818321388039,0.1765991579174594,0.15044668835068523,0.20738991706856663,0.013305295860369246,0.17108622179223554,0.17617994397539294,0.22795177291158564
2023-12-26,0.23707671082330523,0.14886705825945443,0.17349818321388039,0.1765991579174594,0.15044668835068523,0.20738991706856663,0.013305295860369246,0.17108622179223554,0.1932132959835953,0.22795177291158564
2023-12-27,0.23707671082330523,0.14886705825945443,0.17349818321388039,0.1765991579174594,0.15044668835068523,0.20738991706856663,0.013305295860369246,0.17108622179223554,0.23463886398906353,0.22795177291158564
2023-12-28,0.23707671082330523,0.14886705825945443,0.17349818321388039,0.1765991579174594,0.15044668835068523,0.20738991706856663,0.013305295860369246,0.17108622179223554,0.23313424265937568,0.22795177291158564
2023-12-29,0.23707671082330523,0.14886705825945443,0.17349818321388039,0.1765991579174594,0.15044668835068523,0.20738991706856663,0.013305295860369246,0.17108622179223554,0.19236616177291713,0.22795177291158564
